sentence_idx,sentence,word_position,word,token_id,surprisal_gpt2,surprisal_sedd,surprisal_gpt2_z,surprisal_sedd_z
0,"There are now rumblings that Apple might soon invade the smart watch space, though the company is maintaining its customary silence.",1, are,389,3.446190595626831,6.35415644056463,-0.1460436952335835,-1.196684024525879
0,"There are now rumblings that Apple might soon invade the smart watch space, though the company is maintaining its customary silence.",2, now,783,5.010078430175781,8.464780909681153,0.39615844529654465,-0.4341570183791705
0,"There are now rumblings that Apple might soon invade the smart watch space, though the company is maintaining its customary silence.",3, r,374,8.99603271484375,10.374040649117646,1.7780944751432957,0.2556208811816909
0,"There are now rumblings that Apple might soon invade the smart watch space, though the company is maintaining its customary silence.",4,umb,2178,2.134047746658325,14.182374381965268,-0.600965490566314,1.6314967710937274
0,"There are now rumblings that Apple might soon invade the smart watch space, though the company is maintaining its customary silence.",5,lings,17783,0.004576209932565689,12.141293708157878,-1.3392563065081708,0.8940945670182042
0,"There are now rumblings that Apple might soon invade the smart watch space, though the company is maintaining its customary silence.",6, that,326,0.6248442530632019,7.2455406332244285,-1.1242084921712416,-0.8746444908707557
0,"There are now rumblings that Apple might soon invade the smart watch space, though the company is maintaining its customary silence.",7, Apple,4196,4.9135637283325195,9.309066719598365,0.36269666064935063,-0.12913320178435872
0,"There are now rumblings that Apple might soon invade the smart watch space, though the company is maintaining its customary silence.",8, might,1244,2.729189157485962,9.171595728969763,-0.39462911545029866,-0.17879876022447683
0,"There are now rumblings that Apple might soon invade the smart watch space, though the company is maintaining its customary silence.",9, soon,2582,3.4002957344055176,13.255388360974365,-0.16195550901190753,1.296594998813071
0,"There are now rumblings that Apple might soon invade the smart watch space, though the company is maintaining its customary silence.",10, invade,30419,10.48263931274414,12.68428861485726,2.2935031008138687,1.0902679207421406
0,"There are now rumblings that Apple might soon invade the smart watch space, though the company is maintaining its customary silence.",11, the,262,0.9253787994384766,8.769193410392145,-1.020012736728894,-0.32417878388161037
0,"There are now rumblings that Apple might soon invade the smart watch space, though the company is maintaining its customary silence.",12, smart,4451,6.655652046203613,10.760601602586657,0.9666811626546779,0.3952777319644955
0,"There are now rumblings that Apple might soon invade the smart watch space, though the company is maintaining its customary silence.",13, watch,2342,4.137768268585205,8.928469678068215,0.09372726936952946,-0.26663540877230274
0,"There are now rumblings that Apple might soon invade the smart watch space, though the company is maintaining its customary silence.",14, space,2272,3.602771282196045,6.475234372117866,-0.09175694809740485,-1.1529409551126966
0,"There are now rumblings that Apple might soon invade the smart watch space, though the company is maintaining its customary silence.",15,",",11,1.7397199869155884,5.97236107654237,-0.7376794867236066,-1.3346191618032597
0,"There are now rumblings that Apple might soon invade the smart watch space, though the company is maintaining its customary silence.",16, though,996,3.979050874710083,7.731717121715765,0.03869972276592359,-0.6989985113737978
0,"There are now rumblings that Apple might soon invade the smart watch space, though the company is maintaining its customary silence.",17, the,262,2.3598642349243164,7.513804619819108,-0.5226745923318314,-0.7777260017940858
0,"There are now rumblings that Apple might soon invade the smart watch space, though the company is maintaining its customary silence.",18, company,1664,1.9256809949874878,10.777599178955228,-0.6732065402601508,0.40141862117038135
0,"There are now rumblings that Apple might soon invade the smart watch space, though the company is maintaining its customary silence.",19, is,318,2.3392229080200195,7.479436976314901,-0.5298309697801666,-0.7901423537757106
0,"There are now rumblings that Apple might soon invade the smart watch space, though the company is maintaining its customary silence.",20, maintaining,10941,7.558706760406494,15.241455831876742,1.279771518778488,2.0141220173577166
0,"There are now rumblings that Apple might soon invade the smart watch space, though the company is maintaining its customary silence.",21, its,663,2.5114142894744873,8.010741131424432,-0.4701319724845074,-0.5981926380981699
0,"There are now rumblings that Apple might soon invade the smart watch space, though the company is maintaining its customary silence.",22, customary,33093,9.711259841918945,14.802950869690378,2.02606473918543,1.8556988203896614
0,"There are now rumblings that Apple might soon invade the smart watch space, though the company is maintaining its customary silence.",23, silence,9550,2.5961642265319824,9.426192076835777,-0.44074904855146163,-0.08681811953976955
0,"There are now rumblings that Apple might soon invade the smart watch space, though the company is maintaining its customary silence.",24,.,13,1.034165620803833,6.923689665157398,-0.9822961907575669,-0.9909228997950594
1,"A bill was drafted and introduced into Parliament several times but met with great opposition, mostly from farmers.",1, bill,2855,8.806573867797852,14.302175581777888,1.7840356488052633,1.4954925626286022
1,"A bill was drafted and introduced into Parliament several times but met with great opposition, mostly from farmers.",2, was,373,3.4611809253692627,8.610670183152276,-0.24331919473742283,-0.13404486772690855
1,"A bill was drafted and introduced into Parliament several times but met with great opposition, mostly from farmers.",3, drafted,15937,4.813797473907471,11.701058400307996,0.2696896225131644,0.750765550866554
1,"A bill was drafted and introduced into Parliament several times but met with great opposition, mostly from farmers.",4, and,290,3.0650839805603027,4.3474742531672215,-0.39354745077393083,-1.354642381791903
1,"A bill was drafted and introduced into Parliament several times but met with great opposition, mostly from farmers.",5, introduced,5495,2.735320568084717,10.945172879114628,-0.5186172929176219,0.534347632657108
1,"A bill was drafted and introduced into Parliament several times but met with great opposition, mostly from farmers.",6, into,656,3.1347126960754395,4.628886712605407,-0.36713926803233926,-1.274071055946607
1,"A bill was drafted and introduced into Parliament several times but met with great opposition, mostly from farmers.",7, Parliament,8411,5.164855003356934,12.641929341018118,0.4028357149252483,1.020146726432368
1,"A bill was drafted and introduced into Parliament several times but met with great opposition, mostly from farmers.",8, several,1811,8.636577606201172,9.6808934685577,1.7195609229910753,0.17237123491393613
1,"A bill was drafted and introduced into Parliament several times but met with great opposition, mostly from farmers.",9, times,1661,3.428382396697998,8.228154008029657,-0.25575873972109836,-0.24356324316923922
1,"A bill was drafted and introduced into Parliament several times but met with great opposition, mostly from farmers.",10, but,475,3.8717947006225586,6.67755659561849,-0.08758511960937371,-0.6875154747785706
1,"A bill was drafted and introduced into Parliament several times but met with great opposition, mostly from farmers.",11, met,1138,9.068352699279785,11.737692533487776,1.8833208814640843,0.7612542857554808
1,"A bill was drafted and introduced into Parliament several times but met with great opposition, mostly from farmers.",12, with,351,0.6357490420341492,2.087284719140862,-1.314924795199956,-2.0017582478829943
1,"A bill was drafted and introduced into Parliament several times but met with great opposition, mostly from farmers.",13, great,1049,5.595086574554443,12.222734040098052,0.5660102596418743,0.9001267342448277
1,"A bill was drafted and introduced into Parliament several times but met with great opposition, mostly from farmers.",14, opposition,5471,0.4890080690383911,12.146895963706548,-1.370579454371552,0.8784135010190526
1,"A bill was drafted and introduced into Parliament several times but met with great opposition, mostly from farmers.",15,",",11,2.7548577785491943,4.836526077383652,-0.5112073870994585,-1.2146217374933386
1,"A bill was drafted and introduced into Parliament several times but met with great opposition, mostly from farmers.",16, mostly,4632,4.042024612426758,11.791345246980097,-0.023021776946057785,0.7766156179079531
1,"A bill was drafted and introduced into Parliament several times but met with great opposition, mostly from farmers.",17, from,422,0.7637627720832825,8.626501648368958,-1.2663728443049929,-0.12951215391200405
1,"A bill was drafted and introduced into Parliament several times but met with great opposition, mostly from farmers.",18, farmers,9818,6.0684590339660645,11.708278648281484,0.7455469108710809,0.7528327832603048
1,"A bill was drafted and introduced into Parliament several times but met with great opposition, mostly from farmers.",19,.,13,1.4161878824234009,5.576926142794143,-1.018926637497984,-1.0026374669846234
2,"The human body can tolerate only a small range of temperature, especially when the person is engaged in vigorous activity.",1, human,1692,7.591067790985107,9.309066719598365,2.1904484309128143,0.5212313453604268
2,"The human body can tolerate only a small range of temperature, especially when the person is engaged in vigorous activity.",2, body,1767,1.604413628578186,8.564626244650869,-0.6657646955439788,0.21968130689893275
2,"The human body can tolerate only a small range of temperature, especially when the person is engaged in vigorous activity.",3, can,460,3.7924258708953857,7.389052914846632,0.37812879117147513,-0.25650744793976193
2,"The human body can tolerate only a small range of temperature, especially when the person is engaged in vigorous activity.",4, tolerate,21923,5.248013496398926,11.431525646361893,1.072584887997316,1.3809744578552487
2,"The human body can tolerate only a small range of temperature, especially when the person is engaged in vigorous activity.",5, only,691,4.326462745666504,6.230542484597453,0.6329160379964992,-0.7257845447073995
2,"The human body can tolerate only a small range of temperature, especially when the person is engaged in vigorous activity.",6, a,257,1.7891322374343872,5.966390909555866,-0.5776360512289377,-0.8327842583098507
2,"The human body can tolerate only a small range of temperature, especially when the person is engaged in vigorous activity.",7, small,1402,1.8860067129135132,8.29459910743781,-0.5314175557261255,0.11030158299557014
2,"The human body can tolerate only a small range of temperature, especially when the person is engaged in vigorous activity.",8, range,2837,4.673717021942139,6.31967026449346,0.7985899177981608,-0.6896816105439605
2,"The human body can tolerate only a small range of temperature, especially when the person is engaged in vigorous activity.",9, of,286,0.0716390386223793,5.413601086690843,-1.3970464407335264,-1.0567024867724109
2,"The human body can tolerate only a small range of temperature, especially when the person is engaged in vigorous activity.",10, temperature,5951,2.129687786102295,9.324982174904266,-0.4151581124662447,0.527678208905783
2,"The human body can tolerate only a small range of temperature, especially when the person is engaged in vigorous activity.",11,",",11,2.859860897064209,6.695905734286686,-0.0667949086568019,-0.5372801436641172
2,"The human body can tolerate only a small range of temperature, especially when the person is engaged in vigorous activity.",12, especially,2592,5.46424674987793,11.57928652809038,1.1757490662191765,1.4408278659755853
2,"The human body can tolerate only a small range of temperature, especially when the person is engaged in vigorous activity.",13, when,618,1.5145478248596191,6.971317714146653,-0.7086393766659236,-0.42571918491132155
2,"The human body can tolerate only a small range of temperature, especially when the person is engaged in vigorous activity.",14, the,262,2.559199571609497,7.486216663300279,-0.21023944396571748,-0.21714938900922506
2,"The human body can tolerate only a small range of temperature, especially when the person is engaged in vigorous activity.",15, person,1048,5.233731269836426,9.991742600291015,1.0657708844026201,0.7977624381843659
2,"The human body can tolerate only a small range of temperature, especially when the person is engaged in vigorous activity.",16, is,318,0.37569284439086914,6.141594998580957,-1.2519833641592235,-0.7618144473416151
2,"The human body can tolerate only a small range of temperature, especially when the person is engaged in vigorous activity.",17, engaged,7953,5.622611045837402,11.037110374440312,1.2513041540212886,1.2212089098762222
2,"The human body can tolerate only a small range of temperature, especially when the person is engaged in vigorous activity.",18, in,287,0.02884569577872753,5.719716860831462,-1.4174630046838086,-0.9327043612375464
2,"The human body can tolerate only a small range of temperature, especially when the person is engaged in vigorous activity.",19, vigorous,31543,3.5550129413604736,13.436859215888006,0.26485985875404816,2.193273675010756
2,"The human body can tolerate only a small range of temperature, especially when the person is engaged in vigorous activity.",20, activity,3842,1.897666096687317,3.3273335799406074,-0.5258549018500668,-1.9017855633553569
2,"The human body can tolerate only a small range of temperature, especially when the person is engaged in vigorous activity.",21,.,13,0.7731577157974243,7.837077637373592,-1.0623541735930455,-0.07502635327032764
3,"Seeing Peter slowly advancing upon him through the air with dagger poised, he sprang upon the bulwarks to cast himself into the sea.",1, Peter,5613,9.797048568725586,8.132843828225331,1.637729021527753,-0.38012967454213914
3,"Seeing Peter slowly advancing upon him through the air with dagger poised, he sprang upon the bulwarks to cast himself into the sea.",2, slowly,6364,7.897994041442871,15.31795186486685,1.0476728117921486,1.5096209106266876
3,"Seeing Peter slowly advancing upon him through the air with dagger poised, he sprang upon the bulwarks to cast himself into the sea.",3, advancing,19988,7.595041275024414,9.014827246600426,0.9535422017893013,-0.1481597900972834
3,"Seeing Peter slowly advancing upon him through the air with dagger poised, he sprang upon the bulwarks to cast himself into the sea.",4, upon,2402,5.694531440734863,6.16310120380192,0.3630338128644642,-0.898190399329239
3,"Seeing Peter slowly advancing upon him through the air with dagger poised, he sprang upon the bulwarks to cast himself into the sea.",5, him,683,1.5491831302642822,13.226036148961837,-0.9249694945550627,0.9594275206184316
3,"Seeing Peter slowly advancing upon him through the air with dagger poised, he sprang upon the bulwarks to cast himself into the sea.",6, through,832,6.548276424407959,8.228154008029657,0.6283013562181244,-0.35506220622582985
3,"Seeing Peter slowly advancing upon him through the air with dagger poised, he sprang upon the bulwarks to cast himself into the sea.",7, the,262,0.2427433431148529,4.253022074273534,-1.3308940733275296,-1.400559067181898
3,"Seeing Peter slowly advancing upon him through the air with dagger poised, he sprang upon the bulwarks to cast himself into the sea.",8, air,1633,2.6574180126190186,8.473871881382406,-0.5806292637799676,-0.29043610838752326
3,"Seeing Peter slowly advancing upon him through the air with dagger poised, he sprang upon the bulwarks to cast himself into the sea.",9, with,351,3.9372806549072266,6.394430339702569,-0.18296248336826984,-0.8373486739570503
3,"Seeing Peter slowly advancing upon him through the air with dagger poised, he sprang upon the bulwarks to cast himself into the sea.",10, dagger,31322,10.568952560424805,15.045022430890105,1.8775677081364701,1.4378379179511271
3,"Seeing Peter slowly advancing upon him through the air with dagger poised, he sprang upon the bulwarks to cast himself into the sea.",11, poised,24357,7.179347991943359,12.113743756389647,0.8243819278195369,0.6668842228666233
3,"Seeing Peter slowly advancing upon him through the air with dagger poised, he sprang upon the bulwarks to cast himself into the sea.",12,",",11,1.3831806182861328,5.635033773601424,-0.9765482205037959,-1.0370770702242302
3,"Seeing Peter slowly advancing upon him through the air with dagger poised, he sprang upon the bulwarks to cast himself into the sea.",13, he,339,1.4383292198181152,9.10935342009254,-0.959412970133317,-0.1232985227705376
3,"Seeing Peter slowly advancing upon him through the air with dagger poised, he sprang upon the bulwarks to cast himself into the sea.",14, sprang,43908,7.801794052124023,19.362311519647175,1.0177824635906645,2.5733253094024016
3,"Seeing Peter slowly advancing upon him through the air with dagger poised, he sprang upon the bulwarks to cast himself into the sea.",15, upon,2402,4.97554874420166,8.64800785358992,0.13963832911872073,-0.24463671974925458
3,"Seeing Peter slowly advancing upon him through the air with dagger poised, he sprang upon the bulwarks to cast himself into the sea.",16, the,262,1.584464192390442,5.601417162802439,-0.9140072975804474,-1.0459185531364996
3,"Seeing Peter slowly advancing upon him through the air with dagger poised, he sprang upon the bulwarks to cast himself into the sea.",17, bul,4807,9.921833038330078,16.071462195153885,1.6765008683130311,1.7078011718460118
3,"Seeing Peter slowly advancing upon him through the air with dagger poised, he sprang upon the bulwarks to cast himself into the sea.",18,w,86,3.9668054580688477,11.167472192303556,-0.17378881657963718,0.41800595508818017
3,"Seeing Peter slowly advancing upon him through the air with dagger poised, he sprang upon the bulwarks to cast himself into the sea.",19,arks,5558,0.0017271614633500576,11.554127968454225,-1.405780335194755,0.5197000389507201
3,"Seeing Peter slowly advancing upon him through the air with dagger poised, he sprang upon the bulwarks to cast himself into the sea.",20, to,284,4.559471130371094,11.476477034224159,0.010358639543936218,0.49927711731170704
3,"Seeing Peter slowly advancing upon him through the air with dagger poised, he sprang upon the bulwarks to cast himself into the sea.",21, cast,3350,6.832981109619141,8.337490672067123,0.7167620955156164,-0.3263056414265917
3,"Seeing Peter slowly advancing upon him through the air with dagger poised, he sprang upon the bulwarks to cast himself into the sea.",22, himself,2241,3.792755603790283,8.317766166719343,-0.22786793639700884,-0.33149337073185003
3,"Seeing Peter slowly advancing upon him through the air with dagger poised, he sprang upon the bulwarks to cast himself into the sea.",23, into,656,2.216641902923584,5.705859826170036,-0.7175830357188048,-1.0184491562660576
3,"Seeing Peter slowly advancing upon him through the air with dagger poised, he sprang upon the bulwarks to cast himself into the sea.",24, the,262,0.3262064456939697,6.002758553726741,-1.3049612097614294,-0.9403620152968569
3,"Seeing Peter slowly advancing upon him through the air with dagger poised, he sprang upon the bulwarks to cast himself into the sea.",25, sea,5417,4.220321178436279,9.558878517994737,-0.09501881660368143,-0.005069219539932296
3,"Seeing Peter slowly advancing upon him through the air with dagger poised, he sprang upon the bulwarks to cast himself into the sea.",26,.,13,0.9895696640014648,6.120541589383125,-1.0988472827260622,-0.9093839757991166
4,"Some months later, Michael Larson saw another opportunity to stack the odds in his favor with a dash of ingenuity.",1, months,1933,8.25610637664795,11.167472192303556,1.140803905873157,0.5771675814431043
4,"Some months later, Michael Larson saw another opportunity to stack the odds in his favor with a dash of ingenuity.",2, later,1568,1.3343620300292969,8.126371313719714,-0.8499289456688489,-0.29577986938640355
4,"Some months later, Michael Larson saw another opportunity to stack the odds in his favor with a dash of ingenuity.",3,",",11,0.30635499954223633,4.420856799101246,-1.145589586213377,-1.3594471328854865
4,"Some months later, Michael Larson saw another opportunity to stack the odds in his favor with a dash of ingenuity.",4, Michael,3899,7.381782531738281,10.212285369905167,0.8893434193559875,0.30298137882462944
4,"Some months later, Michael Larson saw another opportunity to stack the odds in his favor with a dash of ingenuity.",5, Larson,42630,10.342092514038086,16.993323972077494,1.7407453257830634,2.2494772689903537
4,"Some months later, Michael Larson saw another opportunity to stack the odds in his favor with a dash of ingenuity.",6, saw,2497,6.6962056159973145,15.152508345860246,0.692167617985758,1.7210714802610507
4,"Some months later, Michael Larson saw another opportunity to stack the odds in his favor with a dash of ingenuity.",7, another,1194,4.312097549438477,5.719716860831462,0.006484643860383624,-0.9866095897916691
4,"Some months later, Michael Larson saw another opportunity to stack the odds in his favor with a dash of ingenuity.",8, opportunity,3663,5.457394599914551,8.794039408978675,0.3358785580217293,-0.10412586479188478
4,"Some months later, Michael Larson saw another opportunity to stack the odds in his favor with a dash of ingenuity.",9, to,284,0.747386634349823,5.669819889686839,-1.0187463917793553,-1.0009325062301055
4,"Some months later, Michael Larson saw another opportunity to stack the odds in his favor with a dash of ingenuity.",10, stack,8931,9.702533721923828,9.33034411804565,1.5568045972329914,0.04982030382909465
4,"Some months later, Michael Larson saw another opportunity to stack the odds in his favor with a dash of ingenuity.",11, the,262,1.4832602739334106,4.999045006881427,-0.8071049679497591,-1.193478313621448
4,"Some months later, Michael Larson saw another opportunity to stack the odds in his favor with a dash of ingenuity.",12, odds,10402,5.436465263366699,9.996964544272167,0.3298591623693688,0.24117357521952104
4,"Some months later, Michael Larson saw another opportunity to stack the odds in his favor with a dash of ingenuity.",13, in,287,3.277308464050293,6.2822438589743435,-0.29112655406051186,-0.8251363178888064
4,"Some months later, Michael Larson saw another opportunity to stack the odds in his favor with a dash of ingenuity.",14, his,465,0.6711348295211792,11.894957510444392,-1.040676842437491,0.7859921089223324
4,"Some months later, Michael Larson saw another opportunity to stack the odds in his favor with a dash of ingenuity.",15, favor,2661,0.3357416093349457,7.3767828222548175,-1.1371378309071627,-0.5109491087245379
4,"Some months later, Michael Larson saw another opportunity to stack the odds in his favor with a dash of ingenuity.",16, with,351,3.759605646133423,5.3602551059855505,-0.15241515466477212,-1.089793020756828
4,"Some months later, Michael Larson saw another opportunity to stack the odds in his favor with a dash of ingenuity.",17, a,257,1.256028652191162,6.541755054459428,-0.8724580685063322,-0.7506436767022646
4,"Some months later, Michael Larson saw another opportunity to stack the odds in his favor with a dash of ingenuity.",18, dash,14470,9.417495727539062,9.565658204980116,1.4748260567171751,0.11736716943303081
4,"Some months later, Michael Larson saw another opportunity to stack the odds in his favor with a dash of ingenuity.",19, of,286,1.5454225540161133,10.905432550465113,-0.7892267443560425,0.5019491501934091
4,"Some months later, Michael Larson saw another opportunity to stack the odds in his favor with a dash of ingenuity.",20, ingenuity,45207,7.6437811851501465,14.73997607052899,0.9646957150040578,1.6026541660998004
4,"Some months later, Michael Larson saw another opportunity to stack the odds in his favor with a dash of ingenuity.",21,.,13,0.7180008292198181,9.04266204559387,-1.0271979156600213,-0.0327587824368881
5,"Bob Murphy, the Senior PGA Tour money leader with seven hundred thousand, says heat should n't be a factor.",1, Murphy,14424,10.243867874145508,13.983171038197066,1.3091469753363716,1.3607116020026375
5,"Bob Murphy, the Senior PGA Tour money leader with seven hundred thousand, says heat should n't be a factor.",2,",",11,1.307857871055603,8.051802618222206,-1.0681874417861923,-0.3801350983859415
5,"Bob Murphy, the Senior PGA Tour money leader with seven hundred thousand, says heat should n't be a factor.",3, the,262,2.762810707092285,5.705859826170036,-0.6811120634905032,-1.068665380047606
5,"Bob Murphy, the Senior PGA Tour money leader with seven hundred thousand, says heat should n't be a factor.",4, Senior,14017,8.40723705291748,11.260253925754522,0.8205300577922228,0.56153998847348
5,"Bob Murphy, the Senior PGA Tour money leader with seven hundred thousand, says heat should n't be a factor.",5, P,350,8.545613288879395,13.20964233918616,0.8573436455288503,1.1336822239599376
5,"Bob Murphy, the Senior PGA Tour money leader with seven hundred thousand, says heat should n't be a factor.",6,GA,9273,4.305855751037598,16.204358868620314,-0.2706006508048472,2.012626511303107
5,"Bob Murphy, the Senior PGA Tour money leader with seven hundred thousand, says heat should n't be a factor.",7, Tour,9852,0.5674518346786499,8.806697805850598,-1.2651649241654186,-0.15857462473597153
5,"Bob Murphy, the Senior PGA Tour money leader with seven hundred thousand, says heat should n't be a factor.",8, money,1637,13.332301139831543,11.638320059674573,2.1307931792867745,0.6725017657839132
5,"Bob Murphy, the Senior PGA Tour money leader with seven hundred thousand, says heat should n't be a factor.",9, leader,3554,5.102822780609131,12.592481065604137,-0.058575692455740035,0.9525464234750584
5,"Bob Murphy, the Senior PGA Tour money leader with seven hundred thousand, says heat should n't be a factor.",10, with,351,4.293755531311035,5.455565285789875,-0.2738197909804687,-1.1421264085817135
5,"Bob Murphy, the Senior PGA Tour money leader with seven hundred thousand, says heat should n't be a factor.",11, seven,3598,5.741641521453857,9.815515968764558,0.11137552496545076,0.1375118170177643
5,"Bob Murphy, the Senior PGA Tour money leader with seven hundred thousand, says heat should n't be a factor.",12, hundred,3470,6.549047470092773,8.492305583071243,0.32617765137590354,-0.25084821573566735
5,"Bob Murphy, the Senior PGA Tour money leader with seven hundred thousand, says heat should n't be a factor.",13, thousand,7319,3.1981468200683594,2.719344207720969,-0.5652953260387193,-1.9452027137474155
5,"Bob Murphy, the Senior PGA Tour money leader with seven hundred thousand, says heat should n't be a factor.",14,",",11,3.6251749992370605,6.607352336945241,-0.4516888297313181,-0.8040788375015465
5,"Bob Murphy, the Senior PGA Tour money leader with seven hundred thousand, says heat should n't be a factor.",15, says,1139,3.7228589057922363,8.637196937485704,-0.4257010216410962,-0.2083228458062242
5,"Bob Murphy, the Senior PGA Tour money leader with seven hundred thousand, says heat should n't be a factor.",16, heat,4894,12.3019380569458,15.218466313652042,1.8566755789002722,1.7232686970971474
5,"Bob Murphy, the Senior PGA Tour money leader with seven hundred thousand, says heat should n't be a factor.",17, should,815,4.823078155517578,10.358888844097043,-0.13299889979382895,0.29699084616011884
5,"Bob Murphy, the Senior PGA Tour money leader with seven hundred thousand, says heat should n't be a factor.",18, n,299,9.524100303649902,8.55963870313983,1.1176601465306497,-0.23108605773119703
5,"Bob Murphy, the Senior PGA Tour money leader with seven hundred thousand, says heat should n't be a factor.",19,'t,470,8.776060104370117,9.480916976525025,0.9186516728915046,0.03930757301364567
5,"Bob Murphy, the Senior PGA Tour money leader with seven hundred thousand, says heat should n't be a factor.",20, be,307,0.5289934873580933,9.869340618778338,-1.2753963756386375,0.1533092616783434
5,"Bob Murphy, the Senior PGA Tour money leader with seven hundred thousand, says heat should n't be a factor.",21, a,257,1.4615375995635986,5.838081460912495,-1.0273025157767341,-1.0298585516290184
5,"Bob Murphy, the Senior PGA Tour money leader with seven hundred thousand, says heat should n't be a factor.",22, factor,5766,1.9268088340759277,7.012817445053406,-0.9035218442330817,-0.6850755071409298
5,"Bob Murphy, the Senior PGA Tour money leader with seven hundred thousand, says heat should n't be a factor.",23,.,13,1.3800214529037476,5.462733775268488,-1.0489890560714143,-1.1400224689219234
6,"Greg Anderson, considered a key witness by the prosecution, vowed he would n't testify when served a subpoena last week.",1, Anderson,9918,9.841032028198242,12.623663993040825,1.586803838434938,1.0231990026726714
6,"Greg Anderson, considered a key witness by the prosecution, vowed he would n't testify when served a subpoena last week.",2,",",11,1.1536756753921509,5.3409619030508715,-0.9190379829986152,-1.1156303150152647
6,"Greg Anderson, considered a key witness by the prosecution, vowed he would n't testify when served a subpoena last week.",3, considered,3177,10.12795639038086,13.246913733983392,1.669566308068535,1.20623886915322
6,"Greg Anderson, considered a key witness by the prosecution, vowed he would n't testify when served a subpoena last week.",4, a,257,1.486507773399353,8.159161136542705,-0.8230335649880058,-0.28796400803245104
6,"Greg Anderson, considered a key witness by the prosecution, vowed he would n't testify when served a subpoena last week.",5, key,1994,4.090887069702148,6.841859646909766,-0.07180818703476635,-0.6748373156930157
6,"Greg Anderson, considered a key witness by the prosecution, vowed he would n't testify when served a subpoena last week.",6, witness,4973,5.576913833618164,10.131244159902042,0.3568317652779432,0.2912096194420502
6,"Greg Anderson, considered a key witness by the prosecution, vowed he would n't testify when served a subpoena last week.",7, by,416,4.555939674377441,6.813688769943069,0.06233483860335389,-0.6831107143322609
6,"Greg Anderson, considered a key witness by the prosecution, vowed he would n't testify when served a subpoena last week.",8, the,262,1.0341548919677734,7.762624659178842,-0.9535133936381898,-0.404421310945373
6,"Greg Anderson, considered a key witness by the prosecution, vowed he would n't testify when served a subpoena last week.",9, prosecution,12580,2.6620984077453613,12.669968561082511,-0.48393798092366686,1.0367980166714124
6,"Greg Anderson, considered a key witness by the prosecution, vowed he would n't testify when served a subpoena last week.",10,",",11,0.534386396408081,3.5555922319215876,-1.0976701136286031,-1.6399688020681449
6,"Greg Anderson, considered a key witness by the prosecution, vowed he would n't testify when served a subpoena last week.",11, vowed,19982,8.739785194396973,17.65350113339987,1.2691525001231225,2.500392907635825
6,"Greg Anderson, considered a key witness by the prosecution, vowed he would n't testify when served a subpoena last week.",12, he,339,3.6913301944732666,8.653457458357485,-0.18705916642695342,-0.1427959850021118
6,"Greg Anderson, considered a key witness by the prosecution, vowed he would n't testify when served a subpoena last week.",13, would,561,0.4082014262676239,4.61646419260685,-1.1340677888905564,-1.3284053159074947
6,"Greg Anderson, considered a key witness by the prosecution, vowed he would n't testify when served a subpoena last week.",14, n,299,9.067191123962402,10.738378465801947,1.3635917561604758,0.4695166045674878
6,"Greg Anderson, considered a key witness by the prosecution, vowed he would n't testify when served a subpoena last week.",15,'t,470,10.225730895996094,8.81951849427966,1.6977690702542378,-0.09402614548826364
6,"Greg Anderson, considered a key witness by the prosecution, vowed he would n't testify when served a subpoena last week.",16, testify,19671,1.6915388107299805,12.553766553423447,-0.7638929786957173,1.002671087176793
6,"Greg Anderson, considered a key witness by the prosecution, vowed he would n't testify when served a subpoena last week.",17, when,618,5.302737712860107,8.159161136542705,0.277746487555678,-0.28796400803245104
6,"Greg Anderson, considered a key witness by the prosecution, vowed he would n't testify when served a subpoena last week.",18, served,4983,8.539255142211914,11.645099746659952,1.2113102094638633,0.7358081587883103
6,"Greg Anderson, considered a key witness by the prosecution, vowed he would n't testify when served a subpoena last week.",19, a,257,3.3812484741210938,6.389874523166709,-0.27650130640197074,-0.8075791224942594
6,"Greg Anderson, considered a key witness by the prosecution, vowed he would n't testify when served a subpoena last week.",20, subpoena,33262,0.8242899179458618,11.378036961410906,-1.0140483144358505,0.6573754963374914
6,"Greg Anderson, considered a key witness by the prosecution, vowed he would n't testify when served a subpoena last week.",21, last,938,4.71238899230957,10.389425567957124,0.10746217399606534,0.3670339437116322
6,"Greg Anderson, considered a key witness by the prosecution, vowed he would n't testify when served a subpoena last week.",22, week,1285,1.2839235067367554,4.4057431612911975,-0.8814683876373164,-1.3902911810798235
6,"Greg Anderson, considered a key witness by the prosecution, vowed he would n't testify when served a subpoena last week.",23,.,13,0.8850238919258118,7.664464894706598,-0.9965297822380023,-0.43324948206597236
7,Owls are more flexible than humans because a bird 's head is only connected by one socket pivot.,1,w,86,7.307921409606934,9.96097094162426,0.8075001079757941,0.409932571188728
7,Owls are more flexible than humans because a bird 's head is only connected by one socket pivot.,2,ls,7278,4.853875637054443,8.23532249750827,-0.0349173967359378,-0.13083482435362695
7,Owls are more flexible than humans because a bird 's head is only connected by one socket pivot.,3, are,389,4.9344000816345215,11.554127968454225,-0.007275205856632754,0.9091810589246997
7,Owls are more flexible than humans because a bird 's head is only connected by one socket pivot.,4, more,517,4.857079029083252,6.120541589383125,-0.03381774588602088,-0.7935448727003351
7,Owls are more flexible than humans because a bird 's head is only connected by one socket pivot.,5, flexible,12846,5.73078727722168,10.535213381418624,0.2661062125319511,0.589883238218456
7,Owls are more flexible than humans because a bird 's head is only connected by one socket pivot.,6, than,621,1.2344701290130615,1.6331544390514163,-1.2773761115351958,-2.1997598351680896
7,Owls are more flexible than humans because a bird 's head is only connected by one socket pivot.,7, humans,5384,5.873970031738281,15.521415858234613,0.3152575609406524,2.1524122320170225
7,Owls are more flexible than humans because a bird 's head is only connected by one socket pivot.,8, because,780,3.4646360874176025,6.2781705335867075,-0.5118114008908197,-0.7441486043527985
7,Owls are more flexible than humans because a bird 's head is only connected by one socket pivot.,9, a,257,5.651729583740234,5.3999954346350645,0.238967523589881,-1.0193428148013257
7,Owls are more flexible than humans because a bird 's head is only connected by one socket pivot.,10, bird,6512,6.009632587432861,9.426192076835777,0.36182739795399194,0.24234862621498157
7,Owls are more flexible than humans because a bird 's head is only connected by one socket pivot.,11, ',705,7.955215930938721,8.721280054696246,1.0297014383555172,0.021449960789437447
7,Owls are more flexible than humans because a bird 's head is only connected by one socket pivot.,12,s,82,3.306034803390503,12.253505698764807,-0.5662555760682116,1.1283454402967816
7,Owls are more flexible than humans because a bird 's head is only connected by one socket pivot.,13, head,1182,3.1243069171905518,7.340850813028754,-0.6286385821805501,-0.41113590471079026
7,Owls are more flexible than humans because a bird 's head is only connected by one socket pivot.,14, is,318,1.0876487493515015,5.848607873899483,-1.3277765163182649,-0.8787608896611806
7,Owls are more flexible than humans because a bird 's head is only connected by one socket pivot.,15, only,691,4.689912796020508,8.06385095673838,-0.09120207119235116,-0.18456895474845914
7,Owls are more flexible than humans because a bird 's head is only connected by one socket pivot.,16, connected,5884,6.785052299499512,10.453447426722056,0.6280111612112053,0.5642601963317593
7,Owls are more flexible than humans because a bird 's head is only connected by one socket pivot.,17, by,416,2.4636032581329346,5.545177444479562,-0.8554429613174204,-0.9738470490728478
7,Owls are more flexible than humans because a bird 's head is only connected by one socket pivot.,18, one,530,3.2938222885131836,5.469954023241975,-0.5704478517071886,-0.9974198536757426
7,Owls are more flexible than humans because a bird 's head is only connected by one socket pivot.,19, socket,17802,5.8820648193359375,9.614448369149548,0.3180363154551194,0.3013426033695399
7,Owls are more flexible than humans because a bird 's head is only connected by one socket pivot.,20, pivot,30355,14.331096649169922,13.011191400462323,3.2183947321262183,1.365781822512247
7,Owls are more flexible than humans because a bird 's head is only connected by one socket pivot.,21,.,13,1.2302026748657227,10.722029327800417,-1.2788410304517381,0.6484258533815432
8,"Even in the same animal, not all bites are the same.",1, in,287,3.941532611846924,7.065003198223976,0.15348535130016897,-0.3694784014477628
8,"Even in the same animal, not all bites are the same.",2, the,262,1.5410377979278564,5.420473965978605,-0.62961504531896,-0.9159084804214553
8,"Even in the same animal, not all bites are the same.",3, same,976,4.771427631378174,8.302261980183378,0.42421750001335196,0.041627342786339804
8,"Even in the same animal, not all bites are the same.",4, animal,5044,9.306988716125488,14.548308651316797,1.903828980013682,2.11701019938707
8,"Even in the same animal, not all bites are the same.",5,",",11,1.159393072128296,6.766222232704146,-0.7541169331831971,-0.4687547799904079
8,"Even in the same animal, not all bites are the same.",6, not,407,6.032251834869385,8.357612075266543,0.835529337929388,0.06001859800665603
8,"Even in the same animal, not all bites are the same.",7, all,477,2.45211124420166,6.939314983060479,-0.33240049897242213,-0.4112410043806882
8,"Even in the same animal, not all bites are the same.",8, bites,26081,8.241573333740234,13.931657503746958,1.5562643014014905,1.9121146410358583
8,"Even in the same animal, not all bites are the same.",9, are,389,0.8980414867401123,7.668538220094234,-0.839376242633813,-0.16894095693321706
8,"Even in the same animal, not all bites are the same.",10, the,262,2.818415880203247,6.786289795754955,-0.2129029253584432,-0.4620869021274576
8,"Even in the same animal, not all bites are the same.",11, same,976,0.017119139432907104,7.44621132868658,-1.1267547595824379,-0.24281383097388584
8,"Even in the same animal, not all bites are the same.",12,.,13,0.4726203680038452,4.891876172466817,-0.9781590656088084,-1.0915464249410511
9,"Buck did not like it, but he bore up well to the work, taking pride in it.",1,uck,1347,8.170778274536133,14.161096983517982,1.3712852645009908,1.5685384170420318
9,"Buck did not like it, but he bore up well to the work, taking pride in it.",2, did,750,8.141337394714355,13.974399052124229,1.3613959439385084,1.5165338063444247
9,"Buck did not like it, but he bore up well to the work, taking pride in it.",3, not,407,1.034621238708496,3.8810146323562154,-1.0257811594213184,-1.2949731206620967
9,"Buck did not like it, but he bore up well to the work, taking pride in it.",4, like,588,4.8075761795043945,6.5740159166776495,0.24157094089645792,-0.5448390278320931
9,"Buck did not like it, but he bore up well to the work, taking pride in it.",5, it,340,2.4897732734680176,7.267163097237595,-0.5369892134604857,-0.35176324487047306
9,"Buck did not like it, but he bore up well to the work, taking pride in it.",6,",",11,1.6387684345245361,4.654204520589698,-0.8228454685548282,-1.079601483532893
9,"Buck did not like it, but he bore up well to the work, taking pride in it.",7, but,475,1.545525074005127,4.5981150539386535,-0.8541663220103515,-1.0952251749988262
9,"Buck did not like it, but he bore up well to the work, taking pride in it.",8, he,339,1.5537363290786743,9.6434359060228,-0.8514081254437341,0.3101462975098024
9,"Buck did not like it, but he bore up well to the work, taking pride in it.",9, bore,18631,10.887617111206055,14.150625683650688,2.283883336809852,1.5656216419656754
9,"Buck did not like it, but he bore up well to the work, taking pride in it.",10, up,510,7.1302618980407715,13.396853881274307,1.0217712533720213,1.3556589024495982
9,"Buck did not like it, but he bore up well to the work, taking pride in it.",11, well,880,6.046135902404785,7.4140542170520485,0.6576085800461291,-0.31084680062356174
9,"Buck did not like it, but he bore up well to the work, taking pride in it.",12, to,284,2.7923691272735596,5.334612675372213,-0.43534593998237553,-0.8900741495084218
9,"Buck did not like it, but he bore up well to the work, taking pride in it.",13, the,262,1.657071590423584,5.643617517292815,-0.8166973582712188,-0.8040010131442868
9,"Buck did not like it, but he bore up well to the work, taking pride in it.",14, work,670,6.796710014343262,9.558878517994737,0.9097297137824136,0.2865928815015035
9,"Buck did not like it, but he bore up well to the work, taking pride in it.",15,",",11,2.8029749393463135,5.549091343800699,-0.4317834012251157,-0.8303312291059427
9,"Buck did not like it, but he bore up well to the work, taking pride in it.",16, taking,2263,5.157083034515381,13.697694038303599,0.3589718252760087,1.439457770127029
9,"Buck did not like it, but he bore up well to the work, taking pride in it.",17, pride,11293,4.774310111999512,9.368704985918097,0.23039672302659578,0.23362014405977835
9,"Buck did not like it, but he bore up well to the work, taking pride in it.",18, in,287,0.1210404559969902,5.427394408823179,-1.3326569482785113,-0.8642298464036897
9,"Buck did not like it, but he bore up well to the work, taking pride in it.",19, it,340,3.322380542755127,7.047303621124575,-0.2573127826446243,-0.413004986426373
9,"Buck did not like it, but he bore up well to the work, taking pride in it.",20,.,13,0.8981368541717529,9.257773425210814,-1.0716268623564114,0.20272021610881885
10,"These days, neuroscience is beginning to catch up to musicians who practice mentally.",1, days,1528,6.950199604034424,8.87933698949057,0.5041830331549381,-0.025161807659765147
10,"These days, neuroscience is beginning to catch up to musicians who practice mentally.",2,",",11,0.6421131491661072,4.361726275874424,-0.9879333727447936,-1.2456387839348595
10,"These days, neuroscience is beginning to catch up to musicians who practice mentally.",3, neuroscience,39738,11.17037582397461,12.545363142627068,1.5024246106306096,0.9652512221393365
10,"These days, neuroscience is beginning to catch up to musicians who practice mentally.",4, is,318,1.5554897785186768,6.215157565757973,-0.771883027973351,-0.7449160878440234
10,"These days, neuroscience is beginning to catch up to musicians who practice mentally.",5, beginning,3726,6.496758937835693,12.693950525768997,0.3969260603823045,1.0053935654233888
10,"These days, neuroscience is beginning to catch up to musicians who practice mentally.",6, to,284,0.009207879193127155,7.601451926877864,-1.1376409494344344,-0.37039502851784367
10,"These days, neuroscience is beginning to catch up to musicians who practice mentally.",7, catch,4929,3.7899060249328613,8.34148269333666,-0.2433536295992285,-0.1704684369069414
10,"These days, neuroscience is beginning to catch up to musicians who practice mentally.",8, up,510,0.10359690338373184,5.705859826170036,-1.115314145174646,-0.8825078824098006
10,"These days, neuroscience is beginning to catch up to musicians who practice mentally.",9, to,284,1.3333048820495605,4.446565155811453,-0.8244387010029817,-1.2227187259174592
10,"These days, neuroscience is beginning to catch up to musicians who practice mentally.",10, musicians,17245,11.390847206115723,16.375574809001762,1.5545749685367318,2.000020583514589
10,"These days, neuroscience is beginning to catch up to musicians who practice mentally.",11, who,508,3.1866791248321533,8.32168006604048,-0.3860410769828415,-0.1758183114793342
10,"These days, neuroscience is beginning to catch up to musicians who practice mentally.",12, practice,3357,6.0987772941589355,9.776967298647323,0.30278737917911097,0.2173418507963623
10,"These days, neuroscience is beginning to catch up to musicians who practice mentally.",13, mentally,14946,11.697088241577148,14.0754022624131,1.627013302481737,1.3786063421081198
10,"These days, neuroscience is beginning to catch up to musicians who practice mentally.",14,.,13,3.0375993251800537,6.274113732891093,-0.4213044514531565,-0.7289884993117652
11,Hybrid vehicles have a halo that makes owners feel righteous and their neighbors feel guilty for not doing as much to save the planet.,1,brid,10236,8.959024429321289,15.731820383771392,1.6492125221418703,1.700253898853059
11,Hybrid vehicles have a halo that makes owners feel righteous and their neighbors feel guilty for not doing as much to save the planet.,2, vehicles,5672,8.016250610351562,17.320897373556576,1.32981602939898,2.1224914991249912
11,Hybrid vehicles have a halo that makes owners feel righteous and their neighbors feel guilty for not doing as much to save the planet.,3, have,423,3.0908055305480957,10.80658671582848,-0.33884494954730676,0.39155780791546985
11,Hybrid vehicles have a halo that makes owners feel righteous and their neighbors feel guilty for not doing as much to save the planet.,4, a,257,2.9657604694366455,5.797050064234632,-0.38120818996637496,-0.9395386385375227
11,Hybrid vehicles have a halo that makes owners feel righteous and their neighbors feel guilty for not doing as much to save the planet.,5, h,289,8.65149974822998,8.429221607644667,1.5450281434541187,-0.24013778940449013
11,Hybrid vehicles have a halo that makes owners feel righteous and their neighbors feel guilty for not doing as much to save the planet.,6,alo,7335,1.4747552871704102,12.331467240234518,-0.8863365848105699,0.7967376056631235
11,Hybrid vehicles have a halo that makes owners feel righteous and their neighbors feel guilty for not doing as much to save the planet.,7, that,326,3.437509298324585,11.237369631920934,-0.22138733116586967,0.5060222082549473
11,Hybrid vehicles have a halo that makes owners feel righteous and their neighbors feel guilty for not doing as much to save the planet.,8, makes,1838,3.459956407546997,10.669385594314996,-0.21378261430420506,0.3551017565882759
11,Hybrid vehicles have a halo that makes owners feel righteous and their neighbors feel guilty for not doing as much to save the planet.,9, owners,4393,10.605497360229492,17.904043658902193,2.207010870957785,2.2774407493593114
11,Hybrid vehicles have a halo that makes owners feel righteous and their neighbors feel guilty for not doing as much to save the planet.,10, feel,1254,2.040884017944336,9.468494456526468,-0.694541344624777,0.03600998478167248
11,Hybrid vehicles have a halo that makes owners feel righteous and their neighbors feel guilty for not doing as much to save the planet.,11, righteous,19539,10.722054481506348,14.209624024412642,2.2464985349032247,1.2957873172778038
11,Hybrid vehicles have a halo that makes owners feel righteous and their neighbors feel guilty for not doing as much to save the planet.,12, and,290,1.6683181524276733,3.4124913882809143,-0.8207606226397115,-1.573145656645829
11,Hybrid vehicles have a halo that makes owners feel righteous and their neighbors feel guilty for not doing as much to save the planet.,13, their,511,5.086265563964844,7.63640694191144,0.33718457445709915,-0.45079854660596785
11,Hybrid vehicles have a halo that makes owners feel righteous and their neighbors feel guilty for not doing as much to save the planet.,14, neighbors,12020,5.255542278289795,10.18664293929183,0.3945327822356244,0.22683100475174114
11,Hybrid vehicles have a halo that makes owners feel righteous and their neighbors feel guilty for not doing as much to save the planet.,15, feel,1254,0.7069154977798462,10.279424672742795,-1.1464682630404475,0.2514842699699997
11,Hybrid vehicles have a halo that makes owners feel righteous and their neighbors feel guilty for not doing as much to save the planet.,16, guilty,6717,4.292051315307617,8.621196596139264,0.06811765681108252,-0.18912763761496104
11,Hybrid vehicles have a halo that makes owners feel righteous and their neighbors feel guilty for not doing as much to save the planet.,17, for,329,2.5988516807556152,7.744846413157558,-0.5055109420191729,-0.4219848249247374
11,Hybrid vehicles have a halo that makes owners feel righteous and their neighbors feel guilty for not doing as much to save the planet.,18, not,407,1.9709099531173706,7.134314998114204,-0.7182474238974493,-0.5842106460999476
11,Hybrid vehicles have a halo that makes owners feel righteous and their neighbors feel guilty for not doing as much to save the planet.,19, doing,1804,2.455282211303711,6.222820438503542,-0.5541499518062789,-0.8264061331562136
11,Hybrid vehicles have a halo that makes owners feel righteous and their neighbors feel guilty for not doing as much to save the planet.,20, as,355,4.84431791305542,7.051699232597613,0.2552166309557612,-0.6061626866874019
11,Hybrid vehicles have a halo that makes owners feel righteous and their neighbors feel guilty for not doing as much to save the planet.,21, much,881,2.068732976913452,5.074197729260772,-0.6851065686028922,-1.1316095307801861
11,Hybrid vehicles have a halo that makes owners feel righteous and their neighbors feel guilty for not doing as much to save the planet.,22, to,284,2.030702590942383,5.334612675372213,-0.6979906471086913,-1.0624140275869116
11,Hybrid vehicles have a halo that makes owners feel righteous and their neighbors feel guilty for not doing as much to save the planet.,23, save,3613,4.76883602142334,9.071293858268197,0.22964458921277825,-0.06953117433977458
11,Hybrid vehicles have a halo that makes owners feel righteous and their neighbors feel guilty for not doing as much to save the planet.,24, the,262,2.1139438152313232,5.193201021322384,-0.6697898691972232,-1.099988869989328
11,Hybrid vehicles have a halo that makes owners feel righteous and their neighbors feel guilty for not doing as much to save the planet.,25, planet,5440,2.5355310440063477,9.379941059185022,-0.5269629476742134,0.012480241270356737
11,Hybrid vehicles have a halo that makes owners feel righteous and their neighbors feel guilty for not doing as much to save the planet.,26,.,13,0.5454384088516235,6.4082236618349055,-1.2011740841231415,-0.7771421814374875
12,"Binge drinking may not necessarily kill or even damage brain cells, as commonly thought, a new animal study suggests.",1,inge,11912,10.419755935668945,17.03904622141559,2.3463091344768485,2.5484396407842973
12,"Binge drinking may not necessarily kill or even damage brain cells, as commonly thought, a new animal study suggests.",2, drinking,7722,5.067422866821289,10.918504632032466,0.4409411023171565,0.5870375836506881
12,"Binge drinking may not necessarily kill or even damage brain cells, as commonly thought, a new animal study suggests.",3, may,743,4.316324710845947,8.921301188589602,0.1735589351386803,-0.05299057158287178
12,"Binge drinking may not necessarily kill or even damage brain cells, as commonly thought, a new animal study suggests.",4, not,407,2.8637614250183105,6.341084358997277,-0.34353662186496714,-0.8798524633788262
12,"Binge drinking may not necessarily kill or even damage brain cells, as commonly thought, a new animal study suggests.",5, necessarily,6646,3.9794859886169434,8.756998137298325,0.053648285881039724,-0.10564348441578998
12,"Binge drinking may not necessarily kill or even damage brain cells, as commonly thought, a new animal study suggests.",6, kill,1494,6.392694473266602,12.488437205831058,0.9127223088244475,1.0901415875759313
12,"Binge drinking may not necessarily kill or even damage brain cells, as commonly thought, a new animal study suggests.",7, or,393,4.05862283706665,6.120541589383125,0.08182007923963235,-0.9505280785494666
12,"Binge drinking may not necessarily kill or even damage brain cells, as commonly thought, a new animal study suggests.",8, even,772,2.586432456970215,7.5208221924777545,-0.44226249398720496,-0.5017911137948633
12,"Binge drinking may not necessarily kill or even damage brain cells, as commonly thought, a new animal study suggests.",9, damage,2465,5.010959148406982,11.488037856625235,0.4208406783226817,0.7695514383494164
12,"Binge drinking may not necessarily kill or even damage brain cells, as commonly thought, a new animal study suggests.",10, brain,3632,6.54624605178833,6.601718519226985,0.9673848765756639,-0.7963290740564503
12,"Binge drinking may not necessarily kill or even damage brain cells, as commonly thought, a new animal study suggests.",11, cells,4778,0.693429172039032,9.368704985918097,-1.1161495442670768,0.09038542147821656
12,"Binge drinking may not necessarily kill or even damage brain cells, as commonly thought, a new animal study suggests.",12,",",11,0.8909643292427063,5.114003979661191,-1.0458293364395483,-1.273085308078876
12,"Binge drinking may not necessarily kill or even damage brain cells, as commonly thought, a new animal study suggests.",13, as,355,3.8777730464935303,6.270073323354088,0.017439666969252716,-0.9026088141617927
12,"Binge drinking may not necessarily kill or even damage brain cells, as commonly thought, a new animal study suggests.",14, commonly,8811,7.762821197509766,11.899333885044191,1.4004714131496492,0.9013562573267403
12,"Binge drinking may not necessarily kill or even damage brain cells, as commonly thought, a new animal study suggests.",15, thought,1807,1.7093346118927002,11.022404227050616,-0.7544990782188089,0.6203334736349091
12,"Binge drinking may not necessarily kill or even damage brain cells, as commonly thought, a new animal study suggests.",16,",",11,0.8558843731880188,3.147282171681192,-1.0583173908966224,-1.9033452521780863
12,"Binge drinking may not necessarily kill or even damage brain cells, as commonly thought, a new animal study suggests.",17, a,257,6.043474197387695,6.141594998580957,0.7884039711420519,-0.9437812572907182
12,"Binge drinking may not necessarily kill or even damage brain cells, as commonly thought, a new animal study suggests.",18, new,649,1.9966273307800293,11.618252496623763,-0.652226227221139,0.811280304828333
12,"Binge drinking may not necessarily kill or even damage brain cells, as commonly thought, a new animal study suggests.",19, animal,5044,7.548152446746826,11.848040590656641,1.3240518462157433,0.8849186967514774
12,"Binge drinking may not necessarily kill or even damage brain cells, as commonly thought, a new animal study suggests.",20, study,2050,0.31958630681037903,8.744949798782152,-1.2492332360506708,-0.10950452115666545
12,"Binge drinking may not necessarily kill or even damage brain cells, as commonly thought, a new animal study suggests.",21, suggests,5644,1.221083641052246,10.22535745147252,-0.9283107187770124,0.36491013202043726
12,"Binge drinking may not necessarily kill or even damage brain cells, as commonly thought, a new animal study suggests.",22,.,13,0.07240287214517593,8.309984026277288,-1.3372276505297964,-0.2488945977560364
13,"When attacked, a skunk 's natural inclination is to turn around, lick its tail and spray a noxious scent.",1, attacked,7384,9.585034370422363,11.499733896388426,1.9332788864890835,0.8768499794874747
13,"When attacked, a skunk 's natural inclination is to turn around, lick its tail and spray a noxious scent.",2,",",11,0.6749145984649658,3.3004863299044196,-1.1436519562535432,-1.6488082708011156
13,"When attacked, a skunk 's natural inclination is to turn around, lick its tail and spray a noxious scent.",3, a,257,3.1787524223327637,7.370703776178435,-0.27900187043410835,-0.39503733751793196
13,"When attacked, a skunk 's natural inclination is to turn around, lick its tail and spray a noxious scent.",4, sk,1341,7.941273212432861,10.504305843955546,1.36563899672707,0.5702229319675637
13,"When attacked, a skunk 's natural inclination is to turn around, lick its tail and spray a noxious scent.",5,unk,2954,1.99229896068573,6.460492090380662,-0.6887197354071549,-0.6754147300900697
13,"When attacked, a skunk 's natural inclination is to turn around, lick its tail and spray a noxious scent.",6, ',705,7.630815029144287,13.609028401217943,1.258428500797608,1.526587290772921
13,"When attacked, a skunk 's natural inclination is to turn around, lick its tail and spray a noxious scent.",7,s,82,3.313032388687134,12.331467240234518,-0.23263098198224216,1.1330532670320428
13,"When attacked, a skunk 's natural inclination is to turn around, lick its tail and spray a noxious scent.",8, natural,3288,7.270688056945801,11.560358518204861,1.134065886554364,0.8955245072438022
13,"When attacked, a skunk 's natural inclination is to turn around, lick its tail and spray a noxious scent.",9, inclination,36793,4.517125129699707,10.7006381378191,0.18317825371450677,0.6307002225693897
13,"When attacked, a skunk 's natural inclination is to turn around, lick its tail and spray a noxious scent.",10, is,318,1.4186389446258545,6.1925150890082135,-0.8868216960809223,-0.7579611246117508
13,"When attacked, a skunk 's natural inclination is to turn around, lick its tail and spray a noxious scent.",11, to,284,0.12020339071750641,6.207552966372754,-1.3352103266926216,-0.7533289265076427
13,"When attacked, a skunk 's natural inclination is to turn around, lick its tail and spray a noxious scent.",12, turn,1210,4.97054386138916,7.6246189861593985,0.33975730269692406,-0.3168224720973989
13,"When attacked, a skunk 's natural inclination is to turn around, lick its tail and spray a noxious scent.",13, around,1088,2.3498384952545166,2.853934361693734,-0.5652506407630024,-1.7863620711405737
13,"When attacked, a skunk 's natural inclination is to turn around, lick its tail and spray a noxious scent.",14,",",11,2.0237131118774414,6.177700003223073,-0.6778714894604989,-0.7625246950294712
13,"When attacked, a skunk 's natural inclination is to turn around, lick its tail and spray a noxious scent.",15, lick,36728,7.801518440246582,14.548308651316797,1.3173774940799552,1.815918829278056
13,"When attacked, a skunk 's natural inclination is to turn around, lick its tail and spray a noxious scent.",16, its,663,2.3567278385162354,12.592481065604137,-0.5628715444869973,1.2134547570637497
13,"When attacked, a skunk 's natural inclination is to turn around, lick its tail and spray a noxious scent.",17, tail,7894,2.051687717437744,9.851075270801044,-0.6682110214909257,0.36900481127409435
13,"When attacked, a skunk 's natural inclination is to turn around, lick its tail and spray a noxious scent.",18, and,290,1.2151381969451904,6.315441928383939,-0.9570965905924991,-0.720095310275285
13,"When attacked, a skunk 's natural inclination is to turn around, lick its tail and spray a noxious scent.",19, spray,11662,7.024763107299805,9.921361803529216,1.0491406462733952,0.39065554932409946
13,"When attacked, a skunk 's natural inclination is to turn around, lick its tail and spray a noxious scent.",20, a,257,3.3011772632598877,4.113073547328377,-0.23672491135752177,-1.3985026673753684
13,"When attacked, a skunk 's natural inclination is to turn around, lick its tail and spray a noxious scent.",21, no,645,8.314029693603516,10.300478081940629,1.4943629581440594,0.5074367720673338
13,"When attacked, a skunk 's natural inclination is to turn around, lick its tail and spray a noxious scent.",22,xious,48392,0.03018818609416485,9.752069747025596,-1.3662952690402037,0.33850760821734716
13,"When attacked, a skunk 's natural inclination is to turn around, lick its tail and spray a noxious scent.",23, scent,21212,4.478981971740723,8.172584156874846,0.1700062804787508,-0.1480298184951928
13,"When attacked, a skunk 's natural inclination is to turn around, lick its tail and spray a noxious scent.",24,.,13,2.1192574501037598,5.71507648127496,-0.6448771719134735,-0.9050291023560646
14,All that the brain has to work with are imperfect incoming electrical impulses announcing that things are happening.,1, that,326,4.7186126708984375,10.42895640671376,-0.030444765989707533,0.27030268026705495
14,All that the brain has to work with are imperfect incoming electrical impulses announcing that things are happening.,2, the,262,4.111884117126465,4.7001142218937755,-0.17912509409883376,-1.2764314438431843
14,All that the brain has to work with are imperfect incoming electrical impulses announcing that things are happening.,3, brain,3632,7.826146602630615,9.363133940868641,0.7310640862108239,-0.017459475676811026
14,All that the brain has to work with are imperfect incoming electrical impulses announcing that things are happening.,4, has,468,2.457545757293701,9.190114776737,-0.5845247882689738,-0.06417304128986859
14,All that the brain has to work with are imperfect incoming electrical impulses announcing that things are happening.,5, to,284,1.2310415506362915,8.309984026277288,-0.8850826682951423,-0.3018001606093661
14,All that the brain has to work with are imperfect incoming electrical impulses announcing that things are happening.,6, work,670,3.4995269775390625,12.67471916384111,-0.3291847210404046,0.8766377439748562
14,All that the brain has to work with are imperfect incoming electrical impulses announcing that things are happening.,7, with,351,1.8428419828414917,5.914205156385296,-0.7351594638702504,-0.9486381799395581
14,All that the brain has to work with are imperfect incoming electrical impulses announcing that things are happening.,8, are,389,4.337520599365234,8.29459910743781,-0.12383231777557283,-0.30595394564969103
14,All that the brain has to work with are imperfect incoming electrical impulses announcing that things are happening.,9, imperfect,23162,9.488128662109375,12.537029761067924,1.1383368878262439,0.8394628854385258
14,All that the brain has to work with are imperfect incoming electrical impulses announcing that things are happening.,10, incoming,15619,13.645608901977539,16.56758167153018,2.157137671682416,1.9276744258836018
14,All that the brain has to work with are imperfect incoming electrical impulses announcing that things are happening.,11, electrical,12278,5.747281551361084,10.18664293929183,0.22163307955094338,0.20488029705215524
14,All that the brain has to work with are imperfect incoming electrical impulses announcing that things are happening.,12, impulses,37505,1.744002342224121,7.993646698065132,-0.7593803615119029,-0.38720829797647655
14,All that the brain has to work with are imperfect incoming electrical impulses announcing that things are happening.,13, announcing,16428,14.526827812194824,17.74395824355512,2.3730825384478496,2.2452851625829187
14,All that the brain has to work with are imperfect incoming electrical impulses announcing that things are happening.,14, that,326,3.6430673599243164,6.465382075674854,-0.2940097964101558,-0.7998255364797517
14,All that the brain has to work with are imperfect incoming electrical impulses announcing that things are happening.,15, things,1243,4.338955402374268,9.237970797914635,-0.12348071576042324,-0.05125236052897652
14,All that the brain has to work with are imperfect incoming electrical impulses announcing that things are happening.,16, are,389,0.41903990507125854,3.3273335799406074,-1.084065673688907,-1.6470694532917978
14,All that the brain has to work with are imperfect incoming electrical impulses announcing that things are happening.,17, happening,5836,2.4129745960235596,7.017063735934856,-0.5954470612370926,-0.6508766176509203
14,All that the brain has to work with are imperfect incoming electrical impulses announcing that things are happening.,18,.,13,1.1803007125854492,9.74797976177407,-0.8975168357709102,0.08644531773727908
15,There often seems to be more diving in soccer than in the Summer Olympics.,1, often,1690,7.595081806182861,11.241904787086327,0.7734517979400369,1.0271725807722718
15,There often seems to be more diving in soccer than in the Summer Olympics.,2, seems,2331,3.461277723312378,9.22821462296927,-0.18901056981819583,0.3690538507716784
15,There often seems to be more diving in soccer than in the Summer Olympics.,3, to,284,0.17634150385856628,6.0404988817095875,-0.9538333404016731,-0.6727625481084282
15,There often seems to be more diving in soccer than in the Summer Olympics.,4, be,307,0.3290282189846039,6.238324625039508,-0.9182837075648435,-0.60810869555371
15,There often seems to be more diving in soccer than in the Summer Olympics.,5, more,517,4.31011962890625,7.660408094010983,0.008622983667237991,-0.14334019082959315
15,There often seems to be more diving in soccer than in the Summer Olympics.,6, diving,23186,12.84367561340332,12.401425828841427,1.9954676269027933,1.40612984490701
15,There often seems to be more diving in soccer than in the Summer Olympics.,7, in,287,2.7319302558898926,5.01731035485872,-0.3588225580840919,-1.0071633143442447
15,There often seems to be more diving in soccer than in the Summer Olympics.,8, soccer,11783,10.171090126037598,14.758933984273604,1.3732168127277433,2.1766159409640773
15,There often seems to be more diving in soccer than in the Summer Olympics.,9, than,621,1.1342519521713257,4.472951910984648,-0.7308056545943545,-1.18507176030648
15,There often seems to be more diving in soccer than in the Summer Olympics.,10, in,287,1.5618407726287842,7.311863276155502,-0.6312513118354045,-0.2572523889238395
15,There often seems to be more diving in soccer than in the Summer Olympics.,11, the,262,3.1446754932403564,6.200005760737371,-0.26272420643085814,-0.6206321526172474
15,There often seems to be more diving in soccer than in the Summer Olympics.,12, Summer,10216,10.783717155456543,10.42895640671376,1.515853098692659,0.7614829701357609
15,There often seems to be more diving in soccer than in the Summer Olympics.,13, Olympics,14935,0.6569186449050903,5.853912926129175,-0.8419418709973134,-0.7337429880542976
15,There often seems to be more diving in soccer than in the Summer Olympics.,14,.,13,0.9232223629951477,6.53122864147244,-0.7799391002037349,-0.5123811488129548
16,Susan B. Anthony spent nearly sixty years of her life devoted to the cause of social justice and equality for all.,1, B,347,6.345398426055908,8.914183720820738,1.264082742410522,0.2247026902958416
16,Susan B. Anthony spent nearly sixty years of her life devoted to the cause of social justice and equality for all.,2,.,13,0.9833643436431885,5.593186663665923,-0.6959170931787306,-0.8643291346242256
16,Susan B. Anthony spent nearly sixty years of her life devoted to the cause of social justice and equality for all.,3, Anthony,9953,7.1765055656433105,13.615107447294324,1.5678797403243037,1.7662444190432753
16,Susan B. Anthony spent nearly sixty years of her life devoted to the cause of social justice and equality for all.,4, spent,3377,9.901191711425781,13.724541288339788,2.5638421522907304,1.802130309205387
16,Susan B. Anthony spent nearly sixty years of her life devoted to the cause of social justice and equality for all.,5, nearly,3016,3.0977768898010254,10.938438846933282,0.07697024381716791,0.88850281301645
16,Susan B. Anthony spent nearly sixty years of her life devoted to the cause of social justice and equality for all.,6, sixty,24742,7.161412715911865,13.697694038303599,1.5623628072840543,1.7933264743335655
16,Susan B. Anthony spent nearly sixty years of her life devoted to the cause of social justice and equality for all.,7, years,812,0.23843662440776825,7.710210916494802,-0.9682126781725373,-0.17010786740230768
16,Susan B. Anthony spent nearly sixty years of her life devoted to the cause of social justice and equality for all.,8, of,286,3.332443952560425,8.126371313719714,0.1627487743817622,-0.03363923793667825
16,Susan B. Anthony spent nearly sixty years of her life devoted to the cause of social justice and equality for all.,9, her,607,2.1274492740631104,10.97257185330274,-0.27771641764065436,0.8996958160745092
16,Susan B. Anthony spent nearly sixty years of her life devoted to the cause of social justice and equality for all.,10, life,1204,0.13439473509788513,6.510502510955323,-1.0062434110637406,-0.5635200300062496
16,Susan B. Anthony spent nearly sixty years of her life devoted to the cause of social justice and equality for all.,11, devoted,13378,4.612148761749268,9.257773425210814,0.6305229766830464,0.3373737093771538
16,Susan B. Anthony spent nearly sixty years of her life devoted to the cause of social justice and equality for all.,12, to,284,0.06740264594554901,5.6138913370276144,-1.0307312232831805,-0.8575395928608932
16,Susan B. Anthony spent nearly sixty years of her life devoted to the cause of social justice and equality for all.,13, the,262,1.7092995643615723,5.767344909820717,-0.4305638911311493,-0.807218613485335
16,Susan B. Anthony spent nearly sixty years of her life devoted to the cause of social justice and equality for all.,14, cause,2728,3.2487149238586426,8.113550625290653,0.13214306021298952,-0.037843438505465725
16,Susan B. Anthony spent nearly sixty years of her life devoted to the cause of social justice and equality for all.,15, of,286,0.08890662342309952,4.93337590337357,-1.0228708121644303,-1.08069635929099
16,Susan B. Anthony spent nearly sixty years of her life devoted to the cause of social justice and equality for all.,16, social,1919,4.58729362487793,9.806820261797004,0.6214376065730058,0.5174188789824258
16,Susan B. Anthony spent nearly sixty years of her life devoted to the cause of social justice and equality for all.,17, justice,5316,0.5695059895515442,6.200005760737371,-0.8471959350341834,-0.6653391032249717
16,Susan B. Anthony spent nearly sixty years of her life devoted to the cause of social justice and equality for all.,18, and,290,1.6795101165771484,2.772588722239781,-0.4414529141888866,-1.7892685039318033
16,Susan B. Anthony spent nearly sixty years of her life devoted to the cause of social justice and equality for all.,19, equality,10537,3.1987054347991943,8.36168540065418,0.11386294695225539,0.04352569931357906
16,Susan B. Anthony spent nearly sixty years of her life devoted to the cause of social justice and equality for all.,20, for,329,1.544470191001892,4.98556165654414,-0.4908144489828601,-1.063583442587937
16,Susan B. Anthony spent nearly sixty years of her life devoted to the cause of social justice and equality for all.,21, all,477,0.5655995607376099,5.6654048714777225,-0.8486238632635406,-0.8406471122399238
16,Susan B. Anthony spent nearly sixty years of her life devoted to the cause of social justice and equality for all.,22,.,13,1.1486209630966187,9.756176528978248,-0.6355103628259436,0.5008116264545885
17,"Unfortunately, for every six water bottles we use, only one makes it to the recycling bin.",1,",",11,1.902829885482788,5.843330816798638,-0.5409102066838539,-0.7540773637141102
17,"Unfortunately, for every six water bottles we use, only one makes it to the recycling bin.",2, for,329,4.806902885437012,6.09314261519501,0.6976016207127849,-0.6539489419748431
17,"Unfortunately, for every six water bottles we use, only one makes it to the recycling bin.",3, every,790,4.481103897094727,10.199381965069259,0.5586568006541499,0.9918951215397908
17,"Unfortunately, for every six water bottles we use, only one makes it to the recycling bin.",4, six,2237,5.826689720153809,8.386480059267395,1.1325142610768675,0.26525607662153994
17,"Unfortunately, for every six water bottles we use, only one makes it to the recycling bin.",5, water,1660,8.60922622680664,10.42895640671376,2.319193925708845,1.0839120985644888
17,"Unfortunately, for every six water bottles we use, only one makes it to the recycling bin.",6, bottles,14096,2.666746139526367,5.859246272104539,-0.21511973385881764,-0.747698203757409
17,"Unfortunately, for every six water bottles we use, only one makes it to the recycling bin.",7, we,356,3.860757350921631,8.727145174148644,0.29409508525231776,0.40179990887306344
17,"Unfortunately, for every six water bottles we use, only one makes it to the recycling bin.",8, use,779,3.777529239654541,4.667107925425605,0.25860045402996246,-1.2255256399076568
17,"Unfortunately, for every six water bottles we use, only one makes it to the recycling bin.",9,",",11,0.5708889961242676,4.999045006881427,-1.10894845671742,-1.0924801380688105
17,"Unfortunately, for every six water bottles we use, only one makes it to the recycling bin.",10, only,691,4.521125316619873,9.715848483591277,0.5757248982646018,0.7980874444433566
17,"Unfortunately, for every six water bottles we use, only one makes it to the recycling bin.",11, one,530,1.5433547496795654,5.7290627232497,-0.6942170303602291,-0.7998777780086189
17,"Unfortunately, for every six water bottles we use, only one makes it to the recycling bin.",12, makes,1838,6.099682807922363,12.769553266511949,1.2489387338791054,2.0220594198836452
17,"Unfortunately, for every six water bottles we use, only one makes it to the recycling bin.",13, it,340,0.4629926383495331,7.80382041561711,-1.154963455389676,0.03171710486609607
17,"Unfortunately, for every six water bottles we use, only one makes it to the recycling bin.",14, to,284,0.7193686962127686,5.549091343800699,-1.0456257149368886,-0.8720130826585414
17,"Unfortunately, for every six water bottles we use, only one makes it to the recycling bin.",15, the,262,0.7500260472297668,4.769586594708542,-1.0325511497204491,-1.184450608691718
17,"Unfortunately, for every six water bottles we use, only one makes it to the recycling bin.",16, recycling,25914,4.383007049560547,11.592107216519441,0.5168210389831033,1.5501208828501745
17,"Unfortunately, for every six water bottles we use, only one makes it to the recycling bin.",17, bin,9874,1.4069440364837646,9.083820118087377,-0.7523926621984347,0.5447607275364852
17,"Unfortunately, for every six water bottles we use, only one makes it to the recycling bin.",18,.,13,0.6917170882225037,6.827675011917809,-1.0574184086959706,-0.3595370283969321
18,"As in the United States, Colombian legislation requires travelers entering the country to declare cash in excess of ten thousand dollars.",1, in,287,4.168696880340576,6.274113732891093,0.1308969522182371,-0.7979581685796845
18,"As in the United States, Colombian legislation requires travelers entering the country to declare cash in excess of ten thousand dollars.",2, the,262,1.588253140449524,7.03856994115582,-0.6140922471306833,-0.5720981885108494
18,"As in the United States, Colombian legislation requires travelers entering the country to declare cash in excess of ten thousand dollars.",3, United,1578,3.775784969329834,9.525652870366416,0.017460985576737816,0.1627149960090949
18,"As in the United States, Colombian legislation requires travelers entering the country to declare cash in excess of ten thousand dollars.",4, States,1829,0.03441740572452545,2.7342698579376448,-1.0626937113042028,-1.8438114933353504
18,"As in the United States, Colombian legislation requires travelers entering the country to declare cash in excess of ten thousand dollars.",5,",",11,0.1788489669561386,8.664446579933081,-1.0209954748732868,-0.0917299721781086
18,"As in the United States, Colombian legislation requires travelers entering the country to declare cash in excess of ten thousand dollars.",6, Colombian,40351,11.099924087524414,17.105535962684424,2.131982783992022,2.4022052711174284
18,"As in the United States, Colombian legislation requires travelers entering the country to declare cash in excess of ten thousand dollars.",7, legislation,5520,7.875572681427002,12.304798993152357,1.2010936755360104,0.9838187834002033
18,"As in the United States, Colombian legislation requires travelers entering the country to declare cash in excess of ten thousand dollars.",8, requires,4433,3.440817356109619,9.283091233195105,-0.07924612340727079,0.09104971820157301
18,"As in the United States, Colombian legislation requires travelers entering the country to declare cash in excess of ten thousand dollars.",9, travelers,23325,7.843315124511719,16.053840593804065,1.1917807301972823,2.091479957507905
18,"As in the United States, Colombian legislation requires travelers entering the country to declare cash in excess of ten thousand dollars.",10, entering,8218,5.541712284088135,10.131244159902042,0.5272945293166686,0.34163804628408334
18,"As in the United States, Colombian legislation requires travelers entering the country to declare cash in excess of ten thousand dollars.",11, the,262,0.5192599296569824,5.6180842152876505,-0.9227168390589658,-0.991783285268606
18,"As in the United States, Colombian legislation requires travelers entering the country to declare cash in excess of ten thousand dollars.",12, country,1499,0.5283672213554382,7.949440605560636,-0.9200875106819186,-0.30297979051294116
18,"As in the United States, Colombian legislation requires travelers entering the country to declare cash in excess of ten thousand dollars.",13, to,284,0.6898692846298218,7.2617134924700295,-0.8734609204749716,-0.5061700195622056
18,"As in the United States, Colombian legislation requires travelers entering the country to declare cash in excess of ten thousand dollars.",14, declare,13627,5.715917587280273,9.010913347279288,0.5775886191823624,0.01063426572239598
18,"As in the United States, Colombian legislation requires travelers entering the country to declare cash in excess of ten thousand dollars.",15, cash,5003,10.090886116027832,12.934230359326193,1.840667620294775,1.1697854277700952
18,"As in the United States, Colombian legislation requires travelers entering the country to declare cash in excess of ten thousand dollars.",16, in,287,2.43644118309021,5.420473965978605,-0.369215398619779,-1.0501675936015207
18,"As in the United States, Colombian legislation requires travelers entering the country to declare cash in excess of ten thousand dollars.",17, excess,6992,7.2296247482299805,8.750955822842363,1.0146047294162797,-0.06617065868438639
18,"As in the United States, Colombian legislation requires travelers entering the country to declare cash in excess of ten thousand dollars.",18, of,286,0.021892312914133072,5.705859826170036,-1.0663097788511662,-0.9658498210490832
18,"As in the United States, Colombian legislation requires travelers entering the country to declare cash in excess of ten thousand dollars.",19, ten,3478,5.919605255126953,10.279424672742795,0.6363944401504853,0.3854182488842726
18,"As in the United States, Colombian legislation requires travelers entering the country to declare cash in excess of ten thousand dollars.",20, thousand,7319,0.6662534475326538,7.46601395598276,-0.8802789507613892,-0.4458090752488854
18,"As in the United States, Colombian legislation requires travelers entering the country to declare cash in excess of ten thousand dollars.",21, dollars,5054,0.952320396900177,7.710210916494802,-0.7976897494256153,-0.37366063817972067
18,"As in the United States, Colombian legislation requires travelers entering the country to declare cash in excess of ten thousand dollars.",22,.,13,1.4189246892929077,10.22535745147252,-0.6629783612916091,0.36944398981428445
19,"Stress is a risk factor for both depression and anxiety, he says.",1,ress,601,8.552720069885254,13.058982064298672,2.106623558805572,1.6768594143082576
19,"Stress is a risk factor for both depression and anxiety, he says.",2, is,318,3.1820144653320312,6.536477997358584,0.08795589460111142,-0.4818418003438847
19,"Stress is a risk factor for both depression and anxiety, he says.",3, a,257,1.8761930465698242,6.1925150890082135,-0.40285847270401,-0.5956804642114512
19,"Stress is a risk factor for both depression and anxiety, he says.",4, risk,2526,6.9141340255737305,12.228813086174434,1.4907341568871186,1.4021050005047189
19,"Stress is a risk factor for both depression and anxiety, he says.",5, factor,5766,2.0861287117004395,6.931471805599453,-0.32395071458687463,-0.35111384603696527
19,"Stress is a risk factor for both depression and anxiety, he says.",6, for,329,0.29505711793899536,6.613018074480919,-0.9971543077117946,-0.45650994071484713
19,"Stress is a risk factor for both depression and anxiety, he says.",7, both,1111,5.18425989151001,8.165850124693502,0.8405326312965868,0.05741851353251937
19,"Stress is a risk factor for both depression and anxiety, he says.",8, depression,8862,2.1003000736236572,11.022404227050616,-0.31862417610599325,1.0028294703049443
19,"Stress is a risk factor for both depression and anxiety, he says.",9, and,290,0.06075487285852432,4.376184359049653,-1.0852206439849037,-1.1968169775399864
19,"Stress is a risk factor for both depression and anxiety, he says.",10, anxiety,9751,1.3514089584350586,11.976821380522566,-0.6001071672719189,1.318705312978246
19,"Stress is a risk factor for both depression and anxiety, he says.",11,",",11,2.0399887561798096,3.014461258660268,-0.34129317256080705,-1.647495624983051
19,"Stress is a risk factor for both depression and anxiety, he says.",12, he,339,5.905059814453125,8.44240861192662,1.1114570877726138,0.14894887306705387
19,"Stress is a risk factor for both depression and anxiety, he says.",13, says,1139,1.574509620666504,6.7596215486727935,-0.5162511293748864,-0.4079897566624834
19,"Stress is a risk factor for both depression and anxiety, he says.",14,.,13,0.14955531060695648,6.5740159166776495,-1.0518435450618147,-0.46941817420307397
20,"When it comes to having a lasting and fulfilling relationship, common wisdom says that feeling close to your romantic partner is paramount.",1, it,340,4.012261390686035,7.234902235019373,0.21263970938908808,-0.2584107120370799
20,"When it comes to having a lasting and fulfilling relationship, common wisdom says that feeling close to your romantic partner is paramount.",2, comes,2058,0.7244696021080017,7.8419202618493795,-0.8941924903986982,-0.07623251775085807
20,"When it comes to having a lasting and fulfilling relationship, common wisdom says that feeling close to your romantic partner is paramount.",3, to,284,0.09385185688734055,5.477226782571055,-1.1064893969706553,-0.7859241068870918
20,"When it comes to having a lasting and fulfilling relationship, common wisdom says that feeling close to your romantic partner is paramount.",4, having,1719,7.022908687591553,8.23532249750827,1.2261714610029257,0.04183532497001385
20,"When it comes to having a lasting and fulfilling relationship, common wisdom says that feeling close to your romantic partner is paramount.",5, a,257,1.3024961948394775,5.802087858264589,-0.6996003488307793,-0.688426830780164
20,"When it comes to having a lasting and fulfilling relationship, common wisdom says that feeling close to your romantic partner is paramount.",6, lasting,15727,8.330988883972168,12.984874092144949,1.6665355029987172,1.4672703119650048
20,"When it comes to having a lasting and fulfilling relationship, common wisdom says that feeling close to your romantic partner is paramount.",7, and,290,3.832998275756836,4.244475013695076,0.15229094018563732,-1.1558974541858282
20,"When it comes to having a lasting and fulfilling relationship, common wisdom says that feeling close to your romantic partner is paramount.",8, fulfilling,26187,4.884566307067871,11.269556318416836,0.5063003885229648,0.952469299749988
20,"When it comes to having a lasting and fulfilling relationship, common wisdom says that feeling close to your romantic partner is paramount.",9, relationship,2776,1.3751287460327148,9.45014531785827,-0.6751486646661383,0.4064278378889699
20,"When it comes to having a lasting and fulfilling relationship, common wisdom says that feeling close to your romantic partner is paramount.",10,",",11,1.1169222593307495,4.641465494812268,-0.7620736502046589,-1.036752707568604
20,"When it comes to having a lasting and fulfilling relationship, common wisdom says that feeling close to your romantic partner is paramount.",11, common,2219,9.085920333862305,14.532923732477316,1.9206825083759256,1.9318708273960972
20,"When it comes to having a lasting and fulfilling relationship, common wisdom says that feeling close to your romantic partner is paramount.",12, wisdom,11501,4.3225836753845215,8.460266229326626,0.317109432261822,0.10934541703874351
20,"When it comes to having a lasting and fulfilling relationship, common wisdom says that feeling close to your romantic partner is paramount.",13, says,1139,1.2567297220230103,7.922772358478475,-0.7150075914548284,-0.051967193959628045
20,"When it comes to having a lasting and fulfilling relationship, common wisdom says that feeling close to your romantic partner is paramount.",14, that,326,0.966049075126648,7.2243758220323855,-0.8128649743212742,-0.2615698981329113
20,"When it comes to having a lasting and fulfilling relationship, common wisdom says that feeling close to your romantic partner is paramount.",15, feeling,4203,7.849565505981445,12.071184141970852,1.5044647482928064,1.1930537682991607
20,"When it comes to having a lasting and fulfilling relationship, common wisdom says that feeling close to your romantic partner is paramount.",16, close,1969,5.903052806854248,8.34148269333666,0.8491729685108452,0.07369611316124176
20,"When it comes to having a lasting and fulfilling relationship, common wisdom says that feeling close to your romantic partner is paramount.",17, to,284,0.2943819463253021,5.124208149835433,-1.038981119595142,-0.891872026419269
20,"When it comes to having a lasting and fulfilling relationship, common wisdom says that feeling close to your romantic partner is paramount.",18, your,534,1.7865811586380005,8.152516593824037,-0.536633573615052,0.016983624785405008
20,"When it comes to having a lasting and fulfilling relationship, common wisdom says that feeling close to your romantic partner is paramount.",19, romantic,14348,5.554287910461426,4.68678069102431,0.7317615743878062,-1.0231527150564417
20,"When it comes to having a lasting and fulfilling relationship, common wisdom says that feeling close to your romantic partner is paramount.",20, partner,5212,0.17435897886753082,4.151100942917617,-1.0793867455103396,-1.183920871704786
20,"When it comes to having a lasting and fulfilling relationship, common wisdom says that feeling close to your romantic partner is paramount.",21, is,318,0.8753958940505981,6.665508257102315,-0.8433832876088565,-0.42929718022993957
20,"When it comes to having a lasting and fulfilling relationship, common wisdom says that feeling close to your romantic partner is paramount.",22, paramount,37352,6.549952507019043,16.199295566663768,1.0669511808243242,2.431982188745375
20,"When it comes to having a lasting and fulfilling relationship, common wisdom says that feeling close to your romantic partner is paramount.",23,.,13,0.4389317035675049,5.49193292996075,-0.9903185715764384,-0.7815104992874085
21,"Voltaire himself probably won around half a million livres, a large fortune, which he then made even larger.",1,olt,5978,9.29806900024414,17.2680548921822,1.893033743300063,2.264546829849648
21,"Voltaire himself probably won around half a million livres, a large fortune, which he then made even larger.",2,aire,7626,2.0248937606811523,15.31795186486685,-0.831988850631472,1.6959766331640658
21,"Voltaire himself probably won around half a million livres, a large fortune, which he then made even larger.",3, himself,2241,5.843838691711426,10.420924235016496,0.5988458095083948,0.268203882863886
21,"Voltaire himself probably won around half a million livres, a large fortune, which he then made even larger.",4, probably,2192,7.384804725646973,10.034302214709811,1.1761957454914775,0.1554807318048513
21,"Voltaire himself probably won around half a million livres, a large fortune, which he then made even larger.",5, won,1839,4.258901596069336,10.258805385540061,0.005021344494620539,0.22093666423895364
21,"Voltaire himself probably won around half a million livres, a large fortune, which he then made even larger.",6, around,1088,9.84493637084961,11.342227508714195,2.0979271896558767,0.5368181951315341
21,"Voltaire himself probably won around half a million livres, a large fortune, which he then made even larger.",7, half,2063,4.399099349975586,13.91505961233792,0.05754889050160215,1.2869506931104555
21,"Voltaire himself probably won around half a million livres, a large fortune, which he then made even larger.",8, a,257,1.600407361984253,1.7057251318862519,-0.9910301206635115,-2.2727913357541025
21,"Voltaire himself probably won around half a million livres, a large fortune, which he then made even larger.",9, million,1510,0.4350062906742096,9.391304817835337,-1.4276680601754295,-0.031990981888415836
21,"Voltaire himself probably won around half a million livres, a large fortune, which he then made even larger.",10, liv,17717,9.276305198669434,13.615107447294324,1.8848795535455916,1.1994969231884192
21,"Voltaire himself probably won around half a million livres, a large fortune, which he then made even larger.",11,res,411,1.5584977865219116,10.84863495207198,-1.0067322777373209,0.39290681553691037
21,"Voltaire himself probably won around half a million livres, a large fortune, which he then made even larger.",12,",",11,1.9285954236984253,9.665741663537098,-0.8680687105815715,0.04802356562666179
21,"Voltaire himself probably won around half a million livres, a large fortune, which he then made even larger.",13, a,257,3.814462184906006,9.811158663395602,-0.16149567141141608,0.0904212087526252
21,"Voltaire himself probably won around half a million livres, a large fortune, which he then made even larger.",14, large,1588,4.591059684753418,8.64800785358992,0.1294701947708616,-0.2487059427069816
21,"Voltaire himself probably won around half a million livres, a large fortune, which he then made even larger.",15, fortune,15807,3.845233917236328,8.900098980939,-0.14996650250064744,-0.17520649172829347
21,"Voltaire himself probably won around half a million livres, a large fortune, which he then made even larger.",16,",",11,1.683213233947754,5.522010385198028,-0.9600054492403188,-1.1601188119485795
21,"Voltaire himself probably won around half a million livres, a large fortune, which he then made even larger.",17, which,543,3.609377861022949,6.086408583013665,-0.2383341082474411,-0.99556340649249
21,"Voltaire himself probably won around half a million livres, a large fortune, which he then made even larger.",18, he,339,1.7079551219940186,8.06385095673838,-0.9507354671868344,-0.41902217579101464
21,"Voltaire himself probably won around half a million livres, a large fortune, which he then made even larger.",19, then,788,4.280825138092041,7.229625177918529,0.01323538380800142,-0.6622482559006189
21,"Voltaire himself probably won around half a million livres, a large fortune, which he then made even larger.",20, made,925,3.949228286743164,9.97623841375505,-0.11100318906275757,0.13855170484230697
21,"Voltaire himself probably won around half a million livres, a large fortune, which he then made even larger.",21, even,772,6.210370063781738,6.505387410288553,0.7361732129295643,-0.8734063353562401
21,"Voltaire himself probably won around half a million livres, a large fortune, which he then made even larger.",22, larger,4025,4.1421589851379395,5.797050064234632,-0.0387183210550478,-1.0799285029157975
21,"Voltaire himself probably won around half a million livres, a large fortune, which he then made even larger.",23,.,13,1.9592475891113281,8.199983131062961,-0.8565843395122852,-0.37933160762779383
22,"When preparing to check out of their hotel room, some frequent travelers pile up their used bath towels on the bathroom floor.",1, preparing,10629,10.054436683654785,10.749428301988532,1.606433253689301,0.7228477786286168
22,"When preparing to check out of their hotel room, some frequent travelers pile up their used bath towels on the bathroom floor.",2, to,284,1.7691596746444702,5.6138913370276144,-0.7396274792233839,-0.8513830882083284
22,"When preparing to check out of their hotel room, some frequent travelers pile up their used bath towels on the bathroom floor.",3, check,2198,7.464289665222168,9.199504517086838,0.8730066940453413,0.24773916192809223
22,"When preparing to check out of their hotel room, some frequent travelers pile up their used bath towels on the bathroom floor.",4, out,503,1.3664524555206299,5.1345175194942945,-0.8536581377782462,-0.9983287855060513
22,"When preparing to check out of their hotel room, some frequent travelers pile up their used bath towels on the bathroom floor.",5, of,286,7.008294582366943,7.27815221881319,0.7438870330944158,-0.34122594817573515
22,"When preparing to check out of their hotel room, some frequent travelers pile up their used bath towels on the bathroom floor.",6, their,511,5.124239921569824,10.090182673104268,0.21039772989425223,0.5207647588981105
22,"When preparing to check out of their hotel room, some frequent travelers pile up their used bath towels on the bathroom floor.",7, hotel,7541,3.399580478668213,8.681160060906821,-0.27795719079678866,0.08884753128852903
22,"When preparing to check out of their hotel room, some frequent travelers pile up their used bath towels on the bathroom floor.",8, room,2119,1.3303970098495483,3.4854604081475054,-0.863867605150864,-1.5038254109945297
22,"When preparing to check out of their hotel room, some frequent travelers pile up their used bath towels on the bathroom floor.",9,",",11,0.5984250903129578,5.49193292996075,-1.071132923637137,-0.8887678232778741
22,"When preparing to check out of their hotel room, some frequent travelers pile up their used bath towels on the bathroom floor.",10, some,617,4.880346298217773,10.432996816250766,0.14133676160896963,0.6258498959366641
22,"When preparing to check out of their hotel room, some frequent travelers pile up their used bath towels on the bathroom floor.",11, frequent,10792,10.387088775634766,15.867161731641154,1.700627088109897,2.2916212074191877
22,"When preparing to check out of their hotel room, some frequent travelers pile up their used bath towels on the bathroom floor.",12, travelers,23325,2.0774412155151367,9.572484170050515,-0.6523344150407441,0.36207113663758017
22,"When preparing to check out of their hotel room, some frequent travelers pile up their used bath towels on the bathroom floor.",13, pile,14540,9.739562034606934,14.25482946118069,1.5172732836463598,1.797382095701398
22,"When preparing to check out of their hotel room, some frequent travelers pile up their used bath towels on the bathroom floor.",14, up,510,2.206696033477783,4.090932421451164,-0.6157345943428765,-1.3182259812071941
22,"When preparing to check out of their hotel room, some frequent travelers pile up their used bath towels on the bathroom floor.",15, their,511,2.766085386276245,6.8347421791409015,-0.4573377907619332,-0.4771474254974008
22,"When preparing to check out of their hotel room, some frequent travelers pile up their used bath towels on the bathroom floor.",16, used,973,10.857072830200195,11.78350206951907,1.8337078691522144,1.0398294018823662
22,"When preparing to check out of their hotel room, some frequent travelers pile up their used bath towels on the bathroom floor.",17, bath,7837,8.351490020751953,11.04454535292783,1.1242265282248178,0.8133120035165532
22,"When preparing to check out of their hotel room, some frequent travelers pile up their used bath towels on the bathroom floor.",18, towels,38494,0.9516602754592896,9.688556341303268,-0.9711107763445697,0.3976515240466422
22,"When preparing to check out of their hotel room, some frequent travelers pile up their used bath towels on the bathroom floor.",19, on,319,2.9686999320983887,4.098258461543237,-0.3999654145150889,-1.3159802806069818
22,"When preparing to check out of their hotel room, some frequent travelers pile up their used bath towels on the bathroom floor.",20, the,262,0.5128267407417297,5.187721555557759,-1.0953709698138427,-0.9820197926231525
22,"When preparing to check out of their hotel room, some frequent travelers pile up their used bath towels on the bathroom floor.",21, bathroom,12436,4.605314254760742,10.300478081940629,0.06345863191631484,0.5852280323596838
22,"When preparing to check out of their hotel room, some frequent travelers pile up their used bath towels on the bathroom floor.",22, floor,4314,1.0556435585021973,7.219153878051234,-0.941666848644746,-0.3593111084527078
22,"When preparing to check out of their hotel room, some frequent travelers pile up their used bath towels on the bathroom floor.",23,.,13,1.2925275564193726,6.900700146932699,-0.8745907273316652,-0.4569288836934718
23,Research showing that a tiny European river bug called the water boatman may be the loudest animal on earth.,1, showing,4478,9.347010612487793,13.154292244102995,1.2866794460203252,1.281091449217721
23,Research showing that a tiny European river bug called the water boatman may be the loudest animal on earth.,2, that,326,0.6323357224464417,7.17334434201994,-1.2258856820008845,-0.7838125608091364
23,Research showing that a tiny European river bug called the water boatman may be the loudest animal on earth.,3, a,257,3.810431718826294,5.996604688152362,-0.3095952552480917,-1.1900783350324
23,Research showing that a tiny European river bug called the water boatman may be the loudest animal on earth.,4, tiny,7009,7.023336410522461,11.665719033862686,0.61673101507973,0.767166091337036
23,Research showing that a tiny European river bug called the water boatman may be the loudest animal on earth.,5, European,3427,9.355427742004395,10.87348095065851,1.289106224571252,0.493648310930599
23,Research showing that a tiny European river bug called the water boatman may be the loudest animal on earth.,6, river,7850,7.096408843994141,15.26102592807084,0.6377988403832763,2.00843482409794
23,Research showing that a tiny European river bug called the water boatman may be the loudest animal on earth.,7, bug,5434,10.174516677856445,12.718521786499503,1.525261253064816,1.1306430286515934
23,Research showing that a tiny European river bug called the water boatman may be the loudest animal on earth.,8, called,1444,4.909141540527344,12.055679955434886,0.007178464787649028,0.9017989093938121
23,Research showing that a tiny European river bug called the water boatman may be the loudest animal on earth.,9, the,262,2.0828418731689453,5.556965400231605,-0.8076840602226169,-1.3418624574583367
23,Research showing that a tiny European river bug called the water boatman may be the loudest animal on earth.,10, water,1660,6.557041168212891,8.407622495841204,0.48229144275236036,-0.3576817950777677
23,Research showing that a tiny European river bug called the water boatman may be the loudest animal on earth.,11, boat,8848,10.011590957641602,7.753696028434541,1.478287442999067,-0.5834479122413085
23,Research showing that a tiny European river bug called the water boatman may be the loudest animal on earth.,12,man,805,6.106624603271484,7.7945180229547955,0.35242991969679316,-0.5693542432172379
23,Research showing that a tiny European river bug called the water boatman may be the loudest animal on earth.,13, may,743,4.556881904602051,11.476477034224159,-0.09438301494658105,0.7018308685067217
23,Research showing that a tiny European river bug called the water boatman may be the loudest animal on earth.,14, be,307,1.1391130685806274,6.900700146932699,-1.079774541466777,-0.8779421370841798
23,Research showing that a tiny European river bug called the water boatman may be the loudest animal on earth.,15, the,262,2.3321683406829834,7.714475315281259,-0.7357996817836281,-0.5969887437603589
23,Research showing that a tiny European river bug called the water boatman may be the loudest animal on earth.,16, loud,7812,9.642423629760742,13.447115716055196,1.3718512344035885,1.382187859245552
23,Research showing that a tiny European river bug called the water boatman may be the loudest animal on earth.,17,est,395,0.0035571889020502567,6.380824687646791,-1.4071715058056617,-1.0574275528023387
23,Research showing that a tiny European river bug called the water boatman may be the loudest animal on earth.,18, animal,5044,3.6046125888824463,11.523544545082144,-0.3689358474218204,0.7180807829857941
23,Research showing that a tiny European river bug called the water boatman may be the loudest animal on earth.,19, on,319,1.5040110349655151,6.820657439259163,-0.9745692507137936,-0.9055766376273008
23,Research showing that a tiny European river bug called the water boatman may be the loudest animal on earth.,20, earth,4534,1.7123937606811523,6.9877115239223295,-0.914489537296896,-0.8479017247272572
23,Research showing that a tiny European river bug called the water boatman may be the loudest animal on earth.,21,.,13,0.9672437906265259,8.653457458357485,-1.1293269068521037,-0.27280802452914404
24,"When the new world was first discovered it was found to be, like the old, well stocked with plants and animals.",1, the,262,2.5591323375701904,6.015181073725298,-0.39905328437290427,-0.6571445414425015
24,"When the new world was first discovered it was found to be, like the old, well stocked with plants and animals.",2, new,649,5.457789897918701,9.034629873896606,1.0227750839365801,0.429809915821319
24,"When the new world was first discovered it was found to be, like the old, well stocked with plants and animals.",3, world,995,5.509235382080078,7.846786451500552,1.0480097476659747,0.0022048170259199406
24,"When the new world was first discovered it was found to be, like the old, well stocked with plants and animals.",4, was,373,2.816650629043579,8.264521652200532,-0.2727372899677452,0.15258297158548018
24,"When the new world was first discovered it was found to be, like the old, well stocked with plants and animals.",5, first,717,5.616562843322754,6.568566311910085,1.100655231279129,-0.4579344898612894
24,"When the new world was first discovered it was found to be, like the old, well stocked with plants and animals.",6, discovered,5071,3.652571201324463,9.71190370530026,0.13729237327386917,0.6736179279957867
24,"When the new world was first discovered it was found to be, like the old, well stocked with plants and animals.",7, it,340,4.446262359619141,6.996010326737024,0.5266079723210728,-0.30406131369730727
24,"When the new world was first discovered it was found to be, like the old, well stocked with plants and animals.",8, was,373,0.9775856137275696,3.0294991360248087,-1.1748220500687045,-1.7319434550625987
24,"When the new world was first discovered it was found to be, like the old, well stocked with plants and animals.",9, found,1043,4.508668899536133,12.588104691004338,0.5572191731872246,1.7090054070682157
24,"When the new world was first discovered it was found to be, like the old, well stocked with plants and animals.",10, to,284,2.073822498321533,7.352685270675757,-0.6371039276439546,-0.17566389888221481
24,"When the new world was first discovered it was found to be, like the old, well stocked with plants and animals.",11, be,307,0.5141878128051758,6.7145978672988385,-1.402124560091473,-0.4053654083713272
24,"When the new world was first discovered it was found to be, like the old, well stocked with plants and animals.",12,",",11,5.516861438751221,5.817355330395378,1.0517504253719894,-0.7283587224750746
24,"When the new world was first discovered it was found to be, like the old, well stocked with plants and animals.",13, like,588,3.945521354675293,6.422209903809645,0.28098814618356893,-0.5106205132589605
24,"When the new world was first discovered it was found to be, like the old, well stocked with plants and animals.",14, the,262,1.8739948272705078,6.708328254285243,-0.7351219396230597,-0.4076223712349001
24,"When the new world was first discovered it was found to be, like the old, well stocked with plants and animals.",15, old,1468,4.079229354858398,10.314764039188105,0.34657361938013787,0.8906382420974105
24,"When the new world was first discovered it was found to be, like the old, well stocked with plants and animals.",16,",",11,1.2439087629318237,4.76241810522993,-1.0441871610580136,-1.108119663929705
24,"When the new world was first discovered it was found to be, like the old, well stocked with plants and animals.",17, well,880,6.673480987548828,8.139358509246525,1.6190870119069063,0.10752619297367275
24,"When the new world was first discovered it was found to be, like the old, well stocked with plants and animals.",18, stocked,42070,6.914092540740967,16.604760674771935,1.7371100363411747,3.1549388915518364
24,"When the new world was first discovered it was found to be, like the old, well stocked with plants and animals.",19, with,351,1.7070999145507812,8.159161136542705,-0.816986015144596,0.1146548298308023
24,"When the new world was first discovered it was found to be, like the old, well stocked with plants and animals.",20, plants,6134,4.729230880737305,7.5208221924777545,0.6654076277781369,-0.11513723038135089
24,"When the new world was first discovered it was found to be, like the old, well stocked with plants and animals.",21, and,290,0.8852254152297974,4.592072739482691,-1.2201259011076107,-1.1694413377937203
24,"When the new world was first discovered it was found to be, like the old, well stocked with plants and animals.",22, animals,4695,0.7367647886276245,8.420525900677113,-1.2929477250330943,0.20874206698861855
24,"When the new world was first discovered it was found to be, like the old, well stocked with plants and animals.",23,.,13,1.1336579322814941,8.750955822842363,-1.0982665945146086,0.3276916834518877
25,Police in Georgia have shut down a lemonade stand run by three girls trying to save up for a trip to a water park.,1, in,287,4.20864200592041,7.2892634442382604,0.31636439410852646,-0.06095354860466809
25,Police in Georgia have shut down a lemonade stand run by three girls trying to save up for a trip to a water park.,2, Georgia,7859,6.6327714920043945,8.914183720820738,1.1473632880021476,0.5368026847453545
25,Police in Georgia have shut down a lemonade stand run by three girls trying to save up for a trip to a water park.,3, have,423,3.3606412410736084,8.016504836141182,0.025667176136473426,0.2065753150725113
25,Police in Georgia have shut down a lemonade stand run by three girls trying to save up for a trip to a water park.,4, shut,4423,5.866567611694336,9.892651697646784,0.8847062885762513,0.8967497792029865
25,Police in Georgia have shut down a lemonade stand run by three girls trying to save up for a trip to a water park.,5, down,866,0.04991244152188301,1.3902082604410269,-1.1092606345283087,-2.2310274025704984
25,Police in Georgia have shut down a lemonade stand run by three girls trying to save up for a trip to a water park.,6, a,257,1.5110368728637695,6.0999223021803886,-0.6083827757933369,-0.4984741405317774
25,Police in Georgia have shut down a lemonade stand run by three girls trying to save up for a trip to a water park.,7, lemon,18873,10.0169038772583,10.581092987169317,2.307454069076104,1.1500053253600746
25,Police in Georgia have shut down a lemonade stand run by three girls trying to save up for a trip to a water park.,8,ade,671,0.1918456256389618,6.557755395805869,-1.0606055112417112,-0.33005197884631793
25,Police in Georgia have shut down a lemonade stand run by three girls trying to save up for a trip to a water park.,9, stand,1302,0.016543826088309288,10.965651410458168,-1.1206994964683348,1.2914720778653932
25,Police in Georgia have shut down a lemonade stand run by three girls trying to save up for a trip to a water park.,10, run,1057,5.644481658935547,11.219431931234267,0.8085745546275018,1.3848298200161528
25,Police in Georgia have shut down a lemonade stand run by three girls trying to save up for a trip to a water park.,11, by,416,0.08248636871576309,6.274113732891093,-1.0980941941119537,-0.43439468075515664
25,Police in Georgia have shut down a lemonade stand run by three girls trying to save up for a trip to a water park.,12, three,1115,5.46218204498291,8.159161136542705,0.7460816975332225,0.2590540083478582
25,Police in Georgia have shut down a lemonade stand run by three girls trying to save up for a trip to a water park.,13, girls,4813,5.3551177978515625,12.372852456397371,0.7093797509365378,1.8091363650979704
25,Police in Georgia have shut down a lemonade stand run by three girls trying to save up for a trip to a water park.,14, trying,2111,6.11616849899292,8.32168006604048,0.9702702250122787,0.3188395280097744
25,Police in Georgia have shut down a lemonade stand run by three girls trying to save up for a trip to a water park.,15, to,284,0.0022724061273038387,4.190631781674252,-1.1255917822434833,-1.2008410974565855
25,Police in Georgia have shut down a lemonade stand run by three girls trying to save up for a trip to a water park.,16, save,3613,4.889991760253906,8.935689926041702,0.5499331434085007,0.5447141302555144
25,Police in Georgia have shut down a lemonade stand run by three girls trying to save up for a trip to a water park.,17, up,510,5.432300567626953,6.7728667754228145,0.7358382370360602,-0.2509193777681964
25,Police in Georgia have shut down a lemonade stand run by three girls trying to save up for a trip to a water park.,18, for,329,1.0620207786560059,2.961179892047331,-0.762306846173692,-1.6531171513772862
25,Police in Georgia have shut down a lemonade stand run by three girls trying to save up for a trip to a water park.,19, a,257,1.1453652381896973,6.0999223021803886,-0.7337361142543577,-0.4984741405317774
25,Police in Georgia have shut down a lemonade stand run by three girls trying to save up for a trip to a water park.,20, trip,5296,3.752500057220459,10.526284750674321,0.1599975593316948,1.1298431269581255
25,Police in Georgia have shut down a lemonade stand run by three girls trying to save up for a trip to a water park.,21, to,284,0.182409405708313,5.031231693377328,-1.0638402758736838,-0.8916112575589679
25,Police in Georgia have shut down a lemonade stand run by three girls trying to save up for a trip to a water park.,22, a,257,2.115546226501465,4.265981218916039,-0.4011551474405382,-1.1731224478466344
25,Police in Georgia have shut down a lemonade stand run by three girls trying to save up for a trip to a water park.,23, water,1660,7.813126564025879,8.715449134385453,1.55199256415361,0.4636945824366193
25,Police in Georgia have shut down a lemonade stand run by three girls trying to save up for a trip to a water park.,24, park,3952,0.5292785167694092,5.455565285789875,-0.9449324991759632,-0.7355124916442
25,Police in Georgia have shut down a lemonade stand run by three girls trying to save up for a trip to a water park.,25,.,13,0.7040576934814453,7.364661461722473,-0.8850176706335461,-0.033217027876271496
26,An early task will be to make sure the newfound microbes were not introduced while drilling through the ice into the lake.,1, early,1903,7.619050025939941,8.928469678068215,0.9838892377513797,0.1605596459008877
26,An early task will be to make sure the newfound microbes were not introduced while drilling through the ice into the lake.,2, task,4876,8.303908348083496,8.81951849427966,1.1968830792971992,0.11810139754409892
26,An early task will be to make sure the newfound microbes were not introduced while drilling through the ice into the lake.,3, will,481,4.6458024978637695,6.893152941297316,0.05919665186087572,-0.6326027639932325
26,An early task will be to make sure the newfound microbes were not introduced while drilling through the ice into the lake.,4, be,307,0.8652117252349854,8.478448548409817,-1.1165831057020228,-0.01481347281547798
26,An early task will be to make sure the newfound microbes were not introduced while drilling through the ice into the lake.,5, to,284,0.6039699912071228,4.4107557031147415,-1.1978303924817582,-1.5999923305307722
26,An early task will be to make sure the newfound microbes were not introduced while drilling through the ice into the lake.,6, make,787,4.201793670654297,7.267163097237595,-0.07889197571336329,-0.48685110222430605
26,An early task will be to make sure the newfound microbes were not introduced while drilling through the ice into the lake.,7, sure,1654,0.7372905015945435,4.844248123477562,-1.1563671485579823,-1.4310604455843006
26,An early task will be to make sure the newfound microbes were not introduced while drilling through the ice into the lake.,8, the,262,1.887745976448059,7.527889359700847,-0.7985706186866451,-0.3852461446656449
26,An early task will be to make sure the newfound microbes were not introduced while drilling through the ice into the lake.,9, newfound,40000,12.157034873962402,11.554127968454225,2.3952217636258655,1.1837780077098312
26,An early task will be to make sure the newfound microbes were not introduced while drilling through the ice into the lake.,10, microbes,33712,9.74230670928955,13.996475003823429,1.6442310675169727,2.1355600204910945
26,An early task will be to make sure the newfound microbes were not introduced while drilling through the ice into the lake.,11, were,547,5.08793830871582,6.5740159166776495,0.19670276340757084,-0.7569703805713626
26,An early task will be to make sure the newfound microbes were not introduced while drilling through the ice into the lake.,12, not,407,2.755620002746582,6.766222232704146,-0.5286581172796568,-0.6820676285513919
26,An early task will be to make sure the newfound microbes were not introduced while drilling through the ice into the lake.,13, introduced,5495,5.09918212890625,11.237369631920934,0.20019963915336642,1.0603373652683998
26,An early task will be to make sure the newfound microbes were not introduced while drilling through the ice into the lake.,14, while,981,5.6449785232543945,11.219431931234267,0.36994463162160507,1.053347047915058
26,An early task will be to make sure the newfound microbes were not introduced while drilling through the ice into the lake.,15, drilling,19747,7.090220928192139,11.210582315957284,0.8194211464562812,1.049898355113139
26,An early task will be to make sure the newfound microbes were not introduced while drilling through the ice into the lake.,16, through,832,3.8266310691833496,9.74797976177407,-0.19556913521916658,0.47992251516905077
26,An early task will be to make sure the newfound microbes were not introduced while drilling through the ice into the lake.,17, the,262,0.8378344774246216,4.844248123477562,-1.1250975458329833,-1.4310604455843006
26,An early task will be to make sure the newfound microbes were not introduced while drilling through the ice into the lake.,18, ice,4771,5.163910865783691,10.951952566100006,0.2203305507304983,0.9491104079788926
26,An early task will be to make sure the newfound microbes were not introduced while drilling through the ice into the lake.,19, into,656,6.27859354019165,7.881529399944426,0.5670015880095821,-0.2474327117551171
26,An early task will be to make sure the newfound microbes were not introduced while drilling through the ice into the lake.,20, the,262,0.437862753868103,6.915967619063488,-1.2494904474821336,-0.6237118899238314
26,An early task will be to make sure the newfound microbes were not introduced while drilling through the ice into the lake.,21, lake,13546,3.887573719024658,10.938438846933282,-0.17661571276084798,0.9438441150883243
26,An early task will be to make sure the newfound microbes were not introduced while drilling through the ice into the lake.,22,.,13,1.1457068920135498,6.35415644056463,-1.0293479197146373,-0.842649561979033
27,Lady Gaga 's YouTube account was suspended Thursday.,1, Gaga,42192,11.023480415344238,9.572484170050515,1.9568905154073155,-0.1922192346827544
27,Lady Gaga 's YouTube account was suspended Thursday.,2, ',705,6.81217098236084,7.3767828222548175,0.6352937666860113,-1.0213467722938638
27,Lady Gaga 's YouTube account was suspended Thursday.,3,s,82,0.6237731575965881,6.900700146932699,-1.3067545617856686,-1.2011222489020177
27,Lady Gaga 's YouTube account was suspended Thursday.,4, YouTube,7444,7.8804097175598145,13.704338581022268,0.9705293654382459,1.3680267782715414
27,Lady Gaga 's YouTube account was suspended Thursday.,5, account,1848,3.369025707244873,12.823329663292752,-0.44523704525784735,1.0353454893048826
27,Lady Gaga 's YouTube account was suspended Thursday.,6, was,373,3.255427360534668,7.060548847874595,-0.48088657613688457,-1.1407611438112262
27,Lady Gaga 's YouTube account was suspended Thursday.,7, suspended,9951,3.548583507537842,12.445877591412263,-0.3888880619188042,0.8928143079861376
27,Lady Gaga 's YouTube account was suspended Thursday.,8, Thursday,3635,3.97955584526062,11.611651812592411,-0.2536399521830765,0.5777989865723203
27,Lady Gaga 's YouTube account was suspended Thursday.,9,.,13,2.597660779953003,9.237970797914635,-0.6873074502492916,-0.31853616244501687
28,John Thornton asked little of man or nature.,1, Thornton,37519,11.565499305725098,14.797963328179339,1.316561046139846,1.7008873116746204
28,John Thornton asked little of man or nature.,2, asked,1965,7.362906455993652,10.314764039188105,0.19416584141344226,0.23857857677145153
28,John Thornton asked little of man or nature.,3, little,1310,9.994403839111328,11.393785318379045,0.8969653153739282,0.5905286329694523
28,John Thornton asked little of man or nature.,4, of,286,2.4450035095214844,6.510502510955323,-1.1192687171550715,-1.0022774512554913
28,John Thornton asked little of man or nature.,5, man,582,10.043703079223633,7.549395564921811,0.9101317658670428,-0.6634162297220499
28,John Thornton asked little of man or nature.,6, or,393,4.134283542633057,7.106011221951353,-0.6681091886450351,-0.8080372371434916
28,John Thornton asked little of man or nature.,7, nature,3450,6.0262980461120605,12.24108317876625,-0.16280494388258002,0.8668962406623428
28,John Thornton asked little of man or nature.,8,.,13,1.5150208473205566,6.753064148126635,-1.3676411191115727,-0.9231598439568353
29,Proper ventilation will make a backdraft less likely.,1,per,525,7.257266044616699,8.87251102442017,0.9527312391911027,-0.48152540962514867
29,Proper ventilation will make a backdraft less likely.,2, ventilation,34834,8.765653610229492,19.936018663343106,1.522539885660837,2.076712814526595
29,Proper ventilation will make a backdraft less likely.,3, will,481,5.215371608734131,8.83906309035263,0.18138498092912053,-0.48925964602133915
29,Proper ventilation will make a backdraft less likely.,4, make,787,4.23439884185791,10.090182673104268,-0.1891873953356794,-0.1999606240439281
29,Proper ventilation will make a backdraft less likely.,5, a,257,3.2815747261047363,6.345422760595875,-0.5491263341723102,-1.065869363036108
29,Proper ventilation will make a backdraft less likely.,6, back,736,8.289204597473145,9.89737983884273,1.342556456163231,-0.24454283037760394
29,Proper ventilation will make a backdraft less likely.,7,draft,35679,4.108621597290039,17.427119586811884,-0.23670102055891265,1.49657478528707
29,Proper ventilation will make a backdraft less likely.,8, less,1342,3.589479923248291,10.530739101023702,-0.43281203430330467,-0.09808983129153387
29,Proper ventilation will make a backdraft less likely.,9, likely,1884,1.3467867374420166,10.293410914717535,-1.280012049593812,-0.1529677287624077
29,Proper ventilation will make a backdraft less likely.,10,.,13,1.2637666463851929,7.317593950864486,-1.3113737279802715,-0.8410721666555957
30,"For centuries, time was measured by the position of the sun with the use of sundials.",1, centuries,10675,9.572193145751953,11.000742730269438,1.9273332190338213,0.8830130708282096
30,"For centuries, time was measured by the position of the sun with the use of sundials.",2,",",11,0.4075130820274353,5.413601086690843,-0.9231084529246839,-0.809319558696122
30,"For centuries, time was measured by the position of the sun with the use of sundials.",3, time,640,8.21094036102295,10.293410914717535,1.5039500090710924,0.6687638558051838
30,"For centuries, time was measured by the position of the sun with the use of sundials.",4, was,373,3.5965662002563477,7.44621132868658,0.068765768442805,-0.1936464909498945
30,"For centuries, time was measured by the position of the sun with the use of sundials.",5, measured,8630,4.3257222175598145,11.860619372863502,0.2955512844269202,1.1434677706477943
30,"For centuries, time was measured by the position of the sun with the use of sundials.",6, by,416,1.2049365043640137,4.494574374997813,-0.6750900892263225,-1.0876906813237537
30,"For centuries, time was measured by the position of the sun with the use of sundials.",7, the,262,1.1339008808135986,5.267308993476107,-0.697183921215409,-0.8536311044886393
30,"For centuries, time was measured by the position of the sun with the use of sundials.",8, position,2292,6.3094987869262695,7.799158402511298,0.9125547544726585,-0.08673961662441608
30,"For centuries, time was measured by the position of the sun with the use of sundials.",9, of,286,0.11866585165262222,4.556566051025781,-1.012947069937525,-1.0689135421721794
30,"For centuries, time was measured by the position of the sun with the use of sundials.",10, the,262,0.5902041792869568,4.748233470237974,-0.8662870131031686,-1.0108579122558856
30,"For centuries, time was measured by the position of the sun with the use of sundials.",11, sun,4252,1.816979169845581,11.745183205216934,-0.4847297158609027,1.1085024152661112
30,"For centuries, time was measured by the position of the sun with the use of sundials.",12, with,351,5.760262966156006,8.345490714734199,0.7417288598020214,0.0787432111827009
30,"For centuries, time was measured by the position of the sun with the use of sundials.",13, the,262,1.5094072818756104,6.274113732891093,-0.5803921634855348,-0.5486722148156008
30,"For centuries, time was measured by the position of the sun with the use of sundials.",14, use,779,5.638672351837158,10.007490957259154,0.7039111780538791,0.5821593441771048
30,"For centuries, time was measured by the position of the sun with the use of sundials.",15, of,286,0.006109846290200949,2.67585909578123,-1.0479547653380605,-1.6385754462321453
30,"For centuries, time was measured by the position of the sun with the use of sundials.",16, sund,37437,8.63994026184082,12.921960266734379,1.6373795653736138,1.4649455387674812
30,"For centuries, time was measured by the position of the sun with the use of sundials.",17,ials,8231,0.8762217164039612,13.684535953726089,-0.77732850052658,1.6959279981188091
30,"For centuries, time was measured by the position of the sun with the use of sundials.",18,.,13,1.0407602787017822,7.004378576407541,-0.7261529470586234,-0.32747663723475484
31,"The girl 's feet were then re-wrapped even tighter than before, causing her footprint to shrink further.",1, girl,2576,8.683242797851562,13.29002385763712,1.2651322791177857,0.9694989974355279
31,"The girl 's feet were then re-wrapped even tighter than before, causing her footprint to shrink further.",2, ',705,8.372379302978516,8.55963870313983,1.1775300041900016,-0.5188922480270233
31,"The girl 's feet were then re-wrapped even tighter than before, causing her footprint to shrink further.",3,s,82,2.70798659324646,6.659538090115811,-0.4187130273680498,-1.1167490874926727
31,"The girl 's feet were then re-wrapped even tighter than before, causing her footprint to shrink further.",4, feet,3625,8.133009910583496,9.552144485813391,1.110074984003573,-0.20660543210087373
31,"The girl 's feet were then re-wrapped even tighter than before, causing her footprint to shrink further.",5, were,547,1.2604259252548218,6.971317714146653,-0.8266400104441353,-1.0186492398555458
31,"The girl 's feet were then re-wrapped even tighter than before, causing her footprint to shrink further.",6, then,788,5.923892498016357,10.879790119851775,0.48753900240658854,0.21113140628333774
31,"The girl 's feet were then re-wrapped even tighter than before, causing her footprint to shrink further.",7, re,302,7.017065048217773,10.830397364522199,0.7955983399153569,0.19559023104691511
31,"The girl 's feet were then re-wrapped even tighter than before, causing her footprint to shrink further.",8,-,12,0.6785211563110352,7.358655437662261,-0.9906225377962785,-0.8967754266481958
31,"The girl 's feet were then re-wrapped even tighter than before, causing her footprint to shrink further.",9,wra,29988,5.376819133758545,15.629629442874846,0.33337207045160744,1.7056438053466687
31,"The girl 's feet were then re-wrapped even tighter than before, causing her footprint to shrink further.",10,pped,1496,0.0011528043542057276,8.85230831710265,-1.1815069921441121,-0.426805266310318
31,"The girl 's feet were then re-wrapped even tighter than before, causing her footprint to shrink further.",11, even,772,9.128173828125,10.57640913785689,1.390515191813384,0.1156741479643785
31,"The girl 's feet were then re-wrapped even tighter than before, causing her footprint to shrink further.",12, tighter,28619,1.6912115812301636,10.669385594314996,-0.7052433070933306,0.1449287095500895
31,"The girl 's feet were then re-wrapped even tighter than before, causing her footprint to shrink further.",13, than,621,3.656722068786621,7.17334434201994,-0.15135649521572078,-0.9550826053308618
31,"The girl 's feet were then re-wrapped even tighter than before, causing her footprint to shrink further.",14, before,878,0.8650199174880981,11.470746359515173,-0.9380666217116436,0.39707273343515326
31,"The girl 's feet were then re-wrapped even tighter than before, causing her footprint to shrink further.",15,",",11,1.272113561630249,7.527889359700847,-0.8233463990941301,-0.843526847564091
31,"The girl 's feet were then re-wrapped even tighter than before, causing her footprint to shrink further.",16, causing,6666,4.839600086212158,13.639800059884696,0.18198211480943635,1.079554272068182
31,"The girl 's feet were then re-wrapped even tighter than before, causing her footprint to shrink further.",17, her,607,1.0008940696716309,13.045092952138004,-0.8997768738593831,0.8924327536558834
31,"The girl 's feet were then re-wrapped even tighter than before, causing her footprint to shrink further.",18, footprint,24713,12.250800132751465,19.14215750718133,2.2704807475835533,2.8108426104344306
31,"The girl 's feet were then re-wrapped even tighter than before, causing her footprint to shrink further.",19, to,284,0.04526963829994202,8.193062688218387,-1.1690747346420336,-0.6342334969075513
31,"The girl 's feet were then re-wrapped even tighter than before, causing her footprint to shrink further.",20, shrink,22085,5.510112762451172,7.753696028434541,0.370934618963848,-0.7724779460616913
31,"The girl 's feet were then re-wrapped even tighter than before, causing her footprint to shrink further.",21, further,2252,3.131767749786377,7.493042628370679,-0.2992902131852999,-0.8544911915130183
31,"The girl 's feet were then re-wrapped even tighter than before, causing her footprint to shrink further.",22,.,13,0.7179117798805237,9.324982174904266,-0.9795221407010184,-0.27808087940874027
32,"The astronauts used a hefty robotic arm to move the bus-size canister, stuffed with nearly three tons of packing foam.",1, astronauts,26835,11.996192932128906,13.447115716055196,2.0856255072968874,1.260970123292855
32,"The astronauts used a hefty robotic arm to move the bus-size canister, stuffed with nearly three tons of packing foam.",2, used,973,5.014569282531738,8.626501648368958,0.15282391091649278,-0.23378291500289083
32,"The astronauts used a hefty robotic arm to move the bus-size canister, stuffed with nearly three tons of packing foam.",3, a,257,1.651955246925354,5.966390909555866,-0.7780864477944271,-1.0586173765909932
32,"The astronauts used a hefty robotic arm to move the bus-size canister, stuffed with nearly three tons of packing foam.",4, hefty,29784,9.776294708251953,11.962703498976781,1.4710660514661595,0.8006906567338857
32,"The astronauts used a hefty robotic arm to move the bus-size canister, stuffed with nearly three tons of packing foam.",5, robotic,25810,7.261144638061523,13.646069672898292,0.7747686979013026,1.3226608181496862
32,"The astronauts used a hefty robotic arm to move the bus-size canister, stuffed with nearly three tons of packing foam.",6, arm,3211,0.47548991441726685,5.084001729357392,-1.103780611055293,-1.3322244087121151
32,"The astronauts used a hefty robotic arm to move the bus-size canister, stuffed with nearly three tons of packing foam.",7, to,284,0.6513892412185669,7.672628205345759,-1.055084417059874,-0.5295554466946673
32,"The astronauts used a hefty robotic arm to move the bus-size canister, stuffed with nearly three tons of packing foam.",8, move,1445,3.856712579727173,11.90372949651723,-0.16771861556150341,0.7824042790817568
32,"The astronauts used a hefty robotic arm to move the bus-size canister, stuffed with nearly three tons of packing foam.",9, the,262,1.3359519243240356,5.455565285789875,-0.8655692106930801,-1.2170117517561516
32,"The astronauts used a hefty robotic arm to move the bus-size canister, stuffed with nearly three tons of packing foam.",10, bus,1323,8.758679389953613,14.410908781914353,1.189348128756066,1.559818484363338
32,"The astronauts used a hefty robotic arm to move the bus-size canister, stuffed with nearly three tons of packing foam.",11,-,12,6.31502628326416,6.601718519226985,0.5128440857628859,-0.8616180189293067
32,"The astronauts used a hefty robotic arm to move the bus-size canister, stuffed with nearly three tons of packing foam.",12,size,7857,3.177764892578125,13.780499941987832,-0.3556793592856618,1.3643443153845
32,"The astronauts used a hefty robotic arm to move the bus-size canister, stuffed with nearly three tons of packing foam.",13, can,460,8.075639724731445,8.515836080481437,1.0002545566027303,-0.2680975669356045
32,"The astronauts used a hefty robotic arm to move the bus-size canister, stuffed with nearly three tons of packing foam.",14,ister,1694,0.49161773920059204,9.851075270801044,-1.099315763470856,0.1459270383445561
32,"The astronauts used a hefty robotic arm to move the bus-size canister, stuffed with nearly three tons of packing foam.",15,",",11,2.5550172328948975,8.403358097054747,-0.5280816157217196,-0.302974204041947
32,"The astronauts used a hefty robotic arm to move the bus-size canister, stuffed with nearly three tons of packing foam.",16, stuffed,22259,10.16423511505127,11.93051681248088,1.5784639685116366,0.7907103623653898
32,"The astronauts used a hefty robotic arm to move the bus-size canister, stuffed with nearly three tons of packing foam.",17, with,351,0.6678207516670227,5.261409271348918,-1.0505354967485436,-1.2772147234967017
32,"The astronauts used a hefty robotic arm to move the bus-size canister, stuffed with nearly three tons of packing foam.",18, nearly,3016,5.349150657653809,11.541782132631925,0.2454498455717356,0.6701733652865003
32,"The astronauts used a hefty robotic arm to move the bus-size canister, stuffed with nearly three tons of packing foam.",19, three,1115,3.9359962940216064,8.25714154490291,-0.14576961096798163,-0.3483123357632009
32,"The astronauts used a hefty robotic arm to move the bus-size canister, stuffed with nearly three tons of packing foam.",20, tons,10860,1.1734440326690674,13.886660137816222,-0.9105581027014967,1.3972619630186986
32,"The astronauts used a hefty robotic arm to move the bus-size canister, stuffed with nearly three tons of packing foam.",21, of,286,0.01713120937347412,3.5428532061441578,-1.2306732196069743,-1.8100963987101997
32,"The astronauts used a hefty robotic arm to move the bus-size canister, stuffed with nearly three tons of packing foam.",22, packing,24157,8.214664459228516,8.069930002814763,1.0387423414302328,-0.4063619986092876
32,"The astronauts used a hefty robotic arm to move the bus-size canister, stuffed with nearly three tons of packing foam.",23, foam,19828,4.842255115509033,7.7671190487666815,0.10512023712713592,-0.5002561762466715
32,"The astronauts used a hefty robotic arm to move the bus-size canister, stuffed with nearly three tons of packing foam.",24,.,13,1.3428668975830078,9.545455497662596,-0.8636548606758545,0.05116191546857878
33,"Very similar, but even more striking, is the evidence from athletic training.",1, similar,2092,7.0562825202941895,13.527588069277769,1.0338882169200418,1.6307306583362395
33,"Very similar, but even more striking, is the evidence from athletic training.",2,",",11,3.54548716545105,4.806220727888323,-0.10677429265331023,-0.8204471086030621
33,"Very similar, but even more striking, is the evidence from athletic training.",3, but,475,1.5244351625442505,6.746549467105441,-0.7634170236042063,-0.27510937886988823
33,"Very similar, but even more striking, is the evidence from athletic training.",4, even,772,5.39890718460083,10.056281121428587,0.495404563320292,0.6551049244665935
33,"Very similar, but even more striking, is the evidence from athletic training.",5, more,517,1.0214515924453735,2.9016657645149238,-0.9268371160204967,-1.355730464915746
33,"Very similar, but even more striking, is the evidence from athletic training.",6, striking,8871,4.175894260406494,13.221912431777975,0.09804588804812281,1.54481920693129
33,"Very similar, but even more striking, is the evidence from athletic training.",7,",",11,2.316455841064453,3.7176085225547966,-0.5060883548885647,-1.1264062466695006
33,"Very similar, but even more striking, is the evidence from athletic training.",8, is,318,0.7468787431716919,4.034179604858714,-1.016046233516101,-1.037432583684718
33,"Very similar, but even more striking, is the evidence from athletic training.",9, the,262,0.8060283064842224,5.669819889686839,-0.9968284544919934,-0.5777288533012855
33,"Very similar, but even more striking, is the evidence from athletic training.",10, evidence,2370,6.759145259857178,11.029730267142691,0.9373478894668127,0.9286969897722991
33,"Very similar, but even more striking, is the evidence from athletic training.",11, from,422,3.996164321899414,6.2781705335867075,0.039651370002478994,-0.4067492907556494
33,"Very similar, but even more striking, is the evidence from athletic training.",12, athletic,15177,11.78776741027832,11.541782132631925,2.571154529287836,1.072611366850589
33,"Very similar, but even more striking, is the evidence from athletic training.",13, training,3047,3.167987108230591,6.727256264170762,-0.22942460949366952,-0.2805318164574098
33,"Very similar, but even more striking, is the evidence from athletic training.",14,.,13,1.9348385334014893,7.896796872075214,-0.6300763723772432,0.048172596900249526
34,"It was a forbidding challenge, and it says much for Winstanley's persuasive abilities, not to mention his self-confidence.",1, was,373,3.677009105682373,8.0281328741363,0.013908163971147162,-0.3040739523526722
34,"It was a forbidding challenge, and it says much for Winstanley's persuasive abilities, not to mention his self-confidence.",2, a,257,1.8585036993026733,6.200005760737371,-0.5360328066735408,-0.9367160089511027
34,"It was a forbidding challenge, and it says much for Winstanley's persuasive abilities, not to mention his self-confidence.",3, forb,11747,12.083698272705078,12.081655441838146,2.556206242492966,1.0986889271558287
34,"It was a forbidding challenge, and it says much for Winstanley's persuasive abilities, not to mention his self-confidence.",4,idding,13494,0.029827943071722984,9.21375653979404,-1.0890494305713736,0.10622322484903311
34,"It was a forbidding challenge, and it says much for Winstanley's persuasive abilities, not to mention his self-confidence.",5, challenge,4427,8.074743270874023,12.163893540075119,1.3438432782458787,1.127148260873959
34,"It was a forbidding challenge, and it says much for Winstanley's persuasive abilities, not to mention his self-confidence.",6,",",11,1.6765224933624268,5.059669628697861,-0.5910664187171302,-1.3313409726636491
34,"It was a forbidding challenge, and it says much for Winstanley's persuasive abilities, not to mention his self-confidence.",7, and,290,1.9341208934783936,5.187721555557759,-0.5131651302748156,-1.2870272956954112
34,"It was a forbidding challenge, and it says much for Winstanley's persuasive abilities, not to mention his self-confidence.",8, it,340,2.512694835662842,8.446843208994487,-0.3381964366221097,-0.1591749650655141
34,"It was a forbidding challenge, and it says much for Winstanley's persuasive abilities, not to mention his self-confidence.",9, says,1139,8.393728256225586,9.916519179053427,1.440308711810112,0.34942141284318506
34,"It was a forbidding challenge, and it says much for Winstanley's persuasive abilities, not to mention his self-confidence.",10, much,881,3.625612735748291,10.938438846933282,-0.0016348030555127925,0.7030671498531678
34,"It was a forbidding challenge, and it says much for Winstanley's persuasive abilities, not to mention his self-confidence.",11, for,329,4.518666744232178,5.97236107654237,0.26843697486759993,-1.0154947766457967
34,"It was a forbidding challenge, and it says much for Winstanley's persuasive abilities, not to mention his self-confidence.",12, Win,7178,9.198168754577637,12.141293708157878,1.6835825491809602,1.11932735824738
34,"It was a forbidding challenge, and it says much for Winstanley's persuasive abilities, not to mention his self-confidence.",13,stan,14192,4.456165313720703,12.812340541717157,0.24953568524724615,1.3515499677942067
34,"It was a forbidding challenge, and it says much for Winstanley's persuasive abilities, not to mention his self-confidence.",14,ley,1636,0.08581062406301498,9.558878517994737,-1.0721195001924837,0.22565620982361884
34,"It was a forbidding challenge, and it says much for Winstanley's persuasive abilities, not to mention his self-confidence.",15,'s,338,0.5096374750137329,8.145915909792684,-0.9439484488558055,-0.26331393005229703
34,"It was a forbidding challenge, and it says much for Winstanley's persuasive abilities, not to mention his self-confidence.",16, persuasive,40116,8.839946746826172,15.845655526420192,1.5752513020161134,2.401259594749783
34,"It was a forbidding challenge, and it says much for Winstanley's persuasive abilities, not to mention his self-confidence.",17, abilities,7883,4.439757823944092,12.18118503718518,0.24457383535560584,1.1331321600312971
34,"It was a forbidding challenge, and it says much for Winstanley's persuasive abilities, not to mention his self-confidence.",18,",",11,3.2317585945129395,4.2616428173174405,-0.12074169598172191,-1.6075063002670074
34,"It was a forbidding challenge, and it says much for Winstanley's persuasive abilities, not to mention his self-confidence.",19, not,407,4.470446586608887,7.2617134924700295,0.2538545379966613,-0.5693012061253917
34,"It was a forbidding challenge, and it says much for Winstanley's persuasive abilities, not to mention his self-confidence.",20, to,284,1.6617436408996582,6.380824687646791,-0.5955357463528229,-0.8741417727541398
34,"It was a forbidding challenge, and it says much for Winstanley's persuasive abilities, not to mention his self-confidence.",21, mention,3068,0.05450590327382088,7.2617134924700295,-1.081586477016514,-0.5693012061253917
34,"It was a forbidding challenge, and it says much for Winstanley's persuasive abilities, not to mention his self-confidence.",22, his,465,0.7362762093544006,11.372842144533802,-0.8754097878698472,0.8533968471553279
34,"It was a forbidding challenge, and it says much for Winstanley's persuasive abilities, not to mention his self-confidence.",23, self,2116,5.487443923950195,8.119940423389425,0.5614084781050827,-0.2723030123862653
34,"It was a forbidding challenge, and it says much for Winstanley's persuasive abilities, not to mention his self-confidence.",24,-,12,0.15693534910678864,5.996604688152362,-1.050610408061007,-1.0071050272701074
34,"It was a forbidding challenge, and it says much for Winstanley's persuasive abilities, not to mention his self-confidence.",25,confidence,39745,2.0508224964141846,9.704060527839234,-0.4778729653083841,0.2758979269427026
34,"It was a forbidding challenge, and it says much for Winstanley's persuasive abilities, not to mention his self-confidence.",26,.,13,0.6419355273246765,7.323357655581237,-0.9039397037363034,-0.5479686139647431
35,"With schools still closed, cars still buried and streets still blocked by the widespread weekend snowstorm, officials are asking people to help out.",1, schools,4266,9.712669372558594,18.556368844941886,1.7819755983369014,2.801726310432636
35,"With schools still closed, cars still buried and streets still blocked by the widespread weekend snowstorm, officials are asking people to help out.",2, still,991,6.151061058044434,8.264521652200532,0.5734664166382993,-0.11523602208858323
35,"With schools still closed, cars still buried and streets still blocked by the widespread weekend snowstorm, officials are asking people to help out.",3, closed,4838,5.746657371520996,12.796080020845377,0.4362459462444333,1.1691189456261528
35,"With schools still closed, cars still buried and streets still blocked by the widespread weekend snowstorm, officials are asking people to help out.",4,",",11,1.6326069831848145,5.49193292996075,-0.9597154367110612,-0.90105577969736
35,"With schools still closed, cars still buried and streets still blocked by the widespread weekend snowstorm, officials are asking people to help out.",5, cars,5006,8.438385963439941,11.228360561978569,1.3495913876053638,0.724788737080085
35,"With schools still closed, cars still buried and streets still blocked by the widespread weekend snowstorm, officials are asking people to help out.",6, still,991,2.6899330615997314,6.465382075674854,-0.6009482279176073,-0.6251563772387172
35,"With schools still closed, cars still buried and streets still blocked by the widespread weekend snowstorm, officials are asking people to help out.",7, buried,11694,9.291986465454102,11.33721496689065,1.6392313348120142,0.7556407496402305
35,"With schools still closed, cars still buried and streets still blocked by the widespread weekend snowstorm, officials are asking people to help out.",8, and,290,3.469076633453369,4.352202394363168,-0.33657267695952564,-1.2240834130562313
35,"With schools still closed, cars still buried and streets still blocked by the widespread weekend snowstorm, officials are asking people to help out.",9, streets,6483,5.858043670654297,10.28639334205889,0.47404105264887897,0.4578120858028173
35,"With schools still closed, cars still buried and streets still blocked by the widespread weekend snowstorm, officials are asking people to help out.",10, still,991,2.078540563583374,6.641838513016411,-0.8084032263977537,-0.5751442879201708
35,"With schools still closed, cars still buried and streets still blocked by the widespread weekend snowstorm, officials are asking people to help out.",11, blocked,10226,2.860560894012451,11.029730267142691,-0.5430515464426173,0.6684920318061787
35,"With schools still closed, cars still buried and streets still blocked by the widespread weekend snowstorm, officials are asking people to help out.",12, by,416,1.9703447818756104,5.427394408823179,-0.8451157405397606,-0.9193475820948628
35,"With schools still closed, cars still buried and streets still blocked by the widespread weekend snowstorm, officials are asking people to help out.",13, the,262,2.9267690181732178,5.150183636238694,-0.5205860985646852,-0.9979159252362524
35,"With schools still closed, cars still buried and streets still blocked by the widespread weekend snowstorm, officials are asking people to help out.",14, widespread,10095,10.613391876220703,12.579408984036785,2.087604774740792,1.1077090508732717
35,"With schools still closed, cars still buried and streets still blocked by the widespread weekend snowstorm, officials are asking people to help out.",15, weekend,5041,9.365201950073242,11.505633618515613,1.664074489249903,0.8033747330237493
35,"With schools still closed, cars still buried and streets still blocked by the widespread weekend snowstorm, officials are asking people to help out.",16, snow,6729,4.884912967681885,10.314764039188105,0.1438426462877913,0.4658530383474349
35,"With schools still closed, cars still buried and streets still blocked by the widespread weekend snowstorm, officials are asking people to help out.",17,storm,12135,2.46809720993042,4.400755619780159,-0.6762205880139651,-1.2103222361740422
35,"With schools still closed, cars still buried and streets still blocked by the widespread weekend snowstorm, officials are asking people to help out.",18,",",11,0.7533013820648193,6.967260913451038,-1.2580775244628355,-0.48291158503900783
35,"With schools still closed, cars still buried and streets still blocked by the widespread weekend snowstorm, officials are asking people to help out.",19, officials,2828,4.656553268432617,13.335076521578063,0.0663566430829956,1.3218837953711875
35,"With schools still closed, cars still buried and streets still blocked by the widespread weekend snowstorm, officials are asking people to help out.",20, are,389,2.4777700901031494,6.951196310947232,-0.6729384290930709,-0.4874646880450044
35,"With schools still closed, cars still buried and streets still blocked by the widespread weekend snowstorm, officials are asking people to help out.",21, asking,4737,4.15137243270874,10.690111724832112,-0.10505908388016402,0.5722357935631146
35,"With schools still closed, cars still buried and streets still blocked by the widespread weekend snowstorm, officials are asking people to help out.",22, people,661,2.900160312652588,8.794039408978675,-0.5296148468421842,0.034842318757007634
35,"With schools still closed, cars still buried and streets still blocked by the widespread weekend snowstorm, officials are asking people to help out.",23, to,284,0.1896820366382599,5.069331539609599,-1.4493223480879363,-1.0208313957009492
35,"With schools still closed, cars still buried and streets still blocked by the widespread weekend snowstorm, officials are asking people to help out.",24, help,1037,5.611790180206299,6.4128640413914075,0.39048340735167836,-0.6400412783564597
35,"With schools still closed, cars still buried and streets still blocked by the widespread weekend snowstorm, officials are asking people to help out.",25, out,503,3.4907867908477783,6.740076952599823,-0.3292060823678785,-0.5473011007348247
35,"With schools still closed, cars still buried and streets still blocked by the widespread weekend snowstorm, officials are asking people to help out.",26,.,13,1.5961618423461914,4.660635410919988,-0.9720818407180057,-1.136665918941407
36,"Steam sterilization is limited in the types of medical waste it can treat, but is appropriate for laboratory substances contaminated with infectious organisms.",1, steril,30429,12.756311416625977,15.810808795090022,2.478577796552452,2.0946276164157727
36,"Steam sterilization is limited in the types of medical waste it can treat, but is appropriate for laboratory substances contaminated with infectious organisms.",2,ization,1634,0.6906884908676147,7.578809450128104,-1.0815806570931716,-0.390918232469615
36,"Steam sterilization is limited in the types of medical waste it can treat, but is appropriate for laboratory substances contaminated with infectious organisms.",3, is,318,3.2091708183288574,10.437053616946379,-0.338461449436954,0.47209166661206453
36,"Steam sterilization is limited in the types of medical waste it can treat, but is appropriate for laboratory substances contaminated with infectious organisms.",4, limited,3614,6.07688045501709,13.522017024228314,0.5077029606790643,1.4035565112522346
36,"Steam sterilization is limited in the types of medical waste it can treat, but is appropriate for laboratory substances contaminated with infectious organisms.",5, in,287,4.044386386871338,4.333422499711571,-0.09201749994016048,-1.3708208933671102
36,"Steam sterilization is limited in the types of medical waste it can treat, but is appropriate for laboratory substances contaminated with infectious organisms.",6, the,262,1.9228317737579346,6.155880955828433,-0.7180167241179557,-0.8205531077969337
36,"Steam sterilization is limited in the types of medical waste it can treat, but is appropriate for laboratory substances contaminated with infectious organisms.",7, types,3858,7.818922996520996,10.293410914717535,1.0217209702677095,0.4287206084661368
36,"Steam sterilization is limited in the types of medical waste it can treat, but is appropriate for laboratory substances contaminated with infectious organisms.",8, of,286,0.12172020226716995,7.0921541872899265,-1.2494640125553051,-0.5378575017403241
36,"Steam sterilization is limited in the types of medical waste it can treat, but is appropriate for laboratory substances contaminated with infectious organisms.",9, medical,3315,6.109000205993652,14.390841218863544,0.5171804160638234,1.6658867520470702
36,"Steam sterilization is limited in the types of medical waste it can treat, but is appropriate for laboratory substances contaminated with infectious organisms.",10, waste,7030,6.048316478729248,9.6434359060228,0.49927469449864237,0.23246905194370165
36,"Steam sterilization is limited in the types of medical waste it can treat, but is appropriate for laboratory substances contaminated with infectious organisms.",11, it,340,3.3751800060272217,9.756176528978248,-0.2894777362375771,0.26650962649247945
36,"Steam sterilization is limited in the types of medical waste it can treat, but is appropriate for laboratory substances contaminated with infectious organisms.",12, can,460,1.2476097345352173,8.329554122471386,-0.9172519783454536,-0.16424057790229718
36,"Steam sterilization is limited in the types of medical waste it can treat, but is appropriate for laboratory substances contaminated with infectious organisms.",13, treat,2190,5.809624195098877,9.565658204980116,0.42884465067782296,0.20898507996296925
36,"Steam sterilization is limited in the types of medical waste it can treat, but is appropriate for laboratory substances contaminated with infectious organisms.",14,",",11,1.2735085487365723,3.83476361470546,-0.9096101116233045,-1.521384501270615
36,"Steam sterilization is limited in the types of medical waste it can treat, but is appropriate for laboratory substances contaminated with infectious organisms.",15, but,475,1.674021601676941,6.585005038253245,-0.7914322156294722,-0.690984635177883
36,"Steam sterilization is limited in the types of medical waste it can treat, but is appropriate for laboratory substances contaminated with infectious organisms.",16, is,318,3.8817856311798096,5.040621433727167,-0.13999549979199793,-1.1572913118986163
36,"Steam sterilization is limited in the types of medical waste it can treat, but is appropriate for laboratory substances contaminated with infectious organisms.",17, appropriate,5035,8.187287330627441,12.541187771216586,1.1304128634389172,1.1074077901301083
36,"Steam sterilization is limited in the types of medical waste it can treat, but is appropriate for laboratory substances contaminated with infectious organisms.",18, for,329,0.6368198394775391,4.734247228263234,-1.0974754795828952,-1.249797045036519
36,"Steam sterilization is limited in the types of medical waste it can treat, but is appropriate for laboratory substances contaminated with infectious organisms.",19, laboratory,14010,8.006065368652344,10.401121607720317,1.0769403735491059,0.46124246064989327
36,"Steam sterilization is limited in the types of medical waste it can treat, but is appropriate for laboratory substances contaminated with infectious organisms.",20, substances,15938,10.099889755249023,11.090354888959125,1.694757342988585,0.6693475453697099
36,"Steam sterilization is limited in the types of medical waste it can treat, but is appropriate for laboratory substances contaminated with infectious organisms.",21, contaminated,23543,7.4033203125,7.452768729232739,0.8990906329880318,-0.42897459976071883
36,"Steam sterilization is limited in the types of medical waste it can treat, but is appropriate for laboratory substances contaminated with infectious organisms.",22, with,351,0.17336104810237885,3.347952867143343,-1.2342265403597223,-1.6683707171449327
36,"Steam sterilization is limited in the types of medical waste it can treat, but is appropriate for laboratory substances contaminated with infectious organisms.",23, infectious,25246,4.328413963317871,9.96097094162426,-0.008210539986532732,0.328344653549272
36,"Steam sterilization is limited in the types of medical waste it can treat, but is appropriate for laboratory substances contaminated with infectious organisms.",24, organisms,20296,3.268876791000366,11.442575482548477,-0.3208442302807167,0.7756960030896142
36,"Steam sterilization is limited in the types of medical waste it can treat, but is appropriate for laboratory substances contaminated with infectious organisms.",25,.,13,0.7420079112052917,8.496967596177054,-1.0664380267229383,-0.11369224241545418
37,"From coal to cars, Chinese floods tangle supply chains worldwide.",1, coal,5655,10.778135299682617,13.773331452509218,1.3068368968233062,0.7415926180887941
37,"From coal to cars, Chinese floods tangle supply chains worldwide.",2, to,284,3.119856595993042,5.347351701149643,-0.823535593676012,-1.2584051488733763
37,"From coal to cars, Chinese floods tangle supply chains worldwide.",3, cars,5006,7.5403923988342285,10.416932213746959,0.40616473873721154,-0.05508517851698393
37,"From coal to cars, Chinese floods tangle supply chains worldwide.",4,",",11,1.5530664920806885,4.446565155811453,-1.2593837346105214,-1.472216614405946
37,"From coal to cars, Chinese floods tangle supply chains worldwide.",5, Chinese,3999,8.120025634765625,16.976703090841454,0.5674065462222845,1.5019476524550541
37,"From coal to cars, Chinese floods tangle supply chains worldwide.",6, floods,27283,10.947507858276367,14.182374381965268,1.3539527897588521,0.8386833979914827
37,"From coal to cars, Chinese floods tangle supply chains worldwide.",7, t,256,8.584238052368164,10.258805385540061,0.6965407031878935,-0.09261829782688703
37,"From coal to cars, Chinese floods tangle supply chains worldwide.",8,angle,9248,2.47420597076416,15.54214198875173,-1.0031420540413973,1.161439001186661
37,"From coal to cars, Chinese floods tangle supply chains worldwide.",9, supply,5127,8.025105476379395,13.276894566195327,0.5410017492641324,0.623757933771492
37,"From coal to cars, Chinese floods tangle supply chains worldwide.",10, chains,14659,2.1262242794036865,10.669385594314996,-1.0999432610952253,0.004837372010941932
37,"From coal to cars, Chinese floods tangle supply chains worldwide.",11, worldwide,8688,7.938338279724121,6.59054521862886,0.5168649352378833,-0.9633196713110682
37,"From coal to cars, Chinese floods tangle supply chains worldwide.",12,.,13,1.756604552268982,6.30703851758756,-1.2027637158084072,-1.0306130645701632
38,This new film marks 10 years since the death of the superstar.,1, new,649,6.297031402587891,7.758150378783921,0.8021313283483811,-0.47642130700191687
38,This new film marks 10 years since the death of the superstar.,2, film,2646,7.004941940307617,9.144444739903811,1.0291212898332642,0.008813471229868487
38,This new film marks 10 years since the death of the superstar.,3, marks,8849,5.60788631439209,12.845676961984749,0.5811584671010549,1.304329522391576
38,This new film marks 10 years since the death of the superstar.,4, 10,838,7.689781188964844,10.86098078789428,1.2487134930751744,0.6096404037585849
38,This new film marks 10 years since the death of the superstar.,5, years,812,0.18874438107013702,11.499733896388426,-1.1564775097388296,0.8332186218035877
38,This new film marks 10 years since the death of the superstar.,6, since,1201,0.21915756165981293,11.134274122893961,-1.1467255900783024,0.7052993305493339
38,This new film marks 10 years since the death of the superstar.,7, the,262,1.1143372058868408,6.7145978672988385,-0.8596882002696012,-0.8416885876641765
38,This new film marks 10 years since the death of the superstar.,8, death,1918,3.7993204593658447,12.318044219902378,0.0012457918389497935,1.119645977703893
38,This new film marks 10 years since the death of the superstar.,9, of,286,0.02111363597214222,4.836526077383652,-1.2102279405433232,-1.4990567296990962
38,This new film marks 10 years since the death of the superstar.,10, the,262,2.552578926086426,4.887819371771203,-0.3985191467255654,-1.4811029018361488
38,This new film marks 10 years since the death of the superstar.,11, superstar,28422,8.459277153015137,10.800721596376082,1.4954506864572326,0.588548306544009
38,This new film marks 10 years since the death of the superstar.,12,.,13,2.591052532196045,6.630210475021292,-0.3861826692984352,-0.8712261077795115
