sentence_id,sentence,causal,berkeley_neural_parser_result,item#_in_Provo,item,Question,Option1,Option0,Correct answer,word_position,word,convergence_timestep,token_changes,correctness_ratio,final_is_correct
0,"There are now rumblings that Apple might soon invade the smart watch space, though the company is maintaining its customary silence.",False,"(S (NP (EX There)) (VP (VBP are) (ADVP (RB now)) (NP (NNS rumblings) (SBAR (IN that) (S (NP (NNP Apple)) (VP (MD might) (ADVP (RB soon)) (VP (VB invade) (NP (DT the) (NNP smart) (NNP watch) (NN space))))))) (, ,) (SBAR (IN though) (S (NP (DT the) (NN company)) (VP (VBZ is) (VP (VBG maintaining) (NP (PRP$ its) (JJ customary) (NN silence))))))) (. .))",1.0,73,Which market is Apple rumored to enter?,Smart watches,Self-driving cars,1,0,There,1.0,0,1.0,True
0,"There are now rumblings that Apple might soon invade the smart watch space, though the company is maintaining its customary silence.",False,"(S (NP (EX There)) (VP (VBP are) (ADVP (RB now)) (NP (NNS rumblings) (SBAR (IN that) (S (NP (NNP Apple)) (VP (MD might) (ADVP (RB soon)) (VP (VB invade) (NP (DT the) (NNP smart) (NNP watch) (NN space))))))) (, ,) (SBAR (IN though) (S (NP (DT the) (NN company)) (VP (VBZ is) (VP (VBG maintaining) (NP (PRP$ its) (JJ customary) (NN silence))))))) (. .))",1.0,73,Which market is Apple rumored to enter?,Smart watches,Self-driving cars,1,1,Ġare,1.0,0,1.0,True
0,"There are now rumblings that Apple might soon invade the smart watch space, though the company is maintaining its customary silence.",False,"(S (NP (EX There)) (VP (VBP are) (ADVP (RB now)) (NP (NNS rumblings) (SBAR (IN that) (S (NP (NNP Apple)) (VP (MD might) (ADVP (RB soon)) (VP (VB invade) (NP (DT the) (NNP smart) (NNP watch) (NN space))))))) (, ,) (SBAR (IN though) (S (NP (DT the) (NN company)) (VP (VBZ is) (VP (VBG maintaining) (NP (PRP$ its) (JJ customary) (NN silence))))))) (. .))",1.0,73,Which market is Apple rumored to enter?,Smart watches,Self-driving cars,1,2,Ġnow,1.0,0,1.0,True
0,"There are now rumblings that Apple might soon invade the smart watch space, though the company is maintaining its customary silence.",False,"(S (NP (EX There)) (VP (VBP are) (ADVP (RB now)) (NP (NNS rumblings) (SBAR (IN that) (S (NP (NNP Apple)) (VP (MD might) (ADVP (RB soon)) (VP (VB invade) (NP (DT the) (NNP smart) (NNP watch) (NN space))))))) (, ,) (SBAR (IN though) (S (NP (DT the) (NN company)) (VP (VBZ is) (VP (VBG maintaining) (NP (PRP$ its) (JJ customary) (NN silence))))))) (. .))",1.0,73,Which market is Apple rumored to enter?,Smart watches,Self-driving cars,1,3,Ġr,1.0,0,1.0,True
0,"There are now rumblings that Apple might soon invade the smart watch space, though the company is maintaining its customary silence.",False,"(S (NP (EX There)) (VP (VBP are) (ADVP (RB now)) (NP (NNS rumblings) (SBAR (IN that) (S (NP (NNP Apple)) (VP (MD might) (ADVP (RB soon)) (VP (VB invade) (NP (DT the) (NNP smart) (NNP watch) (NN space))))))) (, ,) (SBAR (IN though) (S (NP (DT the) (NN company)) (VP (VBZ is) (VP (VBG maintaining) (NP (PRP$ its) (JJ customary) (NN silence))))))) (. .))",1.0,73,Which market is Apple rumored to enter?,Smart watches,Self-driving cars,1,4,umb,1.0,0,1.0,True
0,"There are now rumblings that Apple might soon invade the smart watch space, though the company is maintaining its customary silence.",False,"(S (NP (EX There)) (VP (VBP are) (ADVP (RB now)) (NP (NNS rumblings) (SBAR (IN that) (S (NP (NNP Apple)) (VP (MD might) (ADVP (RB soon)) (VP (VB invade) (NP (DT the) (NNP smart) (NNP watch) (NN space))))))) (, ,) (SBAR (IN though) (S (NP (DT the) (NN company)) (VP (VBZ is) (VP (VBG maintaining) (NP (PRP$ its) (JJ customary) (NN silence))))))) (. .))",1.0,73,Which market is Apple rumored to enter?,Smart watches,Self-driving cars,1,5,lings,1.0,0,1.0,True
0,"There are now rumblings that Apple might soon invade the smart watch space, though the company is maintaining its customary silence.",False,"(S (NP (EX There)) (VP (VBP are) (ADVP (RB now)) (NP (NNS rumblings) (SBAR (IN that) (S (NP (NNP Apple)) (VP (MD might) (ADVP (RB soon)) (VP (VB invade) (NP (DT the) (NNP smart) (NNP watch) (NN space))))))) (, ,) (SBAR (IN though) (S (NP (DT the) (NN company)) (VP (VBZ is) (VP (VBG maintaining) (NP (PRP$ its) (JJ customary) (NN silence))))))) (. .))",1.0,73,Which market is Apple rumored to enter?,Smart watches,Self-driving cars,1,6,Ġthat,1.0,0,1.0,True
0,"There are now rumblings that Apple might soon invade the smart watch space, though the company is maintaining its customary silence.",False,"(S (NP (EX There)) (VP (VBP are) (ADVP (RB now)) (NP (NNS rumblings) (SBAR (IN that) (S (NP (NNP Apple)) (VP (MD might) (ADVP (RB soon)) (VP (VB invade) (NP (DT the) (NNP smart) (NNP watch) (NN space))))))) (, ,) (SBAR (IN though) (S (NP (DT the) (NN company)) (VP (VBZ is) (VP (VBG maintaining) (NP (PRP$ its) (JJ customary) (NN silence))))))) (. .))",1.0,73,Which market is Apple rumored to enter?,Smart watches,Self-driving cars,1,7,ĠApple,1.0,0,1.0,True
0,"There are now rumblings that Apple might soon invade the smart watch space, though the company is maintaining its customary silence.",False,"(S (NP (EX There)) (VP (VBP are) (ADVP (RB now)) (NP (NNS rumblings) (SBAR (IN that) (S (NP (NNP Apple)) (VP (MD might) (ADVP (RB soon)) (VP (VB invade) (NP (DT the) (NNP smart) (NNP watch) (NN space))))))) (, ,) (SBAR (IN though) (S (NP (DT the) (NN company)) (VP (VBZ is) (VP (VBG maintaining) (NP (PRP$ its) (JJ customary) (NN silence))))))) (. .))",1.0,73,Which market is Apple rumored to enter?,Smart watches,Self-driving cars,1,8,Ġmight,1.0,0,1.0,True
0,"There are now rumblings that Apple might soon invade the smart watch space, though the company is maintaining its customary silence.",False,"(S (NP (EX There)) (VP (VBP are) (ADVP (RB now)) (NP (NNS rumblings) (SBAR (IN that) (S (NP (NNP Apple)) (VP (MD might) (ADVP (RB soon)) (VP (VB invade) (NP (DT the) (NNP smart) (NNP watch) (NN space))))))) (, ,) (SBAR (IN though) (S (NP (DT the) (NN company)) (VP (VBZ is) (VP (VBG maintaining) (NP (PRP$ its) (JJ customary) (NN silence))))))) (. .))",1.0,73,Which market is Apple rumored to enter?,Smart watches,Self-driving cars,1,9,Ġsoon,1.0,0,1.0,True
0,"There are now rumblings that Apple might soon invade the smart watch space, though the company is maintaining its customary silence.",False,"(S (NP (EX There)) (VP (VBP are) (ADVP (RB now)) (NP (NNS rumblings) (SBAR (IN that) (S (NP (NNP Apple)) (VP (MD might) (ADVP (RB soon)) (VP (VB invade) (NP (DT the) (NNP smart) (NNP watch) (NN space))))))) (, ,) (SBAR (IN though) (S (NP (DT the) (NN company)) (VP (VBZ is) (VP (VBG maintaining) (NP (PRP$ its) (JJ customary) (NN silence))))))) (. .))",1.0,73,Which market is Apple rumored to enter?,Smart watches,Self-driving cars,1,10,Ġinvade,1.0,0,1.0,True
0,"There are now rumblings that Apple might soon invade the smart watch space, though the company is maintaining its customary silence.",False,"(S (NP (EX There)) (VP (VBP are) (ADVP (RB now)) (NP (NNS rumblings) (SBAR (IN that) (S (NP (NNP Apple)) (VP (MD might) (ADVP (RB soon)) (VP (VB invade) (NP (DT the) (NNP smart) (NNP watch) (NN space))))))) (, ,) (SBAR (IN though) (S (NP (DT the) (NN company)) (VP (VBZ is) (VP (VBG maintaining) (NP (PRP$ its) (JJ customary) (NN silence))))))) (. .))",1.0,73,Which market is Apple rumored to enter?,Smart watches,Self-driving cars,1,11,Ġthe,1.0,0,1.0,True
0,"There are now rumblings that Apple might soon invade the smart watch space, though the company is maintaining its customary silence.",False,"(S (NP (EX There)) (VP (VBP are) (ADVP (RB now)) (NP (NNS rumblings) (SBAR (IN that) (S (NP (NNP Apple)) (VP (MD might) (ADVP (RB soon)) (VP (VB invade) (NP (DT the) (NNP smart) (NNP watch) (NN space))))))) (, ,) (SBAR (IN though) (S (NP (DT the) (NN company)) (VP (VBZ is) (VP (VBG maintaining) (NP (PRP$ its) (JJ customary) (NN silence))))))) (. .))",1.0,73,Which market is Apple rumored to enter?,Smart watches,Self-driving cars,1,12,Ġsmart,1.0,0,1.0,True
0,"There are now rumblings that Apple might soon invade the smart watch space, though the company is maintaining its customary silence.",False,"(S (NP (EX There)) (VP (VBP are) (ADVP (RB now)) (NP (NNS rumblings) (SBAR (IN that) (S (NP (NNP Apple)) (VP (MD might) (ADVP (RB soon)) (VP (VB invade) (NP (DT the) (NNP smart) (NNP watch) (NN space))))))) (, ,) (SBAR (IN though) (S (NP (DT the) (NN company)) (VP (VBZ is) (VP (VBG maintaining) (NP (PRP$ its) (JJ customary) (NN silence))))))) (. .))",1.0,73,Which market is Apple rumored to enter?,Smart watches,Self-driving cars,1,13,Ġwatch,1.0,0,1.0,True
0,"There are now rumblings that Apple might soon invade the smart watch space, though the company is maintaining its customary silence.",False,"(S (NP (EX There)) (VP (VBP are) (ADVP (RB now)) (NP (NNS rumblings) (SBAR (IN that) (S (NP (NNP Apple)) (VP (MD might) (ADVP (RB soon)) (VP (VB invade) (NP (DT the) (NNP smart) (NNP watch) (NN space))))))) (, ,) (SBAR (IN though) (S (NP (DT the) (NN company)) (VP (VBZ is) (VP (VBG maintaining) (NP (PRP$ its) (JJ customary) (NN silence))))))) (. .))",1.0,73,Which market is Apple rumored to enter?,Smart watches,Self-driving cars,1,14,Ġspace,1.0,0,1.0,True
0,"There are now rumblings that Apple might soon invade the smart watch space, though the company is maintaining its customary silence.",False,"(S (NP (EX There)) (VP (VBP are) (ADVP (RB now)) (NP (NNS rumblings) (SBAR (IN that) (S (NP (NNP Apple)) (VP (MD might) (ADVP (RB soon)) (VP (VB invade) (NP (DT the) (NNP smart) (NNP watch) (NN space))))))) (, ,) (SBAR (IN though) (S (NP (DT the) (NN company)) (VP (VBZ is) (VP (VBG maintaining) (NP (PRP$ its) (JJ customary) (NN silence))))))) (. .))",1.0,73,Which market is Apple rumored to enter?,Smart watches,Self-driving cars,1,15,",",1.0,0,1.0,True
0,"There are now rumblings that Apple might soon invade the smart watch space, though the company is maintaining its customary silence.",False,"(S (NP (EX There)) (VP (VBP are) (ADVP (RB now)) (NP (NNS rumblings) (SBAR (IN that) (S (NP (NNP Apple)) (VP (MD might) (ADVP (RB soon)) (VP (VB invade) (NP (DT the) (NNP smart) (NNP watch) (NN space))))))) (, ,) (SBAR (IN though) (S (NP (DT the) (NN company)) (VP (VBZ is) (VP (VBG maintaining) (NP (PRP$ its) (JJ customary) (NN silence))))))) (. .))",1.0,73,Which market is Apple rumored to enter?,Smart watches,Self-driving cars,1,16,Ġthough,1.0,0,1.0,True
0,"There are now rumblings that Apple might soon invade the smart watch space, though the company is maintaining its customary silence.",False,"(S (NP (EX There)) (VP (VBP are) (ADVP (RB now)) (NP (NNS rumblings) (SBAR (IN that) (S (NP (NNP Apple)) (VP (MD might) (ADVP (RB soon)) (VP (VB invade) (NP (DT the) (NNP smart) (NNP watch) (NN space))))))) (, ,) (SBAR (IN though) (S (NP (DT the) (NN company)) (VP (VBZ is) (VP (VBG maintaining) (NP (PRP$ its) (JJ customary) (NN silence))))))) (. .))",1.0,73,Which market is Apple rumored to enter?,Smart watches,Self-driving cars,1,17,Ġthe,1.0,0,1.0,True
0,"There are now rumblings that Apple might soon invade the smart watch space, though the company is maintaining its customary silence.",False,"(S (NP (EX There)) (VP (VBP are) (ADVP (RB now)) (NP (NNS rumblings) (SBAR (IN that) (S (NP (NNP Apple)) (VP (MD might) (ADVP (RB soon)) (VP (VB invade) (NP (DT the) (NNP smart) (NNP watch) (NN space))))))) (, ,) (SBAR (IN though) (S (NP (DT the) (NN company)) (VP (VBZ is) (VP (VBG maintaining) (NP (PRP$ its) (JJ customary) (NN silence))))))) (. .))",1.0,73,Which market is Apple rumored to enter?,Smart watches,Self-driving cars,1,18,Ġcompany,1.0,0,1.0,True
0,"There are now rumblings that Apple might soon invade the smart watch space, though the company is maintaining its customary silence.",False,"(S (NP (EX There)) (VP (VBP are) (ADVP (RB now)) (NP (NNS rumblings) (SBAR (IN that) (S (NP (NNP Apple)) (VP (MD might) (ADVP (RB soon)) (VP (VB invade) (NP (DT the) (NNP smart) (NNP watch) (NN space))))))) (, ,) (SBAR (IN though) (S (NP (DT the) (NN company)) (VP (VBZ is) (VP (VBG maintaining) (NP (PRP$ its) (JJ customary) (NN silence))))))) (. .))",1.0,73,Which market is Apple rumored to enter?,Smart watches,Self-driving cars,1,19,Ġis,1.0,0,1.0,True
0,"There are now rumblings that Apple might soon invade the smart watch space, though the company is maintaining its customary silence.",False,"(S (NP (EX There)) (VP (VBP are) (ADVP (RB now)) (NP (NNS rumblings) (SBAR (IN that) (S (NP (NNP Apple)) (VP (MD might) (ADVP (RB soon)) (VP (VB invade) (NP (DT the) (NNP smart) (NNP watch) (NN space))))))) (, ,) (SBAR (IN though) (S (NP (DT the) (NN company)) (VP (VBZ is) (VP (VBG maintaining) (NP (PRP$ its) (JJ customary) (NN silence))))))) (. .))",1.0,73,Which market is Apple rumored to enter?,Smart watches,Self-driving cars,1,20,Ġmaintaining,1.0,0,1.0,True
0,"There are now rumblings that Apple might soon invade the smart watch space, though the company is maintaining its customary silence.",False,"(S (NP (EX There)) (VP (VBP are) (ADVP (RB now)) (NP (NNS rumblings) (SBAR (IN that) (S (NP (NNP Apple)) (VP (MD might) (ADVP (RB soon)) (VP (VB invade) (NP (DT the) (NNP smart) (NNP watch) (NN space))))))) (, ,) (SBAR (IN though) (S (NP (DT the) (NN company)) (VP (VBZ is) (VP (VBG maintaining) (NP (PRP$ its) (JJ customary) (NN silence))))))) (. .))",1.0,73,Which market is Apple rumored to enter?,Smart watches,Self-driving cars,1,21,Ġits,1.0,0,1.0,True
0,"There are now rumblings that Apple might soon invade the smart watch space, though the company is maintaining its customary silence.",False,"(S (NP (EX There)) (VP (VBP are) (ADVP (RB now)) (NP (NNS rumblings) (SBAR (IN that) (S (NP (NNP Apple)) (VP (MD might) (ADVP (RB soon)) (VP (VB invade) (NP (DT the) (NNP smart) (NNP watch) (NN space))))))) (, ,) (SBAR (IN though) (S (NP (DT the) (NN company)) (VP (VBZ is) (VP (VBG maintaining) (NP (PRP$ its) (JJ customary) (NN silence))))))) (. .))",1.0,73,Which market is Apple rumored to enter?,Smart watches,Self-driving cars,1,22,Ġcustomary,1.0,0,1.0,True
0,"There are now rumblings that Apple might soon invade the smart watch space, though the company is maintaining its customary silence.",False,"(S (NP (EX There)) (VP (VBP are) (ADVP (RB now)) (NP (NNS rumblings) (SBAR (IN that) (S (NP (NNP Apple)) (VP (MD might) (ADVP (RB soon)) (VP (VB invade) (NP (DT the) (NNP smart) (NNP watch) (NN space))))))) (, ,) (SBAR (IN though) (S (NP (DT the) (NN company)) (VP (VBZ is) (VP (VBG maintaining) (NP (PRP$ its) (JJ customary) (NN silence))))))) (. .))",1.0,73,Which market is Apple rumored to enter?,Smart watches,Self-driving cars,1,23,Ġsilence,1.0,0,1.0,True
0,"There are now rumblings that Apple might soon invade the smart watch space, though the company is maintaining its customary silence.",False,"(S (NP (EX There)) (VP (VBP are) (ADVP (RB now)) (NP (NNS rumblings) (SBAR (IN that) (S (NP (NNP Apple)) (VP (MD might) (ADVP (RB soon)) (VP (VB invade) (NP (DT the) (NNP smart) (NNP watch) (NN space))))))) (, ,) (SBAR (IN though) (S (NP (DT the) (NN company)) (VP (VBZ is) (VP (VBG maintaining) (NP (PRP$ its) (JJ customary) (NN silence))))))) (. .))",1.0,73,Which market is Apple rumored to enter?,Smart watches,Self-driving cars,1,24,.,1.0,0,1.0,True
1,"A bill was drafted and introduced into Parliament several times but met with great opposition, mostly from farmers.",False,"(S (NP (DT A) (NN bill)) (VP (VP (VBD was) (VP (VP (VBN drafted)) (CC and) (VP (VBN introduced) (PP (IN into) (NP (NN Parliament)))) (NP (JJ several) (NNS times)))) (CC but) (VP (VBN met) (PP (IN with) (NP (NP (JJ great) (NN opposition)) (, ,) (PP (ADVP (RB mostly)) (IN from) (NP (NNS farmers))))))) (. .))",28.0,74,Who hates the bill most?,Construction workers,Farmers,0,0,A,1.0,0,1.0,True
1,"A bill was drafted and introduced into Parliament several times but met with great opposition, mostly from farmers.",False,"(S (NP (DT A) (NN bill)) (VP (VP (VBD was) (VP (VP (VBN drafted)) (CC and) (VP (VBN introduced) (PP (IN into) (NP (NN Parliament)))) (NP (JJ several) (NNS times)))) (CC but) (VP (VBN met) (PP (IN with) (NP (NP (JJ great) (NN opposition)) (, ,) (PP (ADVP (RB mostly)) (IN from) (NP (NNS farmers))))))) (. .))",28.0,74,Who hates the bill most?,Construction workers,Farmers,0,1,Ġbill,1.0,0,1.0,True
1,"A bill was drafted and introduced into Parliament several times but met with great opposition, mostly from farmers.",False,"(S (NP (DT A) (NN bill)) (VP (VP (VBD was) (VP (VP (VBN drafted)) (CC and) (VP (VBN introduced) (PP (IN into) (NP (NN Parliament)))) (NP (JJ several) (NNS times)))) (CC but) (VP (VBN met) (PP (IN with) (NP (NP (JJ great) (NN opposition)) (, ,) (PP (ADVP (RB mostly)) (IN from) (NP (NNS farmers))))))) (. .))",28.0,74,Who hates the bill most?,Construction workers,Farmers,0,2,Ġwas,1.0,0,1.0,True
1,"A bill was drafted and introduced into Parliament several times but met with great opposition, mostly from farmers.",False,"(S (NP (DT A) (NN bill)) (VP (VP (VBD was) (VP (VP (VBN drafted)) (CC and) (VP (VBN introduced) (PP (IN into) (NP (NN Parliament)))) (NP (JJ several) (NNS times)))) (CC but) (VP (VBN met) (PP (IN with) (NP (NP (JJ great) (NN opposition)) (, ,) (PP (ADVP (RB mostly)) (IN from) (NP (NNS farmers))))))) (. .))",28.0,74,Who hates the bill most?,Construction workers,Farmers,0,3,Ġdrafted,1.0,0,1.0,True
1,"A bill was drafted and introduced into Parliament several times but met with great opposition, mostly from farmers.",False,"(S (NP (DT A) (NN bill)) (VP (VP (VBD was) (VP (VP (VBN drafted)) (CC and) (VP (VBN introduced) (PP (IN into) (NP (NN Parliament)))) (NP (JJ several) (NNS times)))) (CC but) (VP (VBN met) (PP (IN with) (NP (NP (JJ great) (NN opposition)) (, ,) (PP (ADVP (RB mostly)) (IN from) (NP (NNS farmers))))))) (. .))",28.0,74,Who hates the bill most?,Construction workers,Farmers,0,4,Ġand,1.0,0,1.0,True
1,"A bill was drafted and introduced into Parliament several times but met with great opposition, mostly from farmers.",False,"(S (NP (DT A) (NN bill)) (VP (VP (VBD was) (VP (VP (VBN drafted)) (CC and) (VP (VBN introduced) (PP (IN into) (NP (NN Parliament)))) (NP (JJ several) (NNS times)))) (CC but) (VP (VBN met) (PP (IN with) (NP (NP (JJ great) (NN opposition)) (, ,) (PP (ADVP (RB mostly)) (IN from) (NP (NNS farmers))))))) (. .))",28.0,74,Who hates the bill most?,Construction workers,Farmers,0,5,Ġintroduced,1.0,0,1.0,True
1,"A bill was drafted and introduced into Parliament several times but met with great opposition, mostly from farmers.",False,"(S (NP (DT A) (NN bill)) (VP (VP (VBD was) (VP (VP (VBN drafted)) (CC and) (VP (VBN introduced) (PP (IN into) (NP (NN Parliament)))) (NP (JJ several) (NNS times)))) (CC but) (VP (VBN met) (PP (IN with) (NP (NP (JJ great) (NN opposition)) (, ,) (PP (ADVP (RB mostly)) (IN from) (NP (NNS farmers))))))) (. .))",28.0,74,Who hates the bill most?,Construction workers,Farmers,0,6,Ġinto,1.0,0,1.0,True
1,"A bill was drafted and introduced into Parliament several times but met with great opposition, mostly from farmers.",False,"(S (NP (DT A) (NN bill)) (VP (VP (VBD was) (VP (VP (VBN drafted)) (CC and) (VP (VBN introduced) (PP (IN into) (NP (NN Parliament)))) (NP (JJ several) (NNS times)))) (CC but) (VP (VBN met) (PP (IN with) (NP (NP (JJ great) (NN opposition)) (, ,) (PP (ADVP (RB mostly)) (IN from) (NP (NNS farmers))))))) (. .))",28.0,74,Who hates the bill most?,Construction workers,Farmers,0,7,ĠParliament,1.0,0,1.0,True
1,"A bill was drafted and introduced into Parliament several times but met with great opposition, mostly from farmers.",False,"(S (NP (DT A) (NN bill)) (VP (VP (VBD was) (VP (VP (VBN drafted)) (CC and) (VP (VBN introduced) (PP (IN into) (NP (NN Parliament)))) (NP (JJ several) (NNS times)))) (CC but) (VP (VBN met) (PP (IN with) (NP (NP (JJ great) (NN opposition)) (, ,) (PP (ADVP (RB mostly)) (IN from) (NP (NNS farmers))))))) (. .))",28.0,74,Who hates the bill most?,Construction workers,Farmers,0,8,Ġseveral,1.0,0,1.0,True
1,"A bill was drafted and introduced into Parliament several times but met with great opposition, mostly from farmers.",False,"(S (NP (DT A) (NN bill)) (VP (VP (VBD was) (VP (VP (VBN drafted)) (CC and) (VP (VBN introduced) (PP (IN into) (NP (NN Parliament)))) (NP (JJ several) (NNS times)))) (CC but) (VP (VBN met) (PP (IN with) (NP (NP (JJ great) (NN opposition)) (, ,) (PP (ADVP (RB mostly)) (IN from) (NP (NNS farmers))))))) (. .))",28.0,74,Who hates the bill most?,Construction workers,Farmers,0,9,Ġtimes,1.0,0,1.0,True
1,"A bill was drafted and introduced into Parliament several times but met with great opposition, mostly from farmers.",False,"(S (NP (DT A) (NN bill)) (VP (VP (VBD was) (VP (VP (VBN drafted)) (CC and) (VP (VBN introduced) (PP (IN into) (NP (NN Parliament)))) (NP (JJ several) (NNS times)))) (CC but) (VP (VBN met) (PP (IN with) (NP (NP (JJ great) (NN opposition)) (, ,) (PP (ADVP (RB mostly)) (IN from) (NP (NNS farmers))))))) (. .))",28.0,74,Who hates the bill most?,Construction workers,Farmers,0,10,Ġbut,1.0,0,1.0,True
1,"A bill was drafted and introduced into Parliament several times but met with great opposition, mostly from farmers.",False,"(S (NP (DT A) (NN bill)) (VP (VP (VBD was) (VP (VP (VBN drafted)) (CC and) (VP (VBN introduced) (PP (IN into) (NP (NN Parliament)))) (NP (JJ several) (NNS times)))) (CC but) (VP (VBN met) (PP (IN with) (NP (NP (JJ great) (NN opposition)) (, ,) (PP (ADVP (RB mostly)) (IN from) (NP (NNS farmers))))))) (. .))",28.0,74,Who hates the bill most?,Construction workers,Farmers,0,11,Ġmet,1.0,0,1.0,True
1,"A bill was drafted and introduced into Parliament several times but met with great opposition, mostly from farmers.",False,"(S (NP (DT A) (NN bill)) (VP (VP (VBD was) (VP (VP (VBN drafted)) (CC and) (VP (VBN introduced) (PP (IN into) (NP (NN Parliament)))) (NP (JJ several) (NNS times)))) (CC but) (VP (VBN met) (PP (IN with) (NP (NP (JJ great) (NN opposition)) (, ,) (PP (ADVP (RB mostly)) (IN from) (NP (NNS farmers))))))) (. .))",28.0,74,Who hates the bill most?,Construction workers,Farmers,0,12,Ġwith,1.0,0,1.0,True
1,"A bill was drafted and introduced into Parliament several times but met with great opposition, mostly from farmers.",False,"(S (NP (DT A) (NN bill)) (VP (VP (VBD was) (VP (VP (VBN drafted)) (CC and) (VP (VBN introduced) (PP (IN into) (NP (NN Parliament)))) (NP (JJ several) (NNS times)))) (CC but) (VP (VBN met) (PP (IN with) (NP (NP (JJ great) (NN opposition)) (, ,) (PP (ADVP (RB mostly)) (IN from) (NP (NNS farmers))))))) (. .))",28.0,74,Who hates the bill most?,Construction workers,Farmers,0,13,Ġgreat,1.0,0,1.0,True
1,"A bill was drafted and introduced into Parliament several times but met with great opposition, mostly from farmers.",False,"(S (NP (DT A) (NN bill)) (VP (VP (VBD was) (VP (VP (VBN drafted)) (CC and) (VP (VBN introduced) (PP (IN into) (NP (NN Parliament)))) (NP (JJ several) (NNS times)))) (CC but) (VP (VBN met) (PP (IN with) (NP (NP (JJ great) (NN opposition)) (, ,) (PP (ADVP (RB mostly)) (IN from) (NP (NNS farmers))))))) (. .))",28.0,74,Who hates the bill most?,Construction workers,Farmers,0,14,Ġopposition,1.0,0,1.0,True
1,"A bill was drafted and introduced into Parliament several times but met with great opposition, mostly from farmers.",False,"(S (NP (DT A) (NN bill)) (VP (VP (VBD was) (VP (VP (VBN drafted)) (CC and) (VP (VBN introduced) (PP (IN into) (NP (NN Parliament)))) (NP (JJ several) (NNS times)))) (CC but) (VP (VBN met) (PP (IN with) (NP (NP (JJ great) (NN opposition)) (, ,) (PP (ADVP (RB mostly)) (IN from) (NP (NNS farmers))))))) (. .))",28.0,74,Who hates the bill most?,Construction workers,Farmers,0,15,",",1.0,0,1.0,True
1,"A bill was drafted and introduced into Parliament several times but met with great opposition, mostly from farmers.",False,"(S (NP (DT A) (NN bill)) (VP (VP (VBD was) (VP (VP (VBN drafted)) (CC and) (VP (VBN introduced) (PP (IN into) (NP (NN Parliament)))) (NP (JJ several) (NNS times)))) (CC but) (VP (VBN met) (PP (IN with) (NP (NP (JJ great) (NN opposition)) (, ,) (PP (ADVP (RB mostly)) (IN from) (NP (NNS farmers))))))) (. .))",28.0,74,Who hates the bill most?,Construction workers,Farmers,0,16,Ġmostly,1.0,0,1.0,True
1,"A bill was drafted and introduced into Parliament several times but met with great opposition, mostly from farmers.",False,"(S (NP (DT A) (NN bill)) (VP (VP (VBD was) (VP (VP (VBN drafted)) (CC and) (VP (VBN introduced) (PP (IN into) (NP (NN Parliament)))) (NP (JJ several) (NNS times)))) (CC but) (VP (VBN met) (PP (IN with) (NP (NP (JJ great) (NN opposition)) (, ,) (PP (ADVP (RB mostly)) (IN from) (NP (NNS farmers))))))) (. .))",28.0,74,Who hates the bill most?,Construction workers,Farmers,0,17,Ġfrom,1.0,0,1.0,True
1,"A bill was drafted and introduced into Parliament several times but met with great opposition, mostly from farmers.",False,"(S (NP (DT A) (NN bill)) (VP (VP (VBD was) (VP (VP (VBN drafted)) (CC and) (VP (VBN introduced) (PP (IN into) (NP (NN Parliament)))) (NP (JJ several) (NNS times)))) (CC but) (VP (VBN met) (PP (IN with) (NP (NP (JJ great) (NN opposition)) (, ,) (PP (ADVP (RB mostly)) (IN from) (NP (NNS farmers))))))) (. .))",28.0,74,Who hates the bill most?,Construction workers,Farmers,0,18,Ġfarmers,1.0,0,1.0,True
1,"A bill was drafted and introduced into Parliament several times but met with great opposition, mostly from farmers.",False,"(S (NP (DT A) (NN bill)) (VP (VP (VBD was) (VP (VP (VBN drafted)) (CC and) (VP (VBN introduced) (PP (IN into) (NP (NN Parliament)))) (NP (JJ several) (NNS times)))) (CC but) (VP (VBN met) (PP (IN with) (NP (NP (JJ great) (NN opposition)) (, ,) (PP (ADVP (RB mostly)) (IN from) (NP (NNS farmers))))))) (. .))",28.0,74,Who hates the bill most?,Construction workers,Farmers,0,19,.,1.0,0,1.0,True
2,"The human body can tolerate only a small range of temperature, especially when the person is engaged in vigorous activity.",False,"(S (NP (DT The) (JJ human) (NN body)) (VP (MD can) (VP (VB tolerate) (NP (NP (RB only) (DT a) (JJ small) (NN range)) (PP (IN of) (NP (NN temperature)))) (, ,) (SBAR (ADVP (RB especially)) (WHADVP (WRB when)) (S (NP (DT the) (NN person)) (VP (VBZ is) (VP (VBN engaged) (PP (IN in) (NP (JJ vigorous) (NN activity))))))))) (. .))",8.0,75,At which point are people resistent to a wider range of temperature?,When sleeping,When exercising,0,0,The,1.0,0,1.0,True
2,"The human body can tolerate only a small range of temperature, especially when the person is engaged in vigorous activity.",False,"(S (NP (DT The) (JJ human) (NN body)) (VP (MD can) (VP (VB tolerate) (NP (NP (RB only) (DT a) (JJ small) (NN range)) (PP (IN of) (NP (NN temperature)))) (, ,) (SBAR (ADVP (RB especially)) (WHADVP (WRB when)) (S (NP (DT the) (NN person)) (VP (VBZ is) (VP (VBN engaged) (PP (IN in) (NP (JJ vigorous) (NN activity))))))))) (. .))",8.0,75,At which point are people resistent to a wider range of temperature?,When sleeping,When exercising,0,1,Ġhuman,1.0,0,1.0,True
2,"The human body can tolerate only a small range of temperature, especially when the person is engaged in vigorous activity.",False,"(S (NP (DT The) (JJ human) (NN body)) (VP (MD can) (VP (VB tolerate) (NP (NP (RB only) (DT a) (JJ small) (NN range)) (PP (IN of) (NP (NN temperature)))) (, ,) (SBAR (ADVP (RB especially)) (WHADVP (WRB when)) (S (NP (DT the) (NN person)) (VP (VBZ is) (VP (VBN engaged) (PP (IN in) (NP (JJ vigorous) (NN activity))))))))) (. .))",8.0,75,At which point are people resistent to a wider range of temperature?,When sleeping,When exercising,0,2,Ġbody,1.0,0,1.0,True
2,"The human body can tolerate only a small range of temperature, especially when the person is engaged in vigorous activity.",False,"(S (NP (DT The) (JJ human) (NN body)) (VP (MD can) (VP (VB tolerate) (NP (NP (RB only) (DT a) (JJ small) (NN range)) (PP (IN of) (NP (NN temperature)))) (, ,) (SBAR (ADVP (RB especially)) (WHADVP (WRB when)) (S (NP (DT the) (NN person)) (VP (VBZ is) (VP (VBN engaged) (PP (IN in) (NP (JJ vigorous) (NN activity))))))))) (. .))",8.0,75,At which point are people resistent to a wider range of temperature?,When sleeping,When exercising,0,3,Ġcan,1.0,0,1.0,True
2,"The human body can tolerate only a small range of temperature, especially when the person is engaged in vigorous activity.",False,"(S (NP (DT The) (JJ human) (NN body)) (VP (MD can) (VP (VB tolerate) (NP (NP (RB only) (DT a) (JJ small) (NN range)) (PP (IN of) (NP (NN temperature)))) (, ,) (SBAR (ADVP (RB especially)) (WHADVP (WRB when)) (S (NP (DT the) (NN person)) (VP (VBZ is) (VP (VBN engaged) (PP (IN in) (NP (JJ vigorous) (NN activity))))))))) (. .))",8.0,75,At which point are people resistent to a wider range of temperature?,When sleeping,When exercising,0,4,Ġtolerate,1.0,0,1.0,True
2,"The human body can tolerate only a small range of temperature, especially when the person is engaged in vigorous activity.",False,"(S (NP (DT The) (JJ human) (NN body)) (VP (MD can) (VP (VB tolerate) (NP (NP (RB only) (DT a) (JJ small) (NN range)) (PP (IN of) (NP (NN temperature)))) (, ,) (SBAR (ADVP (RB especially)) (WHADVP (WRB when)) (S (NP (DT the) (NN person)) (VP (VBZ is) (VP (VBN engaged) (PP (IN in) (NP (JJ vigorous) (NN activity))))))))) (. .))",8.0,75,At which point are people resistent to a wider range of temperature?,When sleeping,When exercising,0,5,Ġonly,1.0,0,1.0,True
2,"The human body can tolerate only a small range of temperature, especially when the person is engaged in vigorous activity.",False,"(S (NP (DT The) (JJ human) (NN body)) (VP (MD can) (VP (VB tolerate) (NP (NP (RB only) (DT a) (JJ small) (NN range)) (PP (IN of) (NP (NN temperature)))) (, ,) (SBAR (ADVP (RB especially)) (WHADVP (WRB when)) (S (NP (DT the) (NN person)) (VP (VBZ is) (VP (VBN engaged) (PP (IN in) (NP (JJ vigorous) (NN activity))))))))) (. .))",8.0,75,At which point are people resistent to a wider range of temperature?,When sleeping,When exercising,0,6,Ġa,1.0,0,1.0,True
2,"The human body can tolerate only a small range of temperature, especially when the person is engaged in vigorous activity.",False,"(S (NP (DT The) (JJ human) (NN body)) (VP (MD can) (VP (VB tolerate) (NP (NP (RB only) (DT a) (JJ small) (NN range)) (PP (IN of) (NP (NN temperature)))) (, ,) (SBAR (ADVP (RB especially)) (WHADVP (WRB when)) (S (NP (DT the) (NN person)) (VP (VBZ is) (VP (VBN engaged) (PP (IN in) (NP (JJ vigorous) (NN activity))))))))) (. .))",8.0,75,At which point are people resistent to a wider range of temperature?,When sleeping,When exercising,0,7,Ġsmall,1.0,0,1.0,True
2,"The human body can tolerate only a small range of temperature, especially when the person is engaged in vigorous activity.",False,"(S (NP (DT The) (JJ human) (NN body)) (VP (MD can) (VP (VB tolerate) (NP (NP (RB only) (DT a) (JJ small) (NN range)) (PP (IN of) (NP (NN temperature)))) (, ,) (SBAR (ADVP (RB especially)) (WHADVP (WRB when)) (S (NP (DT the) (NN person)) (VP (VBZ is) (VP (VBN engaged) (PP (IN in) (NP (JJ vigorous) (NN activity))))))))) (. .))",8.0,75,At which point are people resistent to a wider range of temperature?,When sleeping,When exercising,0,8,Ġrange,1.0,0,1.0,True
2,"The human body can tolerate only a small range of temperature, especially when the person is engaged in vigorous activity.",False,"(S (NP (DT The) (JJ human) (NN body)) (VP (MD can) (VP (VB tolerate) (NP (NP (RB only) (DT a) (JJ small) (NN range)) (PP (IN of) (NP (NN temperature)))) (, ,) (SBAR (ADVP (RB especially)) (WHADVP (WRB when)) (S (NP (DT the) (NN person)) (VP (VBZ is) (VP (VBN engaged) (PP (IN in) (NP (JJ vigorous) (NN activity))))))))) (. .))",8.0,75,At which point are people resistent to a wider range of temperature?,When sleeping,When exercising,0,9,Ġof,1.0,0,1.0,True
2,"The human body can tolerate only a small range of temperature, especially when the person is engaged in vigorous activity.",False,"(S (NP (DT The) (JJ human) (NN body)) (VP (MD can) (VP (VB tolerate) (NP (NP (RB only) (DT a) (JJ small) (NN range)) (PP (IN of) (NP (NN temperature)))) (, ,) (SBAR (ADVP (RB especially)) (WHADVP (WRB when)) (S (NP (DT the) (NN person)) (VP (VBZ is) (VP (VBN engaged) (PP (IN in) (NP (JJ vigorous) (NN activity))))))))) (. .))",8.0,75,At which point are people resistent to a wider range of temperature?,When sleeping,When exercising,0,10,Ġtemperature,1.0,0,1.0,True
2,"The human body can tolerate only a small range of temperature, especially when the person is engaged in vigorous activity.",False,"(S (NP (DT The) (JJ human) (NN body)) (VP (MD can) (VP (VB tolerate) (NP (NP (RB only) (DT a) (JJ small) (NN range)) (PP (IN of) (NP (NN temperature)))) (, ,) (SBAR (ADVP (RB especially)) (WHADVP (WRB when)) (S (NP (DT the) (NN person)) (VP (VBZ is) (VP (VBN engaged) (PP (IN in) (NP (JJ vigorous) (NN activity))))))))) (. .))",8.0,75,At which point are people resistent to a wider range of temperature?,When sleeping,When exercising,0,11,",",1.0,0,1.0,True
2,"The human body can tolerate only a small range of temperature, especially when the person is engaged in vigorous activity.",False,"(S (NP (DT The) (JJ human) (NN body)) (VP (MD can) (VP (VB tolerate) (NP (NP (RB only) (DT a) (JJ small) (NN range)) (PP (IN of) (NP (NN temperature)))) (, ,) (SBAR (ADVP (RB especially)) (WHADVP (WRB when)) (S (NP (DT the) (NN person)) (VP (VBZ is) (VP (VBN engaged) (PP (IN in) (NP (JJ vigorous) (NN activity))))))))) (. .))",8.0,75,At which point are people resistent to a wider range of temperature?,When sleeping,When exercising,0,12,Ġespecially,1.0,0,1.0,True
2,"The human body can tolerate only a small range of temperature, especially when the person is engaged in vigorous activity.",False,"(S (NP (DT The) (JJ human) (NN body)) (VP (MD can) (VP (VB tolerate) (NP (NP (RB only) (DT a) (JJ small) (NN range)) (PP (IN of) (NP (NN temperature)))) (, ,) (SBAR (ADVP (RB especially)) (WHADVP (WRB when)) (S (NP (DT the) (NN person)) (VP (VBZ is) (VP (VBN engaged) (PP (IN in) (NP (JJ vigorous) (NN activity))))))))) (. .))",8.0,75,At which point are people resistent to a wider range of temperature?,When sleeping,When exercising,0,13,Ġwhen,1.0,0,1.0,True
2,"The human body can tolerate only a small range of temperature, especially when the person is engaged in vigorous activity.",False,"(S (NP (DT The) (JJ human) (NN body)) (VP (MD can) (VP (VB tolerate) (NP (NP (RB only) (DT a) (JJ small) (NN range)) (PP (IN of) (NP (NN temperature)))) (, ,) (SBAR (ADVP (RB especially)) (WHADVP (WRB when)) (S (NP (DT the) (NN person)) (VP (VBZ is) (VP (VBN engaged) (PP (IN in) (NP (JJ vigorous) (NN activity))))))))) (. .))",8.0,75,At which point are people resistent to a wider range of temperature?,When sleeping,When exercising,0,14,Ġthe,1.0,0,1.0,True
2,"The human body can tolerate only a small range of temperature, especially when the person is engaged in vigorous activity.",False,"(S (NP (DT The) (JJ human) (NN body)) (VP (MD can) (VP (VB tolerate) (NP (NP (RB only) (DT a) (JJ small) (NN range)) (PP (IN of) (NP (NN temperature)))) (, ,) (SBAR (ADVP (RB especially)) (WHADVP (WRB when)) (S (NP (DT the) (NN person)) (VP (VBZ is) (VP (VBN engaged) (PP (IN in) (NP (JJ vigorous) (NN activity))))))))) (. .))",8.0,75,At which point are people resistent to a wider range of temperature?,When sleeping,When exercising,0,15,Ġperson,1.0,0,1.0,True
2,"The human body can tolerate only a small range of temperature, especially when the person is engaged in vigorous activity.",False,"(S (NP (DT The) (JJ human) (NN body)) (VP (MD can) (VP (VB tolerate) (NP (NP (RB only) (DT a) (JJ small) (NN range)) (PP (IN of) (NP (NN temperature)))) (, ,) (SBAR (ADVP (RB especially)) (WHADVP (WRB when)) (S (NP (DT the) (NN person)) (VP (VBZ is) (VP (VBN engaged) (PP (IN in) (NP (JJ vigorous) (NN activity))))))))) (. .))",8.0,75,At which point are people resistent to a wider range of temperature?,When sleeping,When exercising,0,16,Ġis,1.0,0,1.0,True
2,"The human body can tolerate only a small range of temperature, especially when the person is engaged in vigorous activity.",False,"(S (NP (DT The) (JJ human) (NN body)) (VP (MD can) (VP (VB tolerate) (NP (NP (RB only) (DT a) (JJ small) (NN range)) (PP (IN of) (NP (NN temperature)))) (, ,) (SBAR (ADVP (RB especially)) (WHADVP (WRB when)) (S (NP (DT the) (NN person)) (VP (VBZ is) (VP (VBN engaged) (PP (IN in) (NP (JJ vigorous) (NN activity))))))))) (. .))",8.0,75,At which point are people resistent to a wider range of temperature?,When sleeping,When exercising,0,17,Ġengaged,1.0,0,1.0,True
2,"The human body can tolerate only a small range of temperature, especially when the person is engaged in vigorous activity.",False,"(S (NP (DT The) (JJ human) (NN body)) (VP (MD can) (VP (VB tolerate) (NP (NP (RB only) (DT a) (JJ small) (NN range)) (PP (IN of) (NP (NN temperature)))) (, ,) (SBAR (ADVP (RB especially)) (WHADVP (WRB when)) (S (NP (DT the) (NN person)) (VP (VBZ is) (VP (VBN engaged) (PP (IN in) (NP (JJ vigorous) (NN activity))))))))) (. .))",8.0,75,At which point are people resistent to a wider range of temperature?,When sleeping,When exercising,0,18,Ġin,1.0,0,1.0,True
2,"The human body can tolerate only a small range of temperature, especially when the person is engaged in vigorous activity.",False,"(S (NP (DT The) (JJ human) (NN body)) (VP (MD can) (VP (VB tolerate) (NP (NP (RB only) (DT a) (JJ small) (NN range)) (PP (IN of) (NP (NN temperature)))) (, ,) (SBAR (ADVP (RB especially)) (WHADVP (WRB when)) (S (NP (DT the) (NN person)) (VP (VBZ is) (VP (VBN engaged) (PP (IN in) (NP (JJ vigorous) (NN activity))))))))) (. .))",8.0,75,At which point are people resistent to a wider range of temperature?,When sleeping,When exercising,0,19,Ġvigorous,1.0,0,1.0,True
2,"The human body can tolerate only a small range of temperature, especially when the person is engaged in vigorous activity.",False,"(S (NP (DT The) (JJ human) (NN body)) (VP (MD can) (VP (VB tolerate) (NP (NP (RB only) (DT a) (JJ small) (NN range)) (PP (IN of) (NP (NN temperature)))) (, ,) (SBAR (ADVP (RB especially)) (WHADVP (WRB when)) (S (NP (DT the) (NN person)) (VP (VBZ is) (VP (VBN engaged) (PP (IN in) (NP (JJ vigorous) (NN activity))))))))) (. .))",8.0,75,At which point are people resistent to a wider range of temperature?,When sleeping,When exercising,0,20,Ġactivity,1.0,0,1.0,True
2,"The human body can tolerate only a small range of temperature, especially when the person is engaged in vigorous activity.",False,"(S (NP (DT The) (JJ human) (NN body)) (VP (MD can) (VP (VB tolerate) (NP (NP (RB only) (DT a) (JJ small) (NN range)) (PP (IN of) (NP (NN temperature)))) (, ,) (SBAR (ADVP (RB especially)) (WHADVP (WRB when)) (S (NP (DT the) (NN person)) (VP (VBZ is) (VP (VBN engaged) (PP (IN in) (NP (JJ vigorous) (NN activity))))))))) (. .))",8.0,75,At which point are people resistent to a wider range of temperature?,When sleeping,When exercising,0,21,.,1.0,0,1.0,True
3,"Seeing Peter slowly advancing upon him through the air with dagger poised, he sprang upon the bulwarks to cast himself into the sea.",False,"(S (S (VP (VBG Seeing) (S (NP (NNP Peter)) (VP (ADVP (RB slowly)) (VBG advancing) (PP (IN upon) (NP (PRP him))) (PP (IN through) (NP (DT the) (NN air))) (PP (IN with) (S (NP (NN dagger)) (VP (VBN poised)))))))) (, ,) (NP (PRP he)) (VP (VBD sprang) (PP (IN upon) (NP (DT the) (NNS bulwarks))) (S (VP (TO to) (VP (VB cast) (NP (PRP himself)) (PP (IN into) (NP (DT the) (NN sea))))))) (. .))",6.0,76,Did the man escape Peter\'s attempt to attack?,Yes,No,1,0,Seeing,1.0,0,1.0,True
3,"Seeing Peter slowly advancing upon him through the air with dagger poised, he sprang upon the bulwarks to cast himself into the sea.",False,"(S (S (VP (VBG Seeing) (S (NP (NNP Peter)) (VP (ADVP (RB slowly)) (VBG advancing) (PP (IN upon) (NP (PRP him))) (PP (IN through) (NP (DT the) (NN air))) (PP (IN with) (S (NP (NN dagger)) (VP (VBN poised)))))))) (, ,) (NP (PRP he)) (VP (VBD sprang) (PP (IN upon) (NP (DT the) (NNS bulwarks))) (S (VP (TO to) (VP (VB cast) (NP (PRP himself)) (PP (IN into) (NP (DT the) (NN sea))))))) (. .))",6.0,76,Did the man escape Peter\'s attempt to attack?,Yes,No,1,1,ĠPeter,1.0,0,1.0,True
3,"Seeing Peter slowly advancing upon him through the air with dagger poised, he sprang upon the bulwarks to cast himself into the sea.",False,"(S (S (VP (VBG Seeing) (S (NP (NNP Peter)) (VP (ADVP (RB slowly)) (VBG advancing) (PP (IN upon) (NP (PRP him))) (PP (IN through) (NP (DT the) (NN air))) (PP (IN with) (S (NP (NN dagger)) (VP (VBN poised)))))))) (, ,) (NP (PRP he)) (VP (VBD sprang) (PP (IN upon) (NP (DT the) (NNS bulwarks))) (S (VP (TO to) (VP (VB cast) (NP (PRP himself)) (PP (IN into) (NP (DT the) (NN sea))))))) (. .))",6.0,76,Did the man escape Peter\'s attempt to attack?,Yes,No,1,2,Ġslowly,1.0,0,1.0,True
3,"Seeing Peter slowly advancing upon him through the air with dagger poised, he sprang upon the bulwarks to cast himself into the sea.",False,"(S (S (VP (VBG Seeing) (S (NP (NNP Peter)) (VP (ADVP (RB slowly)) (VBG advancing) (PP (IN upon) (NP (PRP him))) (PP (IN through) (NP (DT the) (NN air))) (PP (IN with) (S (NP (NN dagger)) (VP (VBN poised)))))))) (, ,) (NP (PRP he)) (VP (VBD sprang) (PP (IN upon) (NP (DT the) (NNS bulwarks))) (S (VP (TO to) (VP (VB cast) (NP (PRP himself)) (PP (IN into) (NP (DT the) (NN sea))))))) (. .))",6.0,76,Did the man escape Peter\'s attempt to attack?,Yes,No,1,3,Ġadvancing,1.0,0,1.0,True
3,"Seeing Peter slowly advancing upon him through the air with dagger poised, he sprang upon the bulwarks to cast himself into the sea.",False,"(S (S (VP (VBG Seeing) (S (NP (NNP Peter)) (VP (ADVP (RB slowly)) (VBG advancing) (PP (IN upon) (NP (PRP him))) (PP (IN through) (NP (DT the) (NN air))) (PP (IN with) (S (NP (NN dagger)) (VP (VBN poised)))))))) (, ,) (NP (PRP he)) (VP (VBD sprang) (PP (IN upon) (NP (DT the) (NNS bulwarks))) (S (VP (TO to) (VP (VB cast) (NP (PRP himself)) (PP (IN into) (NP (DT the) (NN sea))))))) (. .))",6.0,76,Did the man escape Peter\'s attempt to attack?,Yes,No,1,4,Ġupon,1.0,0,1.0,True
3,"Seeing Peter slowly advancing upon him through the air with dagger poised, he sprang upon the bulwarks to cast himself into the sea.",False,"(S (S (VP (VBG Seeing) (S (NP (NNP Peter)) (VP (ADVP (RB slowly)) (VBG advancing) (PP (IN upon) (NP (PRP him))) (PP (IN through) (NP (DT the) (NN air))) (PP (IN with) (S (NP (NN dagger)) (VP (VBN poised)))))))) (, ,) (NP (PRP he)) (VP (VBD sprang) (PP (IN upon) (NP (DT the) (NNS bulwarks))) (S (VP (TO to) (VP (VB cast) (NP (PRP himself)) (PP (IN into) (NP (DT the) (NN sea))))))) (. .))",6.0,76,Did the man escape Peter\'s attempt to attack?,Yes,No,1,5,Ġhim,1.0,0,1.0,True
3,"Seeing Peter slowly advancing upon him through the air with dagger poised, he sprang upon the bulwarks to cast himself into the sea.",False,"(S (S (VP (VBG Seeing) (S (NP (NNP Peter)) (VP (ADVP (RB slowly)) (VBG advancing) (PP (IN upon) (NP (PRP him))) (PP (IN through) (NP (DT the) (NN air))) (PP (IN with) (S (NP (NN dagger)) (VP (VBN poised)))))))) (, ,) (NP (PRP he)) (VP (VBD sprang) (PP (IN upon) (NP (DT the) (NNS bulwarks))) (S (VP (TO to) (VP (VB cast) (NP (PRP himself)) (PP (IN into) (NP (DT the) (NN sea))))))) (. .))",6.0,76,Did the man escape Peter\'s attempt to attack?,Yes,No,1,6,Ġthrough,1.0,0,1.0,True
3,"Seeing Peter slowly advancing upon him through the air with dagger poised, he sprang upon the bulwarks to cast himself into the sea.",False,"(S (S (VP (VBG Seeing) (S (NP (NNP Peter)) (VP (ADVP (RB slowly)) (VBG advancing) (PP (IN upon) (NP (PRP him))) (PP (IN through) (NP (DT the) (NN air))) (PP (IN with) (S (NP (NN dagger)) (VP (VBN poised)))))))) (, ,) (NP (PRP he)) (VP (VBD sprang) (PP (IN upon) (NP (DT the) (NNS bulwarks))) (S (VP (TO to) (VP (VB cast) (NP (PRP himself)) (PP (IN into) (NP (DT the) (NN sea))))))) (. .))",6.0,76,Did the man escape Peter\'s attempt to attack?,Yes,No,1,7,Ġthe,1.0,0,1.0,True
3,"Seeing Peter slowly advancing upon him through the air with dagger poised, he sprang upon the bulwarks to cast himself into the sea.",False,"(S (S (VP (VBG Seeing) (S (NP (NNP Peter)) (VP (ADVP (RB slowly)) (VBG advancing) (PP (IN upon) (NP (PRP him))) (PP (IN through) (NP (DT the) (NN air))) (PP (IN with) (S (NP (NN dagger)) (VP (VBN poised)))))))) (, ,) (NP (PRP he)) (VP (VBD sprang) (PP (IN upon) (NP (DT the) (NNS bulwarks))) (S (VP (TO to) (VP (VB cast) (NP (PRP himself)) (PP (IN into) (NP (DT the) (NN sea))))))) (. .))",6.0,76,Did the man escape Peter\'s attempt to attack?,Yes,No,1,8,Ġair,1.0,0,1.0,True
3,"Seeing Peter slowly advancing upon him through the air with dagger poised, he sprang upon the bulwarks to cast himself into the sea.",False,"(S (S (VP (VBG Seeing) (S (NP (NNP Peter)) (VP (ADVP (RB slowly)) (VBG advancing) (PP (IN upon) (NP (PRP him))) (PP (IN through) (NP (DT the) (NN air))) (PP (IN with) (S (NP (NN dagger)) (VP (VBN poised)))))))) (, ,) (NP (PRP he)) (VP (VBD sprang) (PP (IN upon) (NP (DT the) (NNS bulwarks))) (S (VP (TO to) (VP (VB cast) (NP (PRP himself)) (PP (IN into) (NP (DT the) (NN sea))))))) (. .))",6.0,76,Did the man escape Peter\'s attempt to attack?,Yes,No,1,9,Ġwith,1.0,0,1.0,True
3,"Seeing Peter slowly advancing upon him through the air with dagger poised, he sprang upon the bulwarks to cast himself into the sea.",False,"(S (S (VP (VBG Seeing) (S (NP (NNP Peter)) (VP (ADVP (RB slowly)) (VBG advancing) (PP (IN upon) (NP (PRP him))) (PP (IN through) (NP (DT the) (NN air))) (PP (IN with) (S (NP (NN dagger)) (VP (VBN poised)))))))) (, ,) (NP (PRP he)) (VP (VBD sprang) (PP (IN upon) (NP (DT the) (NNS bulwarks))) (S (VP (TO to) (VP (VB cast) (NP (PRP himself)) (PP (IN into) (NP (DT the) (NN sea))))))) (. .))",6.0,76,Did the man escape Peter\'s attempt to attack?,Yes,No,1,10,Ġdagger,1.0,0,1.0,True
3,"Seeing Peter slowly advancing upon him through the air with dagger poised, he sprang upon the bulwarks to cast himself into the sea.",False,"(S (S (VP (VBG Seeing) (S (NP (NNP Peter)) (VP (ADVP (RB slowly)) (VBG advancing) (PP (IN upon) (NP (PRP him))) (PP (IN through) (NP (DT the) (NN air))) (PP (IN with) (S (NP (NN dagger)) (VP (VBN poised)))))))) (, ,) (NP (PRP he)) (VP (VBD sprang) (PP (IN upon) (NP (DT the) (NNS bulwarks))) (S (VP (TO to) (VP (VB cast) (NP (PRP himself)) (PP (IN into) (NP (DT the) (NN sea))))))) (. .))",6.0,76,Did the man escape Peter\'s attempt to attack?,Yes,No,1,11,Ġpoised,1.0,0,1.0,True
3,"Seeing Peter slowly advancing upon him through the air with dagger poised, he sprang upon the bulwarks to cast himself into the sea.",False,"(S (S (VP (VBG Seeing) (S (NP (NNP Peter)) (VP (ADVP (RB slowly)) (VBG advancing) (PP (IN upon) (NP (PRP him))) (PP (IN through) (NP (DT the) (NN air))) (PP (IN with) (S (NP (NN dagger)) (VP (VBN poised)))))))) (, ,) (NP (PRP he)) (VP (VBD sprang) (PP (IN upon) (NP (DT the) (NNS bulwarks))) (S (VP (TO to) (VP (VB cast) (NP (PRP himself)) (PP (IN into) (NP (DT the) (NN sea))))))) (. .))",6.0,76,Did the man escape Peter\'s attempt to attack?,Yes,No,1,12,",",1.0,0,1.0,True
3,"Seeing Peter slowly advancing upon him through the air with dagger poised, he sprang upon the bulwarks to cast himself into the sea.",False,"(S (S (VP (VBG Seeing) (S (NP (NNP Peter)) (VP (ADVP (RB slowly)) (VBG advancing) (PP (IN upon) (NP (PRP him))) (PP (IN through) (NP (DT the) (NN air))) (PP (IN with) (S (NP (NN dagger)) (VP (VBN poised)))))))) (, ,) (NP (PRP he)) (VP (VBD sprang) (PP (IN upon) (NP (DT the) (NNS bulwarks))) (S (VP (TO to) (VP (VB cast) (NP (PRP himself)) (PP (IN into) (NP (DT the) (NN sea))))))) (. .))",6.0,76,Did the man escape Peter\'s attempt to attack?,Yes,No,1,13,Ġhe,1.0,0,1.0,True
3,"Seeing Peter slowly advancing upon him through the air with dagger poised, he sprang upon the bulwarks to cast himself into the sea.",False,"(S (S (VP (VBG Seeing) (S (NP (NNP Peter)) (VP (ADVP (RB slowly)) (VBG advancing) (PP (IN upon) (NP (PRP him))) (PP (IN through) (NP (DT the) (NN air))) (PP (IN with) (S (NP (NN dagger)) (VP (VBN poised)))))))) (, ,) (NP (PRP he)) (VP (VBD sprang) (PP (IN upon) (NP (DT the) (NNS bulwarks))) (S (VP (TO to) (VP (VB cast) (NP (PRP himself)) (PP (IN into) (NP (DT the) (NN sea))))))) (. .))",6.0,76,Did the man escape Peter\'s attempt to attack?,Yes,No,1,14,Ġsprang,1.0,0,1.0,True
3,"Seeing Peter slowly advancing upon him through the air with dagger poised, he sprang upon the bulwarks to cast himself into the sea.",False,"(S (S (VP (VBG Seeing) (S (NP (NNP Peter)) (VP (ADVP (RB slowly)) (VBG advancing) (PP (IN upon) (NP (PRP him))) (PP (IN through) (NP (DT the) (NN air))) (PP (IN with) (S (NP (NN dagger)) (VP (VBN poised)))))))) (, ,) (NP (PRP he)) (VP (VBD sprang) (PP (IN upon) (NP (DT the) (NNS bulwarks))) (S (VP (TO to) (VP (VB cast) (NP (PRP himself)) (PP (IN into) (NP (DT the) (NN sea))))))) (. .))",6.0,76,Did the man escape Peter\'s attempt to attack?,Yes,No,1,15,Ġupon,1.0,0,1.0,True
3,"Seeing Peter slowly advancing upon him through the air with dagger poised, he sprang upon the bulwarks to cast himself into the sea.",False,"(S (S (VP (VBG Seeing) (S (NP (NNP Peter)) (VP (ADVP (RB slowly)) (VBG advancing) (PP (IN upon) (NP (PRP him))) (PP (IN through) (NP (DT the) (NN air))) (PP (IN with) (S (NP (NN dagger)) (VP (VBN poised)))))))) (, ,) (NP (PRP he)) (VP (VBD sprang) (PP (IN upon) (NP (DT the) (NNS bulwarks))) (S (VP (TO to) (VP (VB cast) (NP (PRP himself)) (PP (IN into) (NP (DT the) (NN sea))))))) (. .))",6.0,76,Did the man escape Peter\'s attempt to attack?,Yes,No,1,16,Ġthe,1.0,0,1.0,True
3,"Seeing Peter slowly advancing upon him through the air with dagger poised, he sprang upon the bulwarks to cast himself into the sea.",False,"(S (S (VP (VBG Seeing) (S (NP (NNP Peter)) (VP (ADVP (RB slowly)) (VBG advancing) (PP (IN upon) (NP (PRP him))) (PP (IN through) (NP (DT the) (NN air))) (PP (IN with) (S (NP (NN dagger)) (VP (VBN poised)))))))) (, ,) (NP (PRP he)) (VP (VBD sprang) (PP (IN upon) (NP (DT the) (NNS bulwarks))) (S (VP (TO to) (VP (VB cast) (NP (PRP himself)) (PP (IN into) (NP (DT the) (NN sea))))))) (. .))",6.0,76,Did the man escape Peter\'s attempt to attack?,Yes,No,1,17,Ġbul,1.0,0,1.0,True
3,"Seeing Peter slowly advancing upon him through the air with dagger poised, he sprang upon the bulwarks to cast himself into the sea.",False,"(S (S (VP (VBG Seeing) (S (NP (NNP Peter)) (VP (ADVP (RB slowly)) (VBG advancing) (PP (IN upon) (NP (PRP him))) (PP (IN through) (NP (DT the) (NN air))) (PP (IN with) (S (NP (NN dagger)) (VP (VBN poised)))))))) (, ,) (NP (PRP he)) (VP (VBD sprang) (PP (IN upon) (NP (DT the) (NNS bulwarks))) (S (VP (TO to) (VP (VB cast) (NP (PRP himself)) (PP (IN into) (NP (DT the) (NN sea))))))) (. .))",6.0,76,Did the man escape Peter\'s attempt to attack?,Yes,No,1,18,w,1.0,0,1.0,True
3,"Seeing Peter slowly advancing upon him through the air with dagger poised, he sprang upon the bulwarks to cast himself into the sea.",False,"(S (S (VP (VBG Seeing) (S (NP (NNP Peter)) (VP (ADVP (RB slowly)) (VBG advancing) (PP (IN upon) (NP (PRP him))) (PP (IN through) (NP (DT the) (NN air))) (PP (IN with) (S (NP (NN dagger)) (VP (VBN poised)))))))) (, ,) (NP (PRP he)) (VP (VBD sprang) (PP (IN upon) (NP (DT the) (NNS bulwarks))) (S (VP (TO to) (VP (VB cast) (NP (PRP himself)) (PP (IN into) (NP (DT the) (NN sea))))))) (. .))",6.0,76,Did the man escape Peter\'s attempt to attack?,Yes,No,1,19,arks,1.0,0,1.0,True
3,"Seeing Peter slowly advancing upon him through the air with dagger poised, he sprang upon the bulwarks to cast himself into the sea.",False,"(S (S (VP (VBG Seeing) (S (NP (NNP Peter)) (VP (ADVP (RB slowly)) (VBG advancing) (PP (IN upon) (NP (PRP him))) (PP (IN through) (NP (DT the) (NN air))) (PP (IN with) (S (NP (NN dagger)) (VP (VBN poised)))))))) (, ,) (NP (PRP he)) (VP (VBD sprang) (PP (IN upon) (NP (DT the) (NNS bulwarks))) (S (VP (TO to) (VP (VB cast) (NP (PRP himself)) (PP (IN into) (NP (DT the) (NN sea))))))) (. .))",6.0,76,Did the man escape Peter\'s attempt to attack?,Yes,No,1,20,Ġto,1.0,0,1.0,True
3,"Seeing Peter slowly advancing upon him through the air with dagger poised, he sprang upon the bulwarks to cast himself into the sea.",False,"(S (S (VP (VBG Seeing) (S (NP (NNP Peter)) (VP (ADVP (RB slowly)) (VBG advancing) (PP (IN upon) (NP (PRP him))) (PP (IN through) (NP (DT the) (NN air))) (PP (IN with) (S (NP (NN dagger)) (VP (VBN poised)))))))) (, ,) (NP (PRP he)) (VP (VBD sprang) (PP (IN upon) (NP (DT the) (NNS bulwarks))) (S (VP (TO to) (VP (VB cast) (NP (PRP himself)) (PP (IN into) (NP (DT the) (NN sea))))))) (. .))",6.0,76,Did the man escape Peter\'s attempt to attack?,Yes,No,1,21,Ġcast,1.0,0,1.0,True
3,"Seeing Peter slowly advancing upon him through the air with dagger poised, he sprang upon the bulwarks to cast himself into the sea.",False,"(S (S (VP (VBG Seeing) (S (NP (NNP Peter)) (VP (ADVP (RB slowly)) (VBG advancing) (PP (IN upon) (NP (PRP him))) (PP (IN through) (NP (DT the) (NN air))) (PP (IN with) (S (NP (NN dagger)) (VP (VBN poised)))))))) (, ,) (NP (PRP he)) (VP (VBD sprang) (PP (IN upon) (NP (DT the) (NNS bulwarks))) (S (VP (TO to) (VP (VB cast) (NP (PRP himself)) (PP (IN into) (NP (DT the) (NN sea))))))) (. .))",6.0,76,Did the man escape Peter\'s attempt to attack?,Yes,No,1,22,Ġhimself,1.0,0,1.0,True
3,"Seeing Peter slowly advancing upon him through the air with dagger poised, he sprang upon the bulwarks to cast himself into the sea.",False,"(S (S (VP (VBG Seeing) (S (NP (NNP Peter)) (VP (ADVP (RB slowly)) (VBG advancing) (PP (IN upon) (NP (PRP him))) (PP (IN through) (NP (DT the) (NN air))) (PP (IN with) (S (NP (NN dagger)) (VP (VBN poised)))))))) (, ,) (NP (PRP he)) (VP (VBD sprang) (PP (IN upon) (NP (DT the) (NNS bulwarks))) (S (VP (TO to) (VP (VB cast) (NP (PRP himself)) (PP (IN into) (NP (DT the) (NN sea))))))) (. .))",6.0,76,Did the man escape Peter\'s attempt to attack?,Yes,No,1,23,Ġinto,1.0,0,1.0,True
3,"Seeing Peter slowly advancing upon him through the air with dagger poised, he sprang upon the bulwarks to cast himself into the sea.",False,"(S (S (VP (VBG Seeing) (S (NP (NNP Peter)) (VP (ADVP (RB slowly)) (VBG advancing) (PP (IN upon) (NP (PRP him))) (PP (IN through) (NP (DT the) (NN air))) (PP (IN with) (S (NP (NN dagger)) (VP (VBN poised)))))))) (, ,) (NP (PRP he)) (VP (VBD sprang) (PP (IN upon) (NP (DT the) (NNS bulwarks))) (S (VP (TO to) (VP (VB cast) (NP (PRP himself)) (PP (IN into) (NP (DT the) (NN sea))))))) (. .))",6.0,76,Did the man escape Peter\'s attempt to attack?,Yes,No,1,24,Ġthe,1.0,0,1.0,True
3,"Seeing Peter slowly advancing upon him through the air with dagger poised, he sprang upon the bulwarks to cast himself into the sea.",False,"(S (S (VP (VBG Seeing) (S (NP (NNP Peter)) (VP (ADVP (RB slowly)) (VBG advancing) (PP (IN upon) (NP (PRP him))) (PP (IN through) (NP (DT the) (NN air))) (PP (IN with) (S (NP (NN dagger)) (VP (VBN poised)))))))) (, ,) (NP (PRP he)) (VP (VBD sprang) (PP (IN upon) (NP (DT the) (NNS bulwarks))) (S (VP (TO to) (VP (VB cast) (NP (PRP himself)) (PP (IN into) (NP (DT the) (NN sea))))))) (. .))",6.0,76,Did the man escape Peter\'s attempt to attack?,Yes,No,1,25,Ġsea,1.0,0,1.0,True
3,"Seeing Peter slowly advancing upon him through the air with dagger poised, he sprang upon the bulwarks to cast himself into the sea.",False,"(S (S (VP (VBG Seeing) (S (NP (NNP Peter)) (VP (ADVP (RB slowly)) (VBG advancing) (PP (IN upon) (NP (PRP him))) (PP (IN through) (NP (DT the) (NN air))) (PP (IN with) (S (NP (NN dagger)) (VP (VBN poised)))))))) (, ,) (NP (PRP he)) (VP (VBD sprang) (PP (IN upon) (NP (DT the) (NNS bulwarks))) (S (VP (TO to) (VP (VB cast) (NP (PRP himself)) (PP (IN into) (NP (DT the) (NN sea))))))) (. .))",6.0,76,Did the man escape Peter\'s attempt to attack?,Yes,No,1,26,.,1.0,0,1.0,True
4,"Some months later, Michael Larson saw another opportunity to stack the odds in his favor with a dash of ingenuity.",False,"(S (ADVP (NP (DT Some) (NNS months)) (RB later)) (, ,) (NP (NNP Michael) (NNP Larson)) (VP (VBD saw) (NP (DT another) (NN opportunity) (S (VP (TO to) (VP (VB stack) (NP (DT the) (NNS odds)) (PP (IN in) (NP (PRP$ his) (NN favor))) (PP (IN with) (NP (NP (DT a) (NN dash)) (PP (IN of) (NP (NN ingenuity)))))))))) (. .))",12.0,77,Did Larson see more than one opportunity?,Yes,No,1,0,Some,1.0,0,1.0,True
4,"Some months later, Michael Larson saw another opportunity to stack the odds in his favor with a dash of ingenuity.",False,"(S (ADVP (NP (DT Some) (NNS months)) (RB later)) (, ,) (NP (NNP Michael) (NNP Larson)) (VP (VBD saw) (NP (DT another) (NN opportunity) (S (VP (TO to) (VP (VB stack) (NP (DT the) (NNS odds)) (PP (IN in) (NP (PRP$ his) (NN favor))) (PP (IN with) (NP (NP (DT a) (NN dash)) (PP (IN of) (NP (NN ingenuity)))))))))) (. .))",12.0,77,Did Larson see more than one opportunity?,Yes,No,1,1,Ġmonths,1.0,0,1.0,True
4,"Some months later, Michael Larson saw another opportunity to stack the odds in his favor with a dash of ingenuity.",False,"(S (ADVP (NP (DT Some) (NNS months)) (RB later)) (, ,) (NP (NNP Michael) (NNP Larson)) (VP (VBD saw) (NP (DT another) (NN opportunity) (S (VP (TO to) (VP (VB stack) (NP (DT the) (NNS odds)) (PP (IN in) (NP (PRP$ his) (NN favor))) (PP (IN with) (NP (NP (DT a) (NN dash)) (PP (IN of) (NP (NN ingenuity)))))))))) (. .))",12.0,77,Did Larson see more than one opportunity?,Yes,No,1,2,Ġlater,1.0,0,1.0,True
4,"Some months later, Michael Larson saw another opportunity to stack the odds in his favor with a dash of ingenuity.",False,"(S (ADVP (NP (DT Some) (NNS months)) (RB later)) (, ,) (NP (NNP Michael) (NNP Larson)) (VP (VBD saw) (NP (DT another) (NN opportunity) (S (VP (TO to) (VP (VB stack) (NP (DT the) (NNS odds)) (PP (IN in) (NP (PRP$ his) (NN favor))) (PP (IN with) (NP (NP (DT a) (NN dash)) (PP (IN of) (NP (NN ingenuity)))))))))) (. .))",12.0,77,Did Larson see more than one opportunity?,Yes,No,1,3,",",1.0,0,1.0,True
4,"Some months later, Michael Larson saw another opportunity to stack the odds in his favor with a dash of ingenuity.",False,"(S (ADVP (NP (DT Some) (NNS months)) (RB later)) (, ,) (NP (NNP Michael) (NNP Larson)) (VP (VBD saw) (NP (DT another) (NN opportunity) (S (VP (TO to) (VP (VB stack) (NP (DT the) (NNS odds)) (PP (IN in) (NP (PRP$ his) (NN favor))) (PP (IN with) (NP (NP (DT a) (NN dash)) (PP (IN of) (NP (NN ingenuity)))))))))) (. .))",12.0,77,Did Larson see more than one opportunity?,Yes,No,1,4,ĠMichael,1.0,0,1.0,True
4,"Some months later, Michael Larson saw another opportunity to stack the odds in his favor with a dash of ingenuity.",False,"(S (ADVP (NP (DT Some) (NNS months)) (RB later)) (, ,) (NP (NNP Michael) (NNP Larson)) (VP (VBD saw) (NP (DT another) (NN opportunity) (S (VP (TO to) (VP (VB stack) (NP (DT the) (NNS odds)) (PP (IN in) (NP (PRP$ his) (NN favor))) (PP (IN with) (NP (NP (DT a) (NN dash)) (PP (IN of) (NP (NN ingenuity)))))))))) (. .))",12.0,77,Did Larson see more than one opportunity?,Yes,No,1,5,ĠLarson,1.0,0,1.0,True
4,"Some months later, Michael Larson saw another opportunity to stack the odds in his favor with a dash of ingenuity.",False,"(S (ADVP (NP (DT Some) (NNS months)) (RB later)) (, ,) (NP (NNP Michael) (NNP Larson)) (VP (VBD saw) (NP (DT another) (NN opportunity) (S (VP (TO to) (VP (VB stack) (NP (DT the) (NNS odds)) (PP (IN in) (NP (PRP$ his) (NN favor))) (PP (IN with) (NP (NP (DT a) (NN dash)) (PP (IN of) (NP (NN ingenuity)))))))))) (. .))",12.0,77,Did Larson see more than one opportunity?,Yes,No,1,6,Ġsaw,1.0,0,1.0,True
4,"Some months later, Michael Larson saw another opportunity to stack the odds in his favor with a dash of ingenuity.",False,"(S (ADVP (NP (DT Some) (NNS months)) (RB later)) (, ,) (NP (NNP Michael) (NNP Larson)) (VP (VBD saw) (NP (DT another) (NN opportunity) (S (VP (TO to) (VP (VB stack) (NP (DT the) (NNS odds)) (PP (IN in) (NP (PRP$ his) (NN favor))) (PP (IN with) (NP (NP (DT a) (NN dash)) (PP (IN of) (NP (NN ingenuity)))))))))) (. .))",12.0,77,Did Larson see more than one opportunity?,Yes,No,1,7,Ġanother,1.0,0,1.0,True
4,"Some months later, Michael Larson saw another opportunity to stack the odds in his favor with a dash of ingenuity.",False,"(S (ADVP (NP (DT Some) (NNS months)) (RB later)) (, ,) (NP (NNP Michael) (NNP Larson)) (VP (VBD saw) (NP (DT another) (NN opportunity) (S (VP (TO to) (VP (VB stack) (NP (DT the) (NNS odds)) (PP (IN in) (NP (PRP$ his) (NN favor))) (PP (IN with) (NP (NP (DT a) (NN dash)) (PP (IN of) (NP (NN ingenuity)))))))))) (. .))",12.0,77,Did Larson see more than one opportunity?,Yes,No,1,8,Ġopportunity,1.0,0,1.0,True
4,"Some months later, Michael Larson saw another opportunity to stack the odds in his favor with a dash of ingenuity.",False,"(S (ADVP (NP (DT Some) (NNS months)) (RB later)) (, ,) (NP (NNP Michael) (NNP Larson)) (VP (VBD saw) (NP (DT another) (NN opportunity) (S (VP (TO to) (VP (VB stack) (NP (DT the) (NNS odds)) (PP (IN in) (NP (PRP$ his) (NN favor))) (PP (IN with) (NP (NP (DT a) (NN dash)) (PP (IN of) (NP (NN ingenuity)))))))))) (. .))",12.0,77,Did Larson see more than one opportunity?,Yes,No,1,9,Ġto,1.0,0,1.0,True
4,"Some months later, Michael Larson saw another opportunity to stack the odds in his favor with a dash of ingenuity.",False,"(S (ADVP (NP (DT Some) (NNS months)) (RB later)) (, ,) (NP (NNP Michael) (NNP Larson)) (VP (VBD saw) (NP (DT another) (NN opportunity) (S (VP (TO to) (VP (VB stack) (NP (DT the) (NNS odds)) (PP (IN in) (NP (PRP$ his) (NN favor))) (PP (IN with) (NP (NP (DT a) (NN dash)) (PP (IN of) (NP (NN ingenuity)))))))))) (. .))",12.0,77,Did Larson see more than one opportunity?,Yes,No,1,10,Ġstack,1.0,0,1.0,True
4,"Some months later, Michael Larson saw another opportunity to stack the odds in his favor with a dash of ingenuity.",False,"(S (ADVP (NP (DT Some) (NNS months)) (RB later)) (, ,) (NP (NNP Michael) (NNP Larson)) (VP (VBD saw) (NP (DT another) (NN opportunity) (S (VP (TO to) (VP (VB stack) (NP (DT the) (NNS odds)) (PP (IN in) (NP (PRP$ his) (NN favor))) (PP (IN with) (NP (NP (DT a) (NN dash)) (PP (IN of) (NP (NN ingenuity)))))))))) (. .))",12.0,77,Did Larson see more than one opportunity?,Yes,No,1,11,Ġthe,1.0,0,1.0,True
4,"Some months later, Michael Larson saw another opportunity to stack the odds in his favor with a dash of ingenuity.",False,"(S (ADVP (NP (DT Some) (NNS months)) (RB later)) (, ,) (NP (NNP Michael) (NNP Larson)) (VP (VBD saw) (NP (DT another) (NN opportunity) (S (VP (TO to) (VP (VB stack) (NP (DT the) (NNS odds)) (PP (IN in) (NP (PRP$ his) (NN favor))) (PP (IN with) (NP (NP (DT a) (NN dash)) (PP (IN of) (NP (NN ingenuity)))))))))) (. .))",12.0,77,Did Larson see more than one opportunity?,Yes,No,1,12,Ġodds,1.0,0,1.0,True
4,"Some months later, Michael Larson saw another opportunity to stack the odds in his favor with a dash of ingenuity.",False,"(S (ADVP (NP (DT Some) (NNS months)) (RB later)) (, ,) (NP (NNP Michael) (NNP Larson)) (VP (VBD saw) (NP (DT another) (NN opportunity) (S (VP (TO to) (VP (VB stack) (NP (DT the) (NNS odds)) (PP (IN in) (NP (PRP$ his) (NN favor))) (PP (IN with) (NP (NP (DT a) (NN dash)) (PP (IN of) (NP (NN ingenuity)))))))))) (. .))",12.0,77,Did Larson see more than one opportunity?,Yes,No,1,13,Ġin,1.0,0,1.0,True
4,"Some months later, Michael Larson saw another opportunity to stack the odds in his favor with a dash of ingenuity.",False,"(S (ADVP (NP (DT Some) (NNS months)) (RB later)) (, ,) (NP (NNP Michael) (NNP Larson)) (VP (VBD saw) (NP (DT another) (NN opportunity) (S (VP (TO to) (VP (VB stack) (NP (DT the) (NNS odds)) (PP (IN in) (NP (PRP$ his) (NN favor))) (PP (IN with) (NP (NP (DT a) (NN dash)) (PP (IN of) (NP (NN ingenuity)))))))))) (. .))",12.0,77,Did Larson see more than one opportunity?,Yes,No,1,14,Ġhis,1.0,0,1.0,True
4,"Some months later, Michael Larson saw another opportunity to stack the odds in his favor with a dash of ingenuity.",False,"(S (ADVP (NP (DT Some) (NNS months)) (RB later)) (, ,) (NP (NNP Michael) (NNP Larson)) (VP (VBD saw) (NP (DT another) (NN opportunity) (S (VP (TO to) (VP (VB stack) (NP (DT the) (NNS odds)) (PP (IN in) (NP (PRP$ his) (NN favor))) (PP (IN with) (NP (NP (DT a) (NN dash)) (PP (IN of) (NP (NN ingenuity)))))))))) (. .))",12.0,77,Did Larson see more than one opportunity?,Yes,No,1,15,Ġfavor,1.0,0,1.0,True
4,"Some months later, Michael Larson saw another opportunity to stack the odds in his favor with a dash of ingenuity.",False,"(S (ADVP (NP (DT Some) (NNS months)) (RB later)) (, ,) (NP (NNP Michael) (NNP Larson)) (VP (VBD saw) (NP (DT another) (NN opportunity) (S (VP (TO to) (VP (VB stack) (NP (DT the) (NNS odds)) (PP (IN in) (NP (PRP$ his) (NN favor))) (PP (IN with) (NP (NP (DT a) (NN dash)) (PP (IN of) (NP (NN ingenuity)))))))))) (. .))",12.0,77,Did Larson see more than one opportunity?,Yes,No,1,16,Ġwith,1.0,0,1.0,True
4,"Some months later, Michael Larson saw another opportunity to stack the odds in his favor with a dash of ingenuity.",False,"(S (ADVP (NP (DT Some) (NNS months)) (RB later)) (, ,) (NP (NNP Michael) (NNP Larson)) (VP (VBD saw) (NP (DT another) (NN opportunity) (S (VP (TO to) (VP (VB stack) (NP (DT the) (NNS odds)) (PP (IN in) (NP (PRP$ his) (NN favor))) (PP (IN with) (NP (NP (DT a) (NN dash)) (PP (IN of) (NP (NN ingenuity)))))))))) (. .))",12.0,77,Did Larson see more than one opportunity?,Yes,No,1,17,Ġa,1.0,0,1.0,True
4,"Some months later, Michael Larson saw another opportunity to stack the odds in his favor with a dash of ingenuity.",False,"(S (ADVP (NP (DT Some) (NNS months)) (RB later)) (, ,) (NP (NNP Michael) (NNP Larson)) (VP (VBD saw) (NP (DT another) (NN opportunity) (S (VP (TO to) (VP (VB stack) (NP (DT the) (NNS odds)) (PP (IN in) (NP (PRP$ his) (NN favor))) (PP (IN with) (NP (NP (DT a) (NN dash)) (PP (IN of) (NP (NN ingenuity)))))))))) (. .))",12.0,77,Did Larson see more than one opportunity?,Yes,No,1,18,Ġdash,1.0,0,1.0,True
4,"Some months later, Michael Larson saw another opportunity to stack the odds in his favor with a dash of ingenuity.",False,"(S (ADVP (NP (DT Some) (NNS months)) (RB later)) (, ,) (NP (NNP Michael) (NNP Larson)) (VP (VBD saw) (NP (DT another) (NN opportunity) (S (VP (TO to) (VP (VB stack) (NP (DT the) (NNS odds)) (PP (IN in) (NP (PRP$ his) (NN favor))) (PP (IN with) (NP (NP (DT a) (NN dash)) (PP (IN of) (NP (NN ingenuity)))))))))) (. .))",12.0,77,Did Larson see more than one opportunity?,Yes,No,1,19,Ġof,1.0,0,1.0,True
4,"Some months later, Michael Larson saw another opportunity to stack the odds in his favor with a dash of ingenuity.",False,"(S (ADVP (NP (DT Some) (NNS months)) (RB later)) (, ,) (NP (NNP Michael) (NNP Larson)) (VP (VBD saw) (NP (DT another) (NN opportunity) (S (VP (TO to) (VP (VB stack) (NP (DT the) (NNS odds)) (PP (IN in) (NP (PRP$ his) (NN favor))) (PP (IN with) (NP (NP (DT a) (NN dash)) (PP (IN of) (NP (NN ingenuity)))))))))) (. .))",12.0,77,Did Larson see more than one opportunity?,Yes,No,1,20,Ġingenuity,1.0,0,1.0,True
4,"Some months later, Michael Larson saw another opportunity to stack the odds in his favor with a dash of ingenuity.",False,"(S (ADVP (NP (DT Some) (NNS months)) (RB later)) (, ,) (NP (NNP Michael) (NNP Larson)) (VP (VBD saw) (NP (DT another) (NN opportunity) (S (VP (TO to) (VP (VB stack) (NP (DT the) (NNS odds)) (PP (IN in) (NP (PRP$ his) (NN favor))) (PP (IN with) (NP (NP (DT a) (NN dash)) (PP (IN of) (NP (NN ingenuity)))))))))) (. .))",12.0,77,Did Larson see more than one opportunity?,Yes,No,1,21,.,1.0,0,1.0,True
5,"Bob Murphy, the Senior PGA Tour money leader with seven hundred thousand, says heat should n't be a factor.",False,"(S (NP (NP (NNP Bob) (NNP Murphy)) (, ,) (NP (NP (DT the) (JJ Senior) (NNP PGA) (NNP Tour) (NN money) (NN leader)) (PP (IN with) (NP (QP (CD seven) (CD hundred) (CD thousand))))) (, ,)) (VP (VBZ says) (SBAR (S (NN heat) (RB shouldn\'t) (VP (VB be) (NP (DT a) (NN factor)))))) (. .))",13.0,78,Is the leader cocnered about the weather?,Yes,No,0,0,Bob,1.0,0,1.0,True
5,"Bob Murphy, the Senior PGA Tour money leader with seven hundred thousand, says heat should n't be a factor.",False,"(S (NP (NP (NNP Bob) (NNP Murphy)) (, ,) (NP (NP (DT the) (JJ Senior) (NNP PGA) (NNP Tour) (NN money) (NN leader)) (PP (IN with) (NP (QP (CD seven) (CD hundred) (CD thousand))))) (, ,)) (VP (VBZ says) (SBAR (S (NN heat) (RB shouldn\'t) (VP (VB be) (NP (DT a) (NN factor)))))) (. .))",13.0,78,Is the leader cocnered about the weather?,Yes,No,0,1,ĠMurphy,1.0,0,1.0,True
5,"Bob Murphy, the Senior PGA Tour money leader with seven hundred thousand, says heat should n't be a factor.",False,"(S (NP (NP (NNP Bob) (NNP Murphy)) (, ,) (NP (NP (DT the) (JJ Senior) (NNP PGA) (NNP Tour) (NN money) (NN leader)) (PP (IN with) (NP (QP (CD seven) (CD hundred) (CD thousand))))) (, ,)) (VP (VBZ says) (SBAR (S (NN heat) (RB shouldn\'t) (VP (VB be) (NP (DT a) (NN factor)))))) (. .))",13.0,78,Is the leader cocnered about the weather?,Yes,No,0,2,",",1.0,0,1.0,True
5,"Bob Murphy, the Senior PGA Tour money leader with seven hundred thousand, says heat should n't be a factor.",False,"(S (NP (NP (NNP Bob) (NNP Murphy)) (, ,) (NP (NP (DT the) (JJ Senior) (NNP PGA) (NNP Tour) (NN money) (NN leader)) (PP (IN with) (NP (QP (CD seven) (CD hundred) (CD thousand))))) (, ,)) (VP (VBZ says) (SBAR (S (NN heat) (RB shouldn\'t) (VP (VB be) (NP (DT a) (NN factor)))))) (. .))",13.0,78,Is the leader cocnered about the weather?,Yes,No,0,3,Ġthe,1.0,0,1.0,True
5,"Bob Murphy, the Senior PGA Tour money leader with seven hundred thousand, says heat should n't be a factor.",False,"(S (NP (NP (NNP Bob) (NNP Murphy)) (, ,) (NP (NP (DT the) (JJ Senior) (NNP PGA) (NNP Tour) (NN money) (NN leader)) (PP (IN with) (NP (QP (CD seven) (CD hundred) (CD thousand))))) (, ,)) (VP (VBZ says) (SBAR (S (NN heat) (RB shouldn\'t) (VP (VB be) (NP (DT a) (NN factor)))))) (. .))",13.0,78,Is the leader cocnered about the weather?,Yes,No,0,4,ĠSenior,1.0,0,1.0,True
5,"Bob Murphy, the Senior PGA Tour money leader with seven hundred thousand, says heat should n't be a factor.",False,"(S (NP (NP (NNP Bob) (NNP Murphy)) (, ,) (NP (NP (DT the) (JJ Senior) (NNP PGA) (NNP Tour) (NN money) (NN leader)) (PP (IN with) (NP (QP (CD seven) (CD hundred) (CD thousand))))) (, ,)) (VP (VBZ says) (SBAR (S (NN heat) (RB shouldn\'t) (VP (VB be) (NP (DT a) (NN factor)))))) (. .))",13.0,78,Is the leader cocnered about the weather?,Yes,No,0,5,ĠP,1.0,0,1.0,True
5,"Bob Murphy, the Senior PGA Tour money leader with seven hundred thousand, says heat should n't be a factor.",False,"(S (NP (NP (NNP Bob) (NNP Murphy)) (, ,) (NP (NP (DT the) (JJ Senior) (NNP PGA) (NNP Tour) (NN money) (NN leader)) (PP (IN with) (NP (QP (CD seven) (CD hundred) (CD thousand))))) (, ,)) (VP (VBZ says) (SBAR (S (NN heat) (RB shouldn\'t) (VP (VB be) (NP (DT a) (NN factor)))))) (. .))",13.0,78,Is the leader cocnered about the weather?,Yes,No,0,6,GA,1.0,0,1.0,True
5,"Bob Murphy, the Senior PGA Tour money leader with seven hundred thousand, says heat should n't be a factor.",False,"(S (NP (NP (NNP Bob) (NNP Murphy)) (, ,) (NP (NP (DT the) (JJ Senior) (NNP PGA) (NNP Tour) (NN money) (NN leader)) (PP (IN with) (NP (QP (CD seven) (CD hundred) (CD thousand))))) (, ,)) (VP (VBZ says) (SBAR (S (NN heat) (RB shouldn\'t) (VP (VB be) (NP (DT a) (NN factor)))))) (. .))",13.0,78,Is the leader cocnered about the weather?,Yes,No,0,7,ĠTour,1.0,0,1.0,True
5,"Bob Murphy, the Senior PGA Tour money leader with seven hundred thousand, says heat should n't be a factor.",False,"(S (NP (NP (NNP Bob) (NNP Murphy)) (, ,) (NP (NP (DT the) (JJ Senior) (NNP PGA) (NNP Tour) (NN money) (NN leader)) (PP (IN with) (NP (QP (CD seven) (CD hundred) (CD thousand))))) (, ,)) (VP (VBZ says) (SBAR (S (NN heat) (RB shouldn\'t) (VP (VB be) (NP (DT a) (NN factor)))))) (. .))",13.0,78,Is the leader cocnered about the weather?,Yes,No,0,8,Ġmoney,1.0,0,1.0,True
5,"Bob Murphy, the Senior PGA Tour money leader with seven hundred thousand, says heat should n't be a factor.",False,"(S (NP (NP (NNP Bob) (NNP Murphy)) (, ,) (NP (NP (DT the) (JJ Senior) (NNP PGA) (NNP Tour) (NN money) (NN leader)) (PP (IN with) (NP (QP (CD seven) (CD hundred) (CD thousand))))) (, ,)) (VP (VBZ says) (SBAR (S (NN heat) (RB shouldn\'t) (VP (VB be) (NP (DT a) (NN factor)))))) (. .))",13.0,78,Is the leader cocnered about the weather?,Yes,No,0,9,Ġleader,1.0,0,1.0,True
5,"Bob Murphy, the Senior PGA Tour money leader with seven hundred thousand, says heat should n't be a factor.",False,"(S (NP (NP (NNP Bob) (NNP Murphy)) (, ,) (NP (NP (DT the) (JJ Senior) (NNP PGA) (NNP Tour) (NN money) (NN leader)) (PP (IN with) (NP (QP (CD seven) (CD hundred) (CD thousand))))) (, ,)) (VP (VBZ says) (SBAR (S (NN heat) (RB shouldn\'t) (VP (VB be) (NP (DT a) (NN factor)))))) (. .))",13.0,78,Is the leader cocnered about the weather?,Yes,No,0,10,Ġwith,1.0,0,1.0,True
5,"Bob Murphy, the Senior PGA Tour money leader with seven hundred thousand, says heat should n't be a factor.",False,"(S (NP (NP (NNP Bob) (NNP Murphy)) (, ,) (NP (NP (DT the) (JJ Senior) (NNP PGA) (NNP Tour) (NN money) (NN leader)) (PP (IN with) (NP (QP (CD seven) (CD hundred) (CD thousand))))) (, ,)) (VP (VBZ says) (SBAR (S (NN heat) (RB shouldn\'t) (VP (VB be) (NP (DT a) (NN factor)))))) (. .))",13.0,78,Is the leader cocnered about the weather?,Yes,No,0,11,Ġseven,1.0,0,1.0,True
5,"Bob Murphy, the Senior PGA Tour money leader with seven hundred thousand, says heat should n't be a factor.",False,"(S (NP (NP (NNP Bob) (NNP Murphy)) (, ,) (NP (NP (DT the) (JJ Senior) (NNP PGA) (NNP Tour) (NN money) (NN leader)) (PP (IN with) (NP (QP (CD seven) (CD hundred) (CD thousand))))) (, ,)) (VP (VBZ says) (SBAR (S (NN heat) (RB shouldn\'t) (VP (VB be) (NP (DT a) (NN factor)))))) (. .))",13.0,78,Is the leader cocnered about the weather?,Yes,No,0,12,Ġhundred,1.0,0,1.0,True
5,"Bob Murphy, the Senior PGA Tour money leader with seven hundred thousand, says heat should n't be a factor.",False,"(S (NP (NP (NNP Bob) (NNP Murphy)) (, ,) (NP (NP (DT the) (JJ Senior) (NNP PGA) (NNP Tour) (NN money) (NN leader)) (PP (IN with) (NP (QP (CD seven) (CD hundred) (CD thousand))))) (, ,)) (VP (VBZ says) (SBAR (S (NN heat) (RB shouldn\'t) (VP (VB be) (NP (DT a) (NN factor)))))) (. .))",13.0,78,Is the leader cocnered about the weather?,Yes,No,0,13,Ġthousand,1.0,0,1.0,True
5,"Bob Murphy, the Senior PGA Tour money leader with seven hundred thousand, says heat should n't be a factor.",False,"(S (NP (NP (NNP Bob) (NNP Murphy)) (, ,) (NP (NP (DT the) (JJ Senior) (NNP PGA) (NNP Tour) (NN money) (NN leader)) (PP (IN with) (NP (QP (CD seven) (CD hundred) (CD thousand))))) (, ,)) (VP (VBZ says) (SBAR (S (NN heat) (RB shouldn\'t) (VP (VB be) (NP (DT a) (NN factor)))))) (. .))",13.0,78,Is the leader cocnered about the weather?,Yes,No,0,14,",",1.0,0,1.0,True
5,"Bob Murphy, the Senior PGA Tour money leader with seven hundred thousand, says heat should n't be a factor.",False,"(S (NP (NP (NNP Bob) (NNP Murphy)) (, ,) (NP (NP (DT the) (JJ Senior) (NNP PGA) (NNP Tour) (NN money) (NN leader)) (PP (IN with) (NP (QP (CD seven) (CD hundred) (CD thousand))))) (, ,)) (VP (VBZ says) (SBAR (S (NN heat) (RB shouldn\'t) (VP (VB be) (NP (DT a) (NN factor)))))) (. .))",13.0,78,Is the leader cocnered about the weather?,Yes,No,0,15,Ġsays,1.0,0,1.0,True
5,"Bob Murphy, the Senior PGA Tour money leader with seven hundred thousand, says heat should n't be a factor.",False,"(S (NP (NP (NNP Bob) (NNP Murphy)) (, ,) (NP (NP (DT the) (JJ Senior) (NNP PGA) (NNP Tour) (NN money) (NN leader)) (PP (IN with) (NP (QP (CD seven) (CD hundred) (CD thousand))))) (, ,)) (VP (VBZ says) (SBAR (S (NN heat) (RB shouldn\'t) (VP (VB be) (NP (DT a) (NN factor)))))) (. .))",13.0,78,Is the leader cocnered about the weather?,Yes,No,0,16,Ġheat,1.0,0,1.0,True
5,"Bob Murphy, the Senior PGA Tour money leader with seven hundred thousand, says heat should n't be a factor.",False,"(S (NP (NP (NNP Bob) (NNP Murphy)) (, ,) (NP (NP (DT the) (JJ Senior) (NNP PGA) (NNP Tour) (NN money) (NN leader)) (PP (IN with) (NP (QP (CD seven) (CD hundred) (CD thousand))))) (, ,)) (VP (VBZ says) (SBAR (S (NN heat) (RB shouldn\'t) (VP (VB be) (NP (DT a) (NN factor)))))) (. .))",13.0,78,Is the leader cocnered about the weather?,Yes,No,0,17,Ġshould,1.0,0,1.0,True
5,"Bob Murphy, the Senior PGA Tour money leader with seven hundred thousand, says heat should n't be a factor.",False,"(S (NP (NP (NNP Bob) (NNP Murphy)) (, ,) (NP (NP (DT the) (JJ Senior) (NNP PGA) (NNP Tour) (NN money) (NN leader)) (PP (IN with) (NP (QP (CD seven) (CD hundred) (CD thousand))))) (, ,)) (VP (VBZ says) (SBAR (S (NN heat) (RB shouldn\'t) (VP (VB be) (NP (DT a) (NN factor)))))) (. .))",13.0,78,Is the leader cocnered about the weather?,Yes,No,0,18,Ġn,1.0,0,1.0,True
5,"Bob Murphy, the Senior PGA Tour money leader with seven hundred thousand, says heat should n't be a factor.",False,"(S (NP (NP (NNP Bob) (NNP Murphy)) (, ,) (NP (NP (DT the) (JJ Senior) (NNP PGA) (NNP Tour) (NN money) (NN leader)) (PP (IN with) (NP (QP (CD seven) (CD hundred) (CD thousand))))) (, ,)) (VP (VBZ says) (SBAR (S (NN heat) (RB shouldn\'t) (VP (VB be) (NP (DT a) (NN factor)))))) (. .))",13.0,78,Is the leader cocnered about the weather?,Yes,No,0,19,'t,1.0,0,1.0,True
5,"Bob Murphy, the Senior PGA Tour money leader with seven hundred thousand, says heat should n't be a factor.",False,"(S (NP (NP (NNP Bob) (NNP Murphy)) (, ,) (NP (NP (DT the) (JJ Senior) (NNP PGA) (NNP Tour) (NN money) (NN leader)) (PP (IN with) (NP (QP (CD seven) (CD hundred) (CD thousand))))) (, ,)) (VP (VBZ says) (SBAR (S (NN heat) (RB shouldn\'t) (VP (VB be) (NP (DT a) (NN factor)))))) (. .))",13.0,78,Is the leader cocnered about the weather?,Yes,No,0,20,Ġbe,1.0,0,1.0,True
5,"Bob Murphy, the Senior PGA Tour money leader with seven hundred thousand, says heat should n't be a factor.",False,"(S (NP (NP (NNP Bob) (NNP Murphy)) (, ,) (NP (NP (DT the) (JJ Senior) (NNP PGA) (NNP Tour) (NN money) (NN leader)) (PP (IN with) (NP (QP (CD seven) (CD hundred) (CD thousand))))) (, ,)) (VP (VBZ says) (SBAR (S (NN heat) (RB shouldn\'t) (VP (VB be) (NP (DT a) (NN factor)))))) (. .))",13.0,78,Is the leader cocnered about the weather?,Yes,No,0,21,Ġa,1.0,0,1.0,True
5,"Bob Murphy, the Senior PGA Tour money leader with seven hundred thousand, says heat should n't be a factor.",False,"(S (NP (NP (NNP Bob) (NNP Murphy)) (, ,) (NP (NP (DT the) (JJ Senior) (NNP PGA) (NNP Tour) (NN money) (NN leader)) (PP (IN with) (NP (QP (CD seven) (CD hundred) (CD thousand))))) (, ,)) (VP (VBZ says) (SBAR (S (NN heat) (RB shouldn\'t) (VP (VB be) (NP (DT a) (NN factor)))))) (. .))",13.0,78,Is the leader cocnered about the weather?,Yes,No,0,22,Ġfactor,1.0,0,1.0,True
5,"Bob Murphy, the Senior PGA Tour money leader with seven hundred thousand, says heat should n't be a factor.",False,"(S (NP (NP (NNP Bob) (NNP Murphy)) (, ,) (NP (NP (DT the) (JJ Senior) (NNP PGA) (NNP Tour) (NN money) (NN leader)) (PP (IN with) (NP (QP (CD seven) (CD hundred) (CD thousand))))) (, ,)) (VP (VBZ says) (SBAR (S (NN heat) (RB shouldn\'t) (VP (VB be) (NP (DT a) (NN factor)))))) (. .))",13.0,78,Is the leader cocnered about the weather?,Yes,No,0,23,.,1.0,0,1.0,True
6,"Greg Anderson, considered a key witness by the prosecution, vowed he would n't testify when served a subpoena last week.",False,"(S (NP (NP (NNP Greg) (NNP Anderson)) (, ,) (VP (VBN considered) (S (NP (NP (DT a) (JJ key) (NN witness)) (PP (IN by) (NP (DT the) (NN prosecution)))))) (, ,)) (VP (VBD vowed) (SBAR (S (PRP he) (RB wouldn\'t) (VP (VB testify) (SBAR (WHADVP (WRB when)) (S (VP (VBD served) (NP (DT a) (NN subpoena)) (NP (JJ last) (NN week))))))))) (. .))",15.0,79,Was Greg Anderson asked to testify?,Yes,No,1,0,Greg,1.0,0,1.0,True
6,"Greg Anderson, considered a key witness by the prosecution, vowed he would n't testify when served a subpoena last week.",False,"(S (NP (NP (NNP Greg) (NNP Anderson)) (, ,) (VP (VBN considered) (S (NP (NP (DT a) (JJ key) (NN witness)) (PP (IN by) (NP (DT the) (NN prosecution)))))) (, ,)) (VP (VBD vowed) (SBAR (S (PRP he) (RB wouldn\'t) (VP (VB testify) (SBAR (WHADVP (WRB when)) (S (VP (VBD served) (NP (DT a) (NN subpoena)) (NP (JJ last) (NN week))))))))) (. .))",15.0,79,Was Greg Anderson asked to testify?,Yes,No,1,1,ĠAnderson,1.0,0,1.0,True
6,"Greg Anderson, considered a key witness by the prosecution, vowed he would n't testify when served a subpoena last week.",False,"(S (NP (NP (NNP Greg) (NNP Anderson)) (, ,) (VP (VBN considered) (S (NP (NP (DT a) (JJ key) (NN witness)) (PP (IN by) (NP (DT the) (NN prosecution)))))) (, ,)) (VP (VBD vowed) (SBAR (S (PRP he) (RB wouldn\'t) (VP (VB testify) (SBAR (WHADVP (WRB when)) (S (VP (VBD served) (NP (DT a) (NN subpoena)) (NP (JJ last) (NN week))))))))) (. .))",15.0,79,Was Greg Anderson asked to testify?,Yes,No,1,2,",",1.0,0,1.0,True
6,"Greg Anderson, considered a key witness by the prosecution, vowed he would n't testify when served a subpoena last week.",False,"(S (NP (NP (NNP Greg) (NNP Anderson)) (, ,) (VP (VBN considered) (S (NP (NP (DT a) (JJ key) (NN witness)) (PP (IN by) (NP (DT the) (NN prosecution)))))) (, ,)) (VP (VBD vowed) (SBAR (S (PRP he) (RB wouldn\'t) (VP (VB testify) (SBAR (WHADVP (WRB when)) (S (VP (VBD served) (NP (DT a) (NN subpoena)) (NP (JJ last) (NN week))))))))) (. .))",15.0,79,Was Greg Anderson asked to testify?,Yes,No,1,3,Ġconsidered,1.0,0,1.0,True
6,"Greg Anderson, considered a key witness by the prosecution, vowed he would n't testify when served a subpoena last week.",False,"(S (NP (NP (NNP Greg) (NNP Anderson)) (, ,) (VP (VBN considered) (S (NP (NP (DT a) (JJ key) (NN witness)) (PP (IN by) (NP (DT the) (NN prosecution)))))) (, ,)) (VP (VBD vowed) (SBAR (S (PRP he) (RB wouldn\'t) (VP (VB testify) (SBAR (WHADVP (WRB when)) (S (VP (VBD served) (NP (DT a) (NN subpoena)) (NP (JJ last) (NN week))))))))) (. .))",15.0,79,Was Greg Anderson asked to testify?,Yes,No,1,4,Ġa,1.0,0,1.0,True
6,"Greg Anderson, considered a key witness by the prosecution, vowed he would n't testify when served a subpoena last week.",False,"(S (NP (NP (NNP Greg) (NNP Anderson)) (, ,) (VP (VBN considered) (S (NP (NP (DT a) (JJ key) (NN witness)) (PP (IN by) (NP (DT the) (NN prosecution)))))) (, ,)) (VP (VBD vowed) (SBAR (S (PRP he) (RB wouldn\'t) (VP (VB testify) (SBAR (WHADVP (WRB when)) (S (VP (VBD served) (NP (DT a) (NN subpoena)) (NP (JJ last) (NN week))))))))) (. .))",15.0,79,Was Greg Anderson asked to testify?,Yes,No,1,5,Ġkey,1.0,0,1.0,True
6,"Greg Anderson, considered a key witness by the prosecution, vowed he would n't testify when served a subpoena last week.",False,"(S (NP (NP (NNP Greg) (NNP Anderson)) (, ,) (VP (VBN considered) (S (NP (NP (DT a) (JJ key) (NN witness)) (PP (IN by) (NP (DT the) (NN prosecution)))))) (, ,)) (VP (VBD vowed) (SBAR (S (PRP he) (RB wouldn\'t) (VP (VB testify) (SBAR (WHADVP (WRB when)) (S (VP (VBD served) (NP (DT a) (NN subpoena)) (NP (JJ last) (NN week))))))))) (. .))",15.0,79,Was Greg Anderson asked to testify?,Yes,No,1,6,Ġwitness,1.0,0,1.0,True
6,"Greg Anderson, considered a key witness by the prosecution, vowed he would n't testify when served a subpoena last week.",False,"(S (NP (NP (NNP Greg) (NNP Anderson)) (, ,) (VP (VBN considered) (S (NP (NP (DT a) (JJ key) (NN witness)) (PP (IN by) (NP (DT the) (NN prosecution)))))) (, ,)) (VP (VBD vowed) (SBAR (S (PRP he) (RB wouldn\'t) (VP (VB testify) (SBAR (WHADVP (WRB when)) (S (VP (VBD served) (NP (DT a) (NN subpoena)) (NP (JJ last) (NN week))))))))) (. .))",15.0,79,Was Greg Anderson asked to testify?,Yes,No,1,7,Ġby,1.0,0,1.0,True
6,"Greg Anderson, considered a key witness by the prosecution, vowed he would n't testify when served a subpoena last week.",False,"(S (NP (NP (NNP Greg) (NNP Anderson)) (, ,) (VP (VBN considered) (S (NP (NP (DT a) (JJ key) (NN witness)) (PP (IN by) (NP (DT the) (NN prosecution)))))) (, ,)) (VP (VBD vowed) (SBAR (S (PRP he) (RB wouldn\'t) (VP (VB testify) (SBAR (WHADVP (WRB when)) (S (VP (VBD served) (NP (DT a) (NN subpoena)) (NP (JJ last) (NN week))))))))) (. .))",15.0,79,Was Greg Anderson asked to testify?,Yes,No,1,8,Ġthe,1.0,0,1.0,True
6,"Greg Anderson, considered a key witness by the prosecution, vowed he would n't testify when served a subpoena last week.",False,"(S (NP (NP (NNP Greg) (NNP Anderson)) (, ,) (VP (VBN considered) (S (NP (NP (DT a) (JJ key) (NN witness)) (PP (IN by) (NP (DT the) (NN prosecution)))))) (, ,)) (VP (VBD vowed) (SBAR (S (PRP he) (RB wouldn\'t) (VP (VB testify) (SBAR (WHADVP (WRB when)) (S (VP (VBD served) (NP (DT a) (NN subpoena)) (NP (JJ last) (NN week))))))))) (. .))",15.0,79,Was Greg Anderson asked to testify?,Yes,No,1,9,Ġprosecution,1.0,0,1.0,True
6,"Greg Anderson, considered a key witness by the prosecution, vowed he would n't testify when served a subpoena last week.",False,"(S (NP (NP (NNP Greg) (NNP Anderson)) (, ,) (VP (VBN considered) (S (NP (NP (DT a) (JJ key) (NN witness)) (PP (IN by) (NP (DT the) (NN prosecution)))))) (, ,)) (VP (VBD vowed) (SBAR (S (PRP he) (RB wouldn\'t) (VP (VB testify) (SBAR (WHADVP (WRB when)) (S (VP (VBD served) (NP (DT a) (NN subpoena)) (NP (JJ last) (NN week))))))))) (. .))",15.0,79,Was Greg Anderson asked to testify?,Yes,No,1,10,",",1.0,0,1.0,True
6,"Greg Anderson, considered a key witness by the prosecution, vowed he would n't testify when served a subpoena last week.",False,"(S (NP (NP (NNP Greg) (NNP Anderson)) (, ,) (VP (VBN considered) (S (NP (NP (DT a) (JJ key) (NN witness)) (PP (IN by) (NP (DT the) (NN prosecution)))))) (, ,)) (VP (VBD vowed) (SBAR (S (PRP he) (RB wouldn\'t) (VP (VB testify) (SBAR (WHADVP (WRB when)) (S (VP (VBD served) (NP (DT a) (NN subpoena)) (NP (JJ last) (NN week))))))))) (. .))",15.0,79,Was Greg Anderson asked to testify?,Yes,No,1,11,Ġvowed,1.0,0,1.0,True
6,"Greg Anderson, considered a key witness by the prosecution, vowed he would n't testify when served a subpoena last week.",False,"(S (NP (NP (NNP Greg) (NNP Anderson)) (, ,) (VP (VBN considered) (S (NP (NP (DT a) (JJ key) (NN witness)) (PP (IN by) (NP (DT the) (NN prosecution)))))) (, ,)) (VP (VBD vowed) (SBAR (S (PRP he) (RB wouldn\'t) (VP (VB testify) (SBAR (WHADVP (WRB when)) (S (VP (VBD served) (NP (DT a) (NN subpoena)) (NP (JJ last) (NN week))))))))) (. .))",15.0,79,Was Greg Anderson asked to testify?,Yes,No,1,12,Ġhe,1.0,0,1.0,True
6,"Greg Anderson, considered a key witness by the prosecution, vowed he would n't testify when served a subpoena last week.",False,"(S (NP (NP (NNP Greg) (NNP Anderson)) (, ,) (VP (VBN considered) (S (NP (NP (DT a) (JJ key) (NN witness)) (PP (IN by) (NP (DT the) (NN prosecution)))))) (, ,)) (VP (VBD vowed) (SBAR (S (PRP he) (RB wouldn\'t) (VP (VB testify) (SBAR (WHADVP (WRB when)) (S (VP (VBD served) (NP (DT a) (NN subpoena)) (NP (JJ last) (NN week))))))))) (. .))",15.0,79,Was Greg Anderson asked to testify?,Yes,No,1,13,Ġwould,1.0,0,1.0,True
6,"Greg Anderson, considered a key witness by the prosecution, vowed he would n't testify when served a subpoena last week.",False,"(S (NP (NP (NNP Greg) (NNP Anderson)) (, ,) (VP (VBN considered) (S (NP (NP (DT a) (JJ key) (NN witness)) (PP (IN by) (NP (DT the) (NN prosecution)))))) (, ,)) (VP (VBD vowed) (SBAR (S (PRP he) (RB wouldn\'t) (VP (VB testify) (SBAR (WHADVP (WRB when)) (S (VP (VBD served) (NP (DT a) (NN subpoena)) (NP (JJ last) (NN week))))))))) (. .))",15.0,79,Was Greg Anderson asked to testify?,Yes,No,1,14,Ġn,1.0,0,1.0,True
6,"Greg Anderson, considered a key witness by the prosecution, vowed he would n't testify when served a subpoena last week.",False,"(S (NP (NP (NNP Greg) (NNP Anderson)) (, ,) (VP (VBN considered) (S (NP (NP (DT a) (JJ key) (NN witness)) (PP (IN by) (NP (DT the) (NN prosecution)))))) (, ,)) (VP (VBD vowed) (SBAR (S (PRP he) (RB wouldn\'t) (VP (VB testify) (SBAR (WHADVP (WRB when)) (S (VP (VBD served) (NP (DT a) (NN subpoena)) (NP (JJ last) (NN week))))))))) (. .))",15.0,79,Was Greg Anderson asked to testify?,Yes,No,1,15,'t,1.0,0,1.0,True
6,"Greg Anderson, considered a key witness by the prosecution, vowed he would n't testify when served a subpoena last week.",False,"(S (NP (NP (NNP Greg) (NNP Anderson)) (, ,) (VP (VBN considered) (S (NP (NP (DT a) (JJ key) (NN witness)) (PP (IN by) (NP (DT the) (NN prosecution)))))) (, ,)) (VP (VBD vowed) (SBAR (S (PRP he) (RB wouldn\'t) (VP (VB testify) (SBAR (WHADVP (WRB when)) (S (VP (VBD served) (NP (DT a) (NN subpoena)) (NP (JJ last) (NN week))))))))) (. .))",15.0,79,Was Greg Anderson asked to testify?,Yes,No,1,16,Ġtestify,1.0,0,1.0,True
6,"Greg Anderson, considered a key witness by the prosecution, vowed he would n't testify when served a subpoena last week.",False,"(S (NP (NP (NNP Greg) (NNP Anderson)) (, ,) (VP (VBN considered) (S (NP (NP (DT a) (JJ key) (NN witness)) (PP (IN by) (NP (DT the) (NN prosecution)))))) (, ,)) (VP (VBD vowed) (SBAR (S (PRP he) (RB wouldn\'t) (VP (VB testify) (SBAR (WHADVP (WRB when)) (S (VP (VBD served) (NP (DT a) (NN subpoena)) (NP (JJ last) (NN week))))))))) (. .))",15.0,79,Was Greg Anderson asked to testify?,Yes,No,1,17,Ġwhen,1.0,0,1.0,True
6,"Greg Anderson, considered a key witness by the prosecution, vowed he would n't testify when served a subpoena last week.",False,"(S (NP (NP (NNP Greg) (NNP Anderson)) (, ,) (VP (VBN considered) (S (NP (NP (DT a) (JJ key) (NN witness)) (PP (IN by) (NP (DT the) (NN prosecution)))))) (, ,)) (VP (VBD vowed) (SBAR (S (PRP he) (RB wouldn\'t) (VP (VB testify) (SBAR (WHADVP (WRB when)) (S (VP (VBD served) (NP (DT a) (NN subpoena)) (NP (JJ last) (NN week))))))))) (. .))",15.0,79,Was Greg Anderson asked to testify?,Yes,No,1,18,Ġserved,1.0,0,1.0,True
6,"Greg Anderson, considered a key witness by the prosecution, vowed he would n't testify when served a subpoena last week.",False,"(S (NP (NP (NNP Greg) (NNP Anderson)) (, ,) (VP (VBN considered) (S (NP (NP (DT a) (JJ key) (NN witness)) (PP (IN by) (NP (DT the) (NN prosecution)))))) (, ,)) (VP (VBD vowed) (SBAR (S (PRP he) (RB wouldn\'t) (VP (VB testify) (SBAR (WHADVP (WRB when)) (S (VP (VBD served) (NP (DT a) (NN subpoena)) (NP (JJ last) (NN week))))))))) (. .))",15.0,79,Was Greg Anderson asked to testify?,Yes,No,1,19,Ġa,1.0,0,1.0,True
6,"Greg Anderson, considered a key witness by the prosecution, vowed he would n't testify when served a subpoena last week.",False,"(S (NP (NP (NNP Greg) (NNP Anderson)) (, ,) (VP (VBN considered) (S (NP (NP (DT a) (JJ key) (NN witness)) (PP (IN by) (NP (DT the) (NN prosecution)))))) (, ,)) (VP (VBD vowed) (SBAR (S (PRP he) (RB wouldn\'t) (VP (VB testify) (SBAR (WHADVP (WRB when)) (S (VP (VBD served) (NP (DT a) (NN subpoena)) (NP (JJ last) (NN week))))))))) (. .))",15.0,79,Was Greg Anderson asked to testify?,Yes,No,1,20,Ġsubpoena,1.0,0,1.0,True
6,"Greg Anderson, considered a key witness by the prosecution, vowed he would n't testify when served a subpoena last week.",False,"(S (NP (NP (NNP Greg) (NNP Anderson)) (, ,) (VP (VBN considered) (S (NP (NP (DT a) (JJ key) (NN witness)) (PP (IN by) (NP (DT the) (NN prosecution)))))) (, ,)) (VP (VBD vowed) (SBAR (S (PRP he) (RB wouldn\'t) (VP (VB testify) (SBAR (WHADVP (WRB when)) (S (VP (VBD served) (NP (DT a) (NN subpoena)) (NP (JJ last) (NN week))))))))) (. .))",15.0,79,Was Greg Anderson asked to testify?,Yes,No,1,21,Ġlast,1.0,0,1.0,True
6,"Greg Anderson, considered a key witness by the prosecution, vowed he would n't testify when served a subpoena last week.",False,"(S (NP (NP (NNP Greg) (NNP Anderson)) (, ,) (VP (VBN considered) (S (NP (NP (DT a) (JJ key) (NN witness)) (PP (IN by) (NP (DT the) (NN prosecution)))))) (, ,)) (VP (VBD vowed) (SBAR (S (PRP he) (RB wouldn\'t) (VP (VB testify) (SBAR (WHADVP (WRB when)) (S (VP (VBD served) (NP (DT a) (NN subpoena)) (NP (JJ last) (NN week))))))))) (. .))",15.0,79,Was Greg Anderson asked to testify?,Yes,No,1,22,Ġweek,1.0,0,1.0,True
6,"Greg Anderson, considered a key witness by the prosecution, vowed he would n't testify when served a subpoena last week.",False,"(S (NP (NP (NNP Greg) (NNP Anderson)) (, ,) (VP (VBN considered) (S (NP (NP (DT a) (JJ key) (NN witness)) (PP (IN by) (NP (DT the) (NN prosecution)))))) (, ,)) (VP (VBD vowed) (SBAR (S (PRP he) (RB wouldn\'t) (VP (VB testify) (SBAR (WHADVP (WRB when)) (S (VP (VBD served) (NP (DT a) (NN subpoena)) (NP (JJ last) (NN week))))))))) (. .))",15.0,79,Was Greg Anderson asked to testify?,Yes,No,1,23,.,1.0,0,1.0,True
7,Owls are more flexible than humans because a bird 's head is only connected by one socket pivot.,False,(S (NP (NNS Owls)) (VP (VBP are) (ADJP (ADJP (RBR more) (JJ flexible)) (PP (IN than) (NP (NNS humans)))) (SBAR (IN because) (S (NP (NP (DT a) (NN bird\) (POS 's)) (NN head)) (VP (VBZ is) (ADVP (RB only)) (VP (VBN connected) (PP (IN by) (NP (CD one) (NN socket) (NN pivot)))))))) (. .)),17.0,80,Are humans less flexible than owls?,Yes,No,1,0,O,1.0,0,1.0,True
7,Owls are more flexible than humans because a bird 's head is only connected by one socket pivot.,False,(S (NP (NNS Owls)) (VP (VBP are) (ADJP (ADJP (RBR more) (JJ flexible)) (PP (IN than) (NP (NNS humans)))) (SBAR (IN because) (S (NP (NP (DT a) (NN bird\) (POS 's)) (NN head)) (VP (VBZ is) (ADVP (RB only)) (VP (VBN connected) (PP (IN by) (NP (CD one) (NN socket) (NN pivot)))))))) (. .)),17.0,80,Are humans less flexible than owls?,Yes,No,1,1,w,1.0,0,1.0,True
7,Owls are more flexible than humans because a bird 's head is only connected by one socket pivot.,False,(S (NP (NNS Owls)) (VP (VBP are) (ADJP (ADJP (RBR more) (JJ flexible)) (PP (IN than) (NP (NNS humans)))) (SBAR (IN because) (S (NP (NP (DT a) (NN bird\) (POS 's)) (NN head)) (VP (VBZ is) (ADVP (RB only)) (VP (VBN connected) (PP (IN by) (NP (CD one) (NN socket) (NN pivot)))))))) (. .)),17.0,80,Are humans less flexible than owls?,Yes,No,1,2,ls,1.0,0,1.0,True
7,Owls are more flexible than humans because a bird 's head is only connected by one socket pivot.,False,(S (NP (NNS Owls)) (VP (VBP are) (ADJP (ADJP (RBR more) (JJ flexible)) (PP (IN than) (NP (NNS humans)))) (SBAR (IN because) (S (NP (NP (DT a) (NN bird\) (POS 's)) (NN head)) (VP (VBZ is) (ADVP (RB only)) (VP (VBN connected) (PP (IN by) (NP (CD one) (NN socket) (NN pivot)))))))) (. .)),17.0,80,Are humans less flexible than owls?,Yes,No,1,3,Ġare,1.0,0,1.0,True
7,Owls are more flexible than humans because a bird 's head is only connected by one socket pivot.,False,(S (NP (NNS Owls)) (VP (VBP are) (ADJP (ADJP (RBR more) (JJ flexible)) (PP (IN than) (NP (NNS humans)))) (SBAR (IN because) (S (NP (NP (DT a) (NN bird\) (POS 's)) (NN head)) (VP (VBZ is) (ADVP (RB only)) (VP (VBN connected) (PP (IN by) (NP (CD one) (NN socket) (NN pivot)))))))) (. .)),17.0,80,Are humans less flexible than owls?,Yes,No,1,4,Ġmore,1.0,0,1.0,True
7,Owls are more flexible than humans because a bird 's head is only connected by one socket pivot.,False,(S (NP (NNS Owls)) (VP (VBP are) (ADJP (ADJP (RBR more) (JJ flexible)) (PP (IN than) (NP (NNS humans)))) (SBAR (IN because) (S (NP (NP (DT a) (NN bird\) (POS 's)) (NN head)) (VP (VBZ is) (ADVP (RB only)) (VP (VBN connected) (PP (IN by) (NP (CD one) (NN socket) (NN pivot)))))))) (. .)),17.0,80,Are humans less flexible than owls?,Yes,No,1,5,Ġflexible,1.0,0,1.0,True
7,Owls are more flexible than humans because a bird 's head is only connected by one socket pivot.,False,(S (NP (NNS Owls)) (VP (VBP are) (ADJP (ADJP (RBR more) (JJ flexible)) (PP (IN than) (NP (NNS humans)))) (SBAR (IN because) (S (NP (NP (DT a) (NN bird\) (POS 's)) (NN head)) (VP (VBZ is) (ADVP (RB only)) (VP (VBN connected) (PP (IN by) (NP (CD one) (NN socket) (NN pivot)))))))) (. .)),17.0,80,Are humans less flexible than owls?,Yes,No,1,6,Ġthan,1.0,0,1.0,True
7,Owls are more flexible than humans because a bird 's head is only connected by one socket pivot.,False,(S (NP (NNS Owls)) (VP (VBP are) (ADJP (ADJP (RBR more) (JJ flexible)) (PP (IN than) (NP (NNS humans)))) (SBAR (IN because) (S (NP (NP (DT a) (NN bird\) (POS 's)) (NN head)) (VP (VBZ is) (ADVP (RB only)) (VP (VBN connected) (PP (IN by) (NP (CD one) (NN socket) (NN pivot)))))))) (. .)),17.0,80,Are humans less flexible than owls?,Yes,No,1,7,Ġhumans,1.0,0,1.0,True
7,Owls are more flexible than humans because a bird 's head is only connected by one socket pivot.,False,(S (NP (NNS Owls)) (VP (VBP are) (ADJP (ADJP (RBR more) (JJ flexible)) (PP (IN than) (NP (NNS humans)))) (SBAR (IN because) (S (NP (NP (DT a) (NN bird\) (POS 's)) (NN head)) (VP (VBZ is) (ADVP (RB only)) (VP (VBN connected) (PP (IN by) (NP (CD one) (NN socket) (NN pivot)))))))) (. .)),17.0,80,Are humans less flexible than owls?,Yes,No,1,8,Ġbecause,1.0,0,1.0,True
7,Owls are more flexible than humans because a bird 's head is only connected by one socket pivot.,False,(S (NP (NNS Owls)) (VP (VBP are) (ADJP (ADJP (RBR more) (JJ flexible)) (PP (IN than) (NP (NNS humans)))) (SBAR (IN because) (S (NP (NP (DT a) (NN bird\) (POS 's)) (NN head)) (VP (VBZ is) (ADVP (RB only)) (VP (VBN connected) (PP (IN by) (NP (CD one) (NN socket) (NN pivot)))))))) (. .)),17.0,80,Are humans less flexible than owls?,Yes,No,1,9,Ġa,1.0,0,1.0,True
7,Owls are more flexible than humans because a bird 's head is only connected by one socket pivot.,False,(S (NP (NNS Owls)) (VP (VBP are) (ADJP (ADJP (RBR more) (JJ flexible)) (PP (IN than) (NP (NNS humans)))) (SBAR (IN because) (S (NP (NP (DT a) (NN bird\) (POS 's)) (NN head)) (VP (VBZ is) (ADVP (RB only)) (VP (VBN connected) (PP (IN by) (NP (CD one) (NN socket) (NN pivot)))))))) (. .)),17.0,80,Are humans less flexible than owls?,Yes,No,1,10,Ġbird,1.0,0,1.0,True
7,Owls are more flexible than humans because a bird 's head is only connected by one socket pivot.,False,(S (NP (NNS Owls)) (VP (VBP are) (ADJP (ADJP (RBR more) (JJ flexible)) (PP (IN than) (NP (NNS humans)))) (SBAR (IN because) (S (NP (NP (DT a) (NN bird\) (POS 's)) (NN head)) (VP (VBZ is) (ADVP (RB only)) (VP (VBN connected) (PP (IN by) (NP (CD one) (NN socket) (NN pivot)))))))) (. .)),17.0,80,Are humans less flexible than owls?,Yes,No,1,11,Ġ',1.0,0,1.0,True
7,Owls are more flexible than humans because a bird 's head is only connected by one socket pivot.,False,(S (NP (NNS Owls)) (VP (VBP are) (ADJP (ADJP (RBR more) (JJ flexible)) (PP (IN than) (NP (NNS humans)))) (SBAR (IN because) (S (NP (NP (DT a) (NN bird\) (POS 's)) (NN head)) (VP (VBZ is) (ADVP (RB only)) (VP (VBN connected) (PP (IN by) (NP (CD one) (NN socket) (NN pivot)))))))) (. .)),17.0,80,Are humans less flexible than owls?,Yes,No,1,12,s,1.0,0,1.0,True
7,Owls are more flexible than humans because a bird 's head is only connected by one socket pivot.,False,(S (NP (NNS Owls)) (VP (VBP are) (ADJP (ADJP (RBR more) (JJ flexible)) (PP (IN than) (NP (NNS humans)))) (SBAR (IN because) (S (NP (NP (DT a) (NN bird\) (POS 's)) (NN head)) (VP (VBZ is) (ADVP (RB only)) (VP (VBN connected) (PP (IN by) (NP (CD one) (NN socket) (NN pivot)))))))) (. .)),17.0,80,Are humans less flexible than owls?,Yes,No,1,13,Ġhead,1.0,0,1.0,True
7,Owls are more flexible than humans because a bird 's head is only connected by one socket pivot.,False,(S (NP (NNS Owls)) (VP (VBP are) (ADJP (ADJP (RBR more) (JJ flexible)) (PP (IN than) (NP (NNS humans)))) (SBAR (IN because) (S (NP (NP (DT a) (NN bird\) (POS 's)) (NN head)) (VP (VBZ is) (ADVP (RB only)) (VP (VBN connected) (PP (IN by) (NP (CD one) (NN socket) (NN pivot)))))))) (. .)),17.0,80,Are humans less flexible than owls?,Yes,No,1,14,Ġis,1.0,0,1.0,True
7,Owls are more flexible than humans because a bird 's head is only connected by one socket pivot.,False,(S (NP (NNS Owls)) (VP (VBP are) (ADJP (ADJP (RBR more) (JJ flexible)) (PP (IN than) (NP (NNS humans)))) (SBAR (IN because) (S (NP (NP (DT a) (NN bird\) (POS 's)) (NN head)) (VP (VBZ is) (ADVP (RB only)) (VP (VBN connected) (PP (IN by) (NP (CD one) (NN socket) (NN pivot)))))))) (. .)),17.0,80,Are humans less flexible than owls?,Yes,No,1,15,Ġonly,1.0,0,1.0,True
7,Owls are more flexible than humans because a bird 's head is only connected by one socket pivot.,False,(S (NP (NNS Owls)) (VP (VBP are) (ADJP (ADJP (RBR more) (JJ flexible)) (PP (IN than) (NP (NNS humans)))) (SBAR (IN because) (S (NP (NP (DT a) (NN bird\) (POS 's)) (NN head)) (VP (VBZ is) (ADVP (RB only)) (VP (VBN connected) (PP (IN by) (NP (CD one) (NN socket) (NN pivot)))))))) (. .)),17.0,80,Are humans less flexible than owls?,Yes,No,1,16,Ġconnected,1.0,0,1.0,True
7,Owls are more flexible than humans because a bird 's head is only connected by one socket pivot.,False,(S (NP (NNS Owls)) (VP (VBP are) (ADJP (ADJP (RBR more) (JJ flexible)) (PP (IN than) (NP (NNS humans)))) (SBAR (IN because) (S (NP (NP (DT a) (NN bird\) (POS 's)) (NN head)) (VP (VBZ is) (ADVP (RB only)) (VP (VBN connected) (PP (IN by) (NP (CD one) (NN socket) (NN pivot)))))))) (. .)),17.0,80,Are humans less flexible than owls?,Yes,No,1,17,Ġby,1.0,0,1.0,True
7,Owls are more flexible than humans because a bird 's head is only connected by one socket pivot.,False,(S (NP (NNS Owls)) (VP (VBP are) (ADJP (ADJP (RBR more) (JJ flexible)) (PP (IN than) (NP (NNS humans)))) (SBAR (IN because) (S (NP (NP (DT a) (NN bird\) (POS 's)) (NN head)) (VP (VBZ is) (ADVP (RB only)) (VP (VBN connected) (PP (IN by) (NP (CD one) (NN socket) (NN pivot)))))))) (. .)),17.0,80,Are humans less flexible than owls?,Yes,No,1,18,Ġone,1.0,0,1.0,True
7,Owls are more flexible than humans because a bird 's head is only connected by one socket pivot.,False,(S (NP (NNS Owls)) (VP (VBP are) (ADJP (ADJP (RBR more) (JJ flexible)) (PP (IN than) (NP (NNS humans)))) (SBAR (IN because) (S (NP (NP (DT a) (NN bird\) (POS 's)) (NN head)) (VP (VBZ is) (ADVP (RB only)) (VP (VBN connected) (PP (IN by) (NP (CD one) (NN socket) (NN pivot)))))))) (. .)),17.0,80,Are humans less flexible than owls?,Yes,No,1,19,Ġsocket,1.0,0,1.0,True
7,Owls are more flexible than humans because a bird 's head is only connected by one socket pivot.,False,(S (NP (NNS Owls)) (VP (VBP are) (ADJP (ADJP (RBR more) (JJ flexible)) (PP (IN than) (NP (NNS humans)))) (SBAR (IN because) (S (NP (NP (DT a) (NN bird\) (POS 's)) (NN head)) (VP (VBZ is) (ADVP (RB only)) (VP (VBN connected) (PP (IN by) (NP (CD one) (NN socket) (NN pivot)))))))) (. .)),17.0,80,Are humans less flexible than owls?,Yes,No,1,20,Ġpivot,1.0,0,1.0,True
7,Owls are more flexible than humans because a bird 's head is only connected by one socket pivot.,False,(S (NP (NNS Owls)) (VP (VBP are) (ADJP (ADJP (RBR more) (JJ flexible)) (PP (IN than) (NP (NNS humans)))) (SBAR (IN because) (S (NP (NP (DT a) (NN bird\) (POS 's)) (NN head)) (VP (VBZ is) (ADVP (RB only)) (VP (VBN connected) (PP (IN by) (NP (CD one) (NN socket) (NN pivot)))))))) (. .)),17.0,80,Are humans less flexible than owls?,Yes,No,1,21,.,1.0,0,1.0,True
8,"Even in the same animal, not all bites are the same.",False,"(S (PP (ADVP (RB Even)) (IN in) (NP (DT the) (JJ same) (NN animal))) (, ,) (NP (RB not) (DT all) (NNS bites)) (VP (VBP are) (NP (DT the) (JJ same))) (. .))",18.0,81,"For a given animal, can you expect that some bites have different intensity? ",Yes,No,1,0,Even,1.0,0,1.0,True
8,"Even in the same animal, not all bites are the same.",False,"(S (PP (ADVP (RB Even)) (IN in) (NP (DT the) (JJ same) (NN animal))) (, ,) (NP (RB not) (DT all) (NNS bites)) (VP (VBP are) (NP (DT the) (JJ same))) (. .))",18.0,81,"For a given animal, can you expect that some bites have different intensity? ",Yes,No,1,1,Ġin,1.0,0,1.0,True
8,"Even in the same animal, not all bites are the same.",False,"(S (PP (ADVP (RB Even)) (IN in) (NP (DT the) (JJ same) (NN animal))) (, ,) (NP (RB not) (DT all) (NNS bites)) (VP (VBP are) (NP (DT the) (JJ same))) (. .))",18.0,81,"For a given animal, can you expect that some bites have different intensity? ",Yes,No,1,2,Ġthe,1.0,0,1.0,True
8,"Even in the same animal, not all bites are the same.",False,"(S (PP (ADVP (RB Even)) (IN in) (NP (DT the) (JJ same) (NN animal))) (, ,) (NP (RB not) (DT all) (NNS bites)) (VP (VBP are) (NP (DT the) (JJ same))) (. .))",18.0,81,"For a given animal, can you expect that some bites have different intensity? ",Yes,No,1,3,Ġsame,1.0,0,1.0,True
8,"Even in the same animal, not all bites are the same.",False,"(S (PP (ADVP (RB Even)) (IN in) (NP (DT the) (JJ same) (NN animal))) (, ,) (NP (RB not) (DT all) (NNS bites)) (VP (VBP are) (NP (DT the) (JJ same))) (. .))",18.0,81,"For a given animal, can you expect that some bites have different intensity? ",Yes,No,1,4,Ġanimal,1.0,0,1.0,True
8,"Even in the same animal, not all bites are the same.",False,"(S (PP (ADVP (RB Even)) (IN in) (NP (DT the) (JJ same) (NN animal))) (, ,) (NP (RB not) (DT all) (NNS bites)) (VP (VBP are) (NP (DT the) (JJ same))) (. .))",18.0,81,"For a given animal, can you expect that some bites have different intensity? ",Yes,No,1,5,",",1.0,0,1.0,True
8,"Even in the same animal, not all bites are the same.",False,"(S (PP (ADVP (RB Even)) (IN in) (NP (DT the) (JJ same) (NN animal))) (, ,) (NP (RB not) (DT all) (NNS bites)) (VP (VBP are) (NP (DT the) (JJ same))) (. .))",18.0,81,"For a given animal, can you expect that some bites have different intensity? ",Yes,No,1,6,Ġnot,1.0,0,1.0,True
8,"Even in the same animal, not all bites are the same.",False,"(S (PP (ADVP (RB Even)) (IN in) (NP (DT the) (JJ same) (NN animal))) (, ,) (NP (RB not) (DT all) (NNS bites)) (VP (VBP are) (NP (DT the) (JJ same))) (. .))",18.0,81,"For a given animal, can you expect that some bites have different intensity? ",Yes,No,1,7,Ġall,1.0,0,1.0,True
8,"Even in the same animal, not all bites are the same.",False,"(S (PP (ADVP (RB Even)) (IN in) (NP (DT the) (JJ same) (NN animal))) (, ,) (NP (RB not) (DT all) (NNS bites)) (VP (VBP are) (NP (DT the) (JJ same))) (. .))",18.0,81,"For a given animal, can you expect that some bites have different intensity? ",Yes,No,1,8,Ġbites,1.0,0,1.0,True
8,"Even in the same animal, not all bites are the same.",False,"(S (PP (ADVP (RB Even)) (IN in) (NP (DT the) (JJ same) (NN animal))) (, ,) (NP (RB not) (DT all) (NNS bites)) (VP (VBP are) (NP (DT the) (JJ same))) (. .))",18.0,81,"For a given animal, can you expect that some bites have different intensity? ",Yes,No,1,9,Ġare,1.0,0,1.0,True
8,"Even in the same animal, not all bites are the same.",False,"(S (PP (ADVP (RB Even)) (IN in) (NP (DT the) (JJ same) (NN animal))) (, ,) (NP (RB not) (DT all) (NNS bites)) (VP (VBP are) (NP (DT the) (JJ same))) (. .))",18.0,81,"For a given animal, can you expect that some bites have different intensity? ",Yes,No,1,10,Ġthe,1.0,0,1.0,True
8,"Even in the same animal, not all bites are the same.",False,"(S (PP (ADVP (RB Even)) (IN in) (NP (DT the) (JJ same) (NN animal))) (, ,) (NP (RB not) (DT all) (NNS bites)) (VP (VBP are) (NP (DT the) (JJ same))) (. .))",18.0,81,"For a given animal, can you expect that some bites have different intensity? ",Yes,No,1,11,Ġsame,1.0,0,1.0,True
8,"Even in the same animal, not all bites are the same.",False,"(S (PP (ADVP (RB Even)) (IN in) (NP (DT the) (JJ same) (NN animal))) (, ,) (NP (RB not) (DT all) (NNS bites)) (VP (VBP are) (NP (DT the) (JJ same))) (. .))",18.0,81,"For a given animal, can you expect that some bites have different intensity? ",Yes,No,1,12,.,1.0,0,1.0,True
9,"Buck did not like it, but he bore up well to the work, taking pride in it.",False,"(S (S (NP (NNP Buck)) (VP (VBD did) (RB not) (VP (VB like) (NP (PRP it))))) (, ,) (CC but) (S (NP (PRP he)) (VP (VBD bore) (PRT (RP up)) (ADVP (RB well)) (PP (TO to) (NP (DT the) (NN work))) (, ,) (S (VP (VBG taking) (NP (NN pride)) (PP (IN in) (NP (PRP it))))))) (. .))",20.0,82,How did Buck deal with his job?,He quit,He carried on,0,0,B,1.0,0,1.0,True
9,"Buck did not like it, but he bore up well to the work, taking pride in it.",False,"(S (S (NP (NNP Buck)) (VP (VBD did) (RB not) (VP (VB like) (NP (PRP it))))) (, ,) (CC but) (S (NP (PRP he)) (VP (VBD bore) (PRT (RP up)) (ADVP (RB well)) (PP (TO to) (NP (DT the) (NN work))) (, ,) (S (VP (VBG taking) (NP (NN pride)) (PP (IN in) (NP (PRP it))))))) (. .))",20.0,82,How did Buck deal with his job?,He quit,He carried on,0,1,uck,1.0,0,1.0,True
9,"Buck did not like it, but he bore up well to the work, taking pride in it.",False,"(S (S (NP (NNP Buck)) (VP (VBD did) (RB not) (VP (VB like) (NP (PRP it))))) (, ,) (CC but) (S (NP (PRP he)) (VP (VBD bore) (PRT (RP up)) (ADVP (RB well)) (PP (TO to) (NP (DT the) (NN work))) (, ,) (S (VP (VBG taking) (NP (NN pride)) (PP (IN in) (NP (PRP it))))))) (. .))",20.0,82,How did Buck deal with his job?,He quit,He carried on,0,2,Ġdid,1.0,0,1.0,True
9,"Buck did not like it, but he bore up well to the work, taking pride in it.",False,"(S (S (NP (NNP Buck)) (VP (VBD did) (RB not) (VP (VB like) (NP (PRP it))))) (, ,) (CC but) (S (NP (PRP he)) (VP (VBD bore) (PRT (RP up)) (ADVP (RB well)) (PP (TO to) (NP (DT the) (NN work))) (, ,) (S (VP (VBG taking) (NP (NN pride)) (PP (IN in) (NP (PRP it))))))) (. .))",20.0,82,How did Buck deal with his job?,He quit,He carried on,0,3,Ġnot,1.0,0,1.0,True
9,"Buck did not like it, but he bore up well to the work, taking pride in it.",False,"(S (S (NP (NNP Buck)) (VP (VBD did) (RB not) (VP (VB like) (NP (PRP it))))) (, ,) (CC but) (S (NP (PRP he)) (VP (VBD bore) (PRT (RP up)) (ADVP (RB well)) (PP (TO to) (NP (DT the) (NN work))) (, ,) (S (VP (VBG taking) (NP (NN pride)) (PP (IN in) (NP (PRP it))))))) (. .))",20.0,82,How did Buck deal with his job?,He quit,He carried on,0,4,Ġlike,1.0,0,1.0,True
9,"Buck did not like it, but he bore up well to the work, taking pride in it.",False,"(S (S (NP (NNP Buck)) (VP (VBD did) (RB not) (VP (VB like) (NP (PRP it))))) (, ,) (CC but) (S (NP (PRP he)) (VP (VBD bore) (PRT (RP up)) (ADVP (RB well)) (PP (TO to) (NP (DT the) (NN work))) (, ,) (S (VP (VBG taking) (NP (NN pride)) (PP (IN in) (NP (PRP it))))))) (. .))",20.0,82,How did Buck deal with his job?,He quit,He carried on,0,5,Ġit,1.0,0,1.0,True
9,"Buck did not like it, but he bore up well to the work, taking pride in it.",False,"(S (S (NP (NNP Buck)) (VP (VBD did) (RB not) (VP (VB like) (NP (PRP it))))) (, ,) (CC but) (S (NP (PRP he)) (VP (VBD bore) (PRT (RP up)) (ADVP (RB well)) (PP (TO to) (NP (DT the) (NN work))) (, ,) (S (VP (VBG taking) (NP (NN pride)) (PP (IN in) (NP (PRP it))))))) (. .))",20.0,82,How did Buck deal with his job?,He quit,He carried on,0,6,",",1.0,0,1.0,True
9,"Buck did not like it, but he bore up well to the work, taking pride in it.",False,"(S (S (NP (NNP Buck)) (VP (VBD did) (RB not) (VP (VB like) (NP (PRP it))))) (, ,) (CC but) (S (NP (PRP he)) (VP (VBD bore) (PRT (RP up)) (ADVP (RB well)) (PP (TO to) (NP (DT the) (NN work))) (, ,) (S (VP (VBG taking) (NP (NN pride)) (PP (IN in) (NP (PRP it))))))) (. .))",20.0,82,How did Buck deal with his job?,He quit,He carried on,0,7,Ġbut,1.0,0,1.0,True
9,"Buck did not like it, but he bore up well to the work, taking pride in it.",False,"(S (S (NP (NNP Buck)) (VP (VBD did) (RB not) (VP (VB like) (NP (PRP it))))) (, ,) (CC but) (S (NP (PRP he)) (VP (VBD bore) (PRT (RP up)) (ADVP (RB well)) (PP (TO to) (NP (DT the) (NN work))) (, ,) (S (VP (VBG taking) (NP (NN pride)) (PP (IN in) (NP (PRP it))))))) (. .))",20.0,82,How did Buck deal with his job?,He quit,He carried on,0,8,Ġhe,1.0,0,1.0,True
9,"Buck did not like it, but he bore up well to the work, taking pride in it.",False,"(S (S (NP (NNP Buck)) (VP (VBD did) (RB not) (VP (VB like) (NP (PRP it))))) (, ,) (CC but) (S (NP (PRP he)) (VP (VBD bore) (PRT (RP up)) (ADVP (RB well)) (PP (TO to) (NP (DT the) (NN work))) (, ,) (S (VP (VBG taking) (NP (NN pride)) (PP (IN in) (NP (PRP it))))))) (. .))",20.0,82,How did Buck deal with his job?,He quit,He carried on,0,9,Ġbore,1.0,0,1.0,True
9,"Buck did not like it, but he bore up well to the work, taking pride in it.",False,"(S (S (NP (NNP Buck)) (VP (VBD did) (RB not) (VP (VB like) (NP (PRP it))))) (, ,) (CC but) (S (NP (PRP he)) (VP (VBD bore) (PRT (RP up)) (ADVP (RB well)) (PP (TO to) (NP (DT the) (NN work))) (, ,) (S (VP (VBG taking) (NP (NN pride)) (PP (IN in) (NP (PRP it))))))) (. .))",20.0,82,How did Buck deal with his job?,He quit,He carried on,0,10,Ġup,1.0,0,1.0,True
9,"Buck did not like it, but he bore up well to the work, taking pride in it.",False,"(S (S (NP (NNP Buck)) (VP (VBD did) (RB not) (VP (VB like) (NP (PRP it))))) (, ,) (CC but) (S (NP (PRP he)) (VP (VBD bore) (PRT (RP up)) (ADVP (RB well)) (PP (TO to) (NP (DT the) (NN work))) (, ,) (S (VP (VBG taking) (NP (NN pride)) (PP (IN in) (NP (PRP it))))))) (. .))",20.0,82,How did Buck deal with his job?,He quit,He carried on,0,11,Ġwell,1.0,0,1.0,True
9,"Buck did not like it, but he bore up well to the work, taking pride in it.",False,"(S (S (NP (NNP Buck)) (VP (VBD did) (RB not) (VP (VB like) (NP (PRP it))))) (, ,) (CC but) (S (NP (PRP he)) (VP (VBD bore) (PRT (RP up)) (ADVP (RB well)) (PP (TO to) (NP (DT the) (NN work))) (, ,) (S (VP (VBG taking) (NP (NN pride)) (PP (IN in) (NP (PRP it))))))) (. .))",20.0,82,How did Buck deal with his job?,He quit,He carried on,0,12,Ġto,1.0,0,1.0,True
9,"Buck did not like it, but he bore up well to the work, taking pride in it.",False,"(S (S (NP (NNP Buck)) (VP (VBD did) (RB not) (VP (VB like) (NP (PRP it))))) (, ,) (CC but) (S (NP (PRP he)) (VP (VBD bore) (PRT (RP up)) (ADVP (RB well)) (PP (TO to) (NP (DT the) (NN work))) (, ,) (S (VP (VBG taking) (NP (NN pride)) (PP (IN in) (NP (PRP it))))))) (. .))",20.0,82,How did Buck deal with his job?,He quit,He carried on,0,13,Ġthe,1.0,0,1.0,True
9,"Buck did not like it, but he bore up well to the work, taking pride in it.",False,"(S (S (NP (NNP Buck)) (VP (VBD did) (RB not) (VP (VB like) (NP (PRP it))))) (, ,) (CC but) (S (NP (PRP he)) (VP (VBD bore) (PRT (RP up)) (ADVP (RB well)) (PP (TO to) (NP (DT the) (NN work))) (, ,) (S (VP (VBG taking) (NP (NN pride)) (PP (IN in) (NP (PRP it))))))) (. .))",20.0,82,How did Buck deal with his job?,He quit,He carried on,0,14,Ġwork,1.0,0,1.0,True
9,"Buck did not like it, but he bore up well to the work, taking pride in it.",False,"(S (S (NP (NNP Buck)) (VP (VBD did) (RB not) (VP (VB like) (NP (PRP it))))) (, ,) (CC but) (S (NP (PRP he)) (VP (VBD bore) (PRT (RP up)) (ADVP (RB well)) (PP (TO to) (NP (DT the) (NN work))) (, ,) (S (VP (VBG taking) (NP (NN pride)) (PP (IN in) (NP (PRP it))))))) (. .))",20.0,82,How did Buck deal with his job?,He quit,He carried on,0,15,",",1.0,0,1.0,True
9,"Buck did not like it, but he bore up well to the work, taking pride in it.",False,"(S (S (NP (NNP Buck)) (VP (VBD did) (RB not) (VP (VB like) (NP (PRP it))))) (, ,) (CC but) (S (NP (PRP he)) (VP (VBD bore) (PRT (RP up)) (ADVP (RB well)) (PP (TO to) (NP (DT the) (NN work))) (, ,) (S (VP (VBG taking) (NP (NN pride)) (PP (IN in) (NP (PRP it))))))) (. .))",20.0,82,How did Buck deal with his job?,He quit,He carried on,0,16,Ġtaking,1.0,0,1.0,True
9,"Buck did not like it, but he bore up well to the work, taking pride in it.",False,"(S (S (NP (NNP Buck)) (VP (VBD did) (RB not) (VP (VB like) (NP (PRP it))))) (, ,) (CC but) (S (NP (PRP he)) (VP (VBD bore) (PRT (RP up)) (ADVP (RB well)) (PP (TO to) (NP (DT the) (NN work))) (, ,) (S (VP (VBG taking) (NP (NN pride)) (PP (IN in) (NP (PRP it))))))) (. .))",20.0,82,How did Buck deal with his job?,He quit,He carried on,0,17,Ġpride,1.0,0,1.0,True
9,"Buck did not like it, but he bore up well to the work, taking pride in it.",False,"(S (S (NP (NNP Buck)) (VP (VBD did) (RB not) (VP (VB like) (NP (PRP it))))) (, ,) (CC but) (S (NP (PRP he)) (VP (VBD bore) (PRT (RP up)) (ADVP (RB well)) (PP (TO to) (NP (DT the) (NN work))) (, ,) (S (VP (VBG taking) (NP (NN pride)) (PP (IN in) (NP (PRP it))))))) (. .))",20.0,82,How did Buck deal with his job?,He quit,He carried on,0,18,Ġin,1.0,0,1.0,True
9,"Buck did not like it, but he bore up well to the work, taking pride in it.",False,"(S (S (NP (NNP Buck)) (VP (VBD did) (RB not) (VP (VB like) (NP (PRP it))))) (, ,) (CC but) (S (NP (PRP he)) (VP (VBD bore) (PRT (RP up)) (ADVP (RB well)) (PP (TO to) (NP (DT the) (NN work))) (, ,) (S (VP (VBG taking) (NP (NN pride)) (PP (IN in) (NP (PRP it))))))) (. .))",20.0,82,How did Buck deal with his job?,He quit,He carried on,0,19,Ġit,1.0,0,1.0,True
9,"Buck did not like it, but he bore up well to the work, taking pride in it.",False,"(S (S (NP (NNP Buck)) (VP (VBD did) (RB not) (VP (VB like) (NP (PRP it))))) (, ,) (CC but) (S (NP (PRP he)) (VP (VBD bore) (PRT (RP up)) (ADVP (RB well)) (PP (TO to) (NP (DT the) (NN work))) (, ,) (S (VP (VBG taking) (NP (NN pride)) (PP (IN in) (NP (PRP it))))))) (. .))",20.0,82,How did Buck deal with his job?,He quit,He carried on,0,20,.,1.0,0,1.0,True
10,"These days, neuroscience is beginning to catch up to musicians who practice mentally.",False,"(S (NP (DT These) (NNS days)) (, ,) (NP (NN neuroscience)) (VP (VBZ is) (VP (VBG beginning) (S (VP (TO to) (VP (VB catch) (PRT (RP up)) (PP (TO to) (NP (NP (NNS musicians)) (SBAR (WHNP (WP who)) (S (VP (VBP practice) (ADVP (RB mentally)))))))))))) (. .))",21.0,83,Is neuroscience making progress in understanding how musicians can practice mentally?,Yes,No,1,0,These,1.0,0,1.0,True
10,"These days, neuroscience is beginning to catch up to musicians who practice mentally.",False,"(S (NP (DT These) (NNS days)) (, ,) (NP (NN neuroscience)) (VP (VBZ is) (VP (VBG beginning) (S (VP (TO to) (VP (VB catch) (PRT (RP up)) (PP (TO to) (NP (NP (NNS musicians)) (SBAR (WHNP (WP who)) (S (VP (VBP practice) (ADVP (RB mentally)))))))))))) (. .))",21.0,83,Is neuroscience making progress in understanding how musicians can practice mentally?,Yes,No,1,1,Ġdays,1.0,0,1.0,True
10,"These days, neuroscience is beginning to catch up to musicians who practice mentally.",False,"(S (NP (DT These) (NNS days)) (, ,) (NP (NN neuroscience)) (VP (VBZ is) (VP (VBG beginning) (S (VP (TO to) (VP (VB catch) (PRT (RP up)) (PP (TO to) (NP (NP (NNS musicians)) (SBAR (WHNP (WP who)) (S (VP (VBP practice) (ADVP (RB mentally)))))))))))) (. .))",21.0,83,Is neuroscience making progress in understanding how musicians can practice mentally?,Yes,No,1,2,",",1.0,0,1.0,True
10,"These days, neuroscience is beginning to catch up to musicians who practice mentally.",False,"(S (NP (DT These) (NNS days)) (, ,) (NP (NN neuroscience)) (VP (VBZ is) (VP (VBG beginning) (S (VP (TO to) (VP (VB catch) (PRT (RP up)) (PP (TO to) (NP (NP (NNS musicians)) (SBAR (WHNP (WP who)) (S (VP (VBP practice) (ADVP (RB mentally)))))))))))) (. .))",21.0,83,Is neuroscience making progress in understanding how musicians can practice mentally?,Yes,No,1,3,Ġneuroscience,1.0,0,1.0,True
10,"These days, neuroscience is beginning to catch up to musicians who practice mentally.",False,"(S (NP (DT These) (NNS days)) (, ,) (NP (NN neuroscience)) (VP (VBZ is) (VP (VBG beginning) (S (VP (TO to) (VP (VB catch) (PRT (RP up)) (PP (TO to) (NP (NP (NNS musicians)) (SBAR (WHNP (WP who)) (S (VP (VBP practice) (ADVP (RB mentally)))))))))))) (. .))",21.0,83,Is neuroscience making progress in understanding how musicians can practice mentally?,Yes,No,1,4,Ġis,1.0,0,1.0,True
10,"These days, neuroscience is beginning to catch up to musicians who practice mentally.",False,"(S (NP (DT These) (NNS days)) (, ,) (NP (NN neuroscience)) (VP (VBZ is) (VP (VBG beginning) (S (VP (TO to) (VP (VB catch) (PRT (RP up)) (PP (TO to) (NP (NP (NNS musicians)) (SBAR (WHNP (WP who)) (S (VP (VBP practice) (ADVP (RB mentally)))))))))))) (. .))",21.0,83,Is neuroscience making progress in understanding how musicians can practice mentally?,Yes,No,1,5,Ġbeginning,1.0,0,1.0,True
10,"These days, neuroscience is beginning to catch up to musicians who practice mentally.",False,"(S (NP (DT These) (NNS days)) (, ,) (NP (NN neuroscience)) (VP (VBZ is) (VP (VBG beginning) (S (VP (TO to) (VP (VB catch) (PRT (RP up)) (PP (TO to) (NP (NP (NNS musicians)) (SBAR (WHNP (WP who)) (S (VP (VBP practice) (ADVP (RB mentally)))))))))))) (. .))",21.0,83,Is neuroscience making progress in understanding how musicians can practice mentally?,Yes,No,1,6,Ġto,1.0,0,1.0,True
10,"These days, neuroscience is beginning to catch up to musicians who practice mentally.",False,"(S (NP (DT These) (NNS days)) (, ,) (NP (NN neuroscience)) (VP (VBZ is) (VP (VBG beginning) (S (VP (TO to) (VP (VB catch) (PRT (RP up)) (PP (TO to) (NP (NP (NNS musicians)) (SBAR (WHNP (WP who)) (S (VP (VBP practice) (ADVP (RB mentally)))))))))))) (. .))",21.0,83,Is neuroscience making progress in understanding how musicians can practice mentally?,Yes,No,1,7,Ġcatch,1.0,0,1.0,True
10,"These days, neuroscience is beginning to catch up to musicians who practice mentally.",False,"(S (NP (DT These) (NNS days)) (, ,) (NP (NN neuroscience)) (VP (VBZ is) (VP (VBG beginning) (S (VP (TO to) (VP (VB catch) (PRT (RP up)) (PP (TO to) (NP (NP (NNS musicians)) (SBAR (WHNP (WP who)) (S (VP (VBP practice) (ADVP (RB mentally)))))))))))) (. .))",21.0,83,Is neuroscience making progress in understanding how musicians can practice mentally?,Yes,No,1,8,Ġup,1.0,0,1.0,True
10,"These days, neuroscience is beginning to catch up to musicians who practice mentally.",False,"(S (NP (DT These) (NNS days)) (, ,) (NP (NN neuroscience)) (VP (VBZ is) (VP (VBG beginning) (S (VP (TO to) (VP (VB catch) (PRT (RP up)) (PP (TO to) (NP (NP (NNS musicians)) (SBAR (WHNP (WP who)) (S (VP (VBP practice) (ADVP (RB mentally)))))))))))) (. .))",21.0,83,Is neuroscience making progress in understanding how musicians can practice mentally?,Yes,No,1,9,Ġto,1.0,0,1.0,True
10,"These days, neuroscience is beginning to catch up to musicians who practice mentally.",False,"(S (NP (DT These) (NNS days)) (, ,) (NP (NN neuroscience)) (VP (VBZ is) (VP (VBG beginning) (S (VP (TO to) (VP (VB catch) (PRT (RP up)) (PP (TO to) (NP (NP (NNS musicians)) (SBAR (WHNP (WP who)) (S (VP (VBP practice) (ADVP (RB mentally)))))))))))) (. .))",21.0,83,Is neuroscience making progress in understanding how musicians can practice mentally?,Yes,No,1,10,Ġmusicians,1.0,0,1.0,True
10,"These days, neuroscience is beginning to catch up to musicians who practice mentally.",False,"(S (NP (DT These) (NNS days)) (, ,) (NP (NN neuroscience)) (VP (VBZ is) (VP (VBG beginning) (S (VP (TO to) (VP (VB catch) (PRT (RP up)) (PP (TO to) (NP (NP (NNS musicians)) (SBAR (WHNP (WP who)) (S (VP (VBP practice) (ADVP (RB mentally)))))))))))) (. .))",21.0,83,Is neuroscience making progress in understanding how musicians can practice mentally?,Yes,No,1,11,Ġwho,1.0,0,1.0,True
10,"These days, neuroscience is beginning to catch up to musicians who practice mentally.",False,"(S (NP (DT These) (NNS days)) (, ,) (NP (NN neuroscience)) (VP (VBZ is) (VP (VBG beginning) (S (VP (TO to) (VP (VB catch) (PRT (RP up)) (PP (TO to) (NP (NP (NNS musicians)) (SBAR (WHNP (WP who)) (S (VP (VBP practice) (ADVP (RB mentally)))))))))))) (. .))",21.0,83,Is neuroscience making progress in understanding how musicians can practice mentally?,Yes,No,1,12,Ġpractice,1.0,0,1.0,True
10,"These days, neuroscience is beginning to catch up to musicians who practice mentally.",False,"(S (NP (DT These) (NNS days)) (, ,) (NP (NN neuroscience)) (VP (VBZ is) (VP (VBG beginning) (S (VP (TO to) (VP (VB catch) (PRT (RP up)) (PP (TO to) (NP (NP (NNS musicians)) (SBAR (WHNP (WP who)) (S (VP (VBP practice) (ADVP (RB mentally)))))))))))) (. .))",21.0,83,Is neuroscience making progress in understanding how musicians can practice mentally?,Yes,No,1,13,Ġmentally,1.0,0,1.0,True
10,"These days, neuroscience is beginning to catch up to musicians who practice mentally.",False,"(S (NP (DT These) (NNS days)) (, ,) (NP (NN neuroscience)) (VP (VBZ is) (VP (VBG beginning) (S (VP (TO to) (VP (VB catch) (PRT (RP up)) (PP (TO to) (NP (NP (NNS musicians)) (SBAR (WHNP (WP who)) (S (VP (VBP practice) (ADVP (RB mentally)))))))))))) (. .))",21.0,83,Is neuroscience making progress in understanding how musicians can practice mentally?,Yes,No,1,14,.,1.0,0,1.0,True
11,Hybrid vehicles have a halo that makes owners feel righteous and their neighbors feel guilty for not doing as much to save the planet.,False,(S (NP (JJ Hybrid) (NNS vehicles)) (VP (VBP have) (NP (NP (DT a) (NN halo)) (SBAR (WHNP (WDT that)) (S (VP (VBZ makes) (S (S (NP (NNS owners)) (VP (VB feel) (ADJP (JJ righteous)))) (CC and) (S (NP (PRP$ their) (NNS neighbors)) (VP (VB feel) (ADJP (JJ guilty)) (PP (IN for) (S (RB not) (VP (VBG doing) (NP (RB as) (RB much)) (S (VP (TO to) (VP (VB save) (NP (DT the) (NN planet)))))))))))))))) (. .)),24.0,84,Why would the neighbors feel inferior?,They are not as rich,Their cars are not as eco-friendly,0,0,Hy,1.0,0,1.0,True
11,Hybrid vehicles have a halo that makes owners feel righteous and their neighbors feel guilty for not doing as much to save the planet.,False,(S (NP (JJ Hybrid) (NNS vehicles)) (VP (VBP have) (NP (NP (DT a) (NN halo)) (SBAR (WHNP (WDT that)) (S (VP (VBZ makes) (S (S (NP (NNS owners)) (VP (VB feel) (ADJP (JJ righteous)))) (CC and) (S (NP (PRP$ their) (NNS neighbors)) (VP (VB feel) (ADJP (JJ guilty)) (PP (IN for) (S (RB not) (VP (VBG doing) (NP (RB as) (RB much)) (S (VP (TO to) (VP (VB save) (NP (DT the) (NN planet)))))))))))))))) (. .)),24.0,84,Why would the neighbors feel inferior?,They are not as rich,Their cars are not as eco-friendly,0,1,brid,1.0,0,1.0,True
11,Hybrid vehicles have a halo that makes owners feel righteous and their neighbors feel guilty for not doing as much to save the planet.,False,(S (NP (JJ Hybrid) (NNS vehicles)) (VP (VBP have) (NP (NP (DT a) (NN halo)) (SBAR (WHNP (WDT that)) (S (VP (VBZ makes) (S (S (NP (NNS owners)) (VP (VB feel) (ADJP (JJ righteous)))) (CC and) (S (NP (PRP$ their) (NNS neighbors)) (VP (VB feel) (ADJP (JJ guilty)) (PP (IN for) (S (RB not) (VP (VBG doing) (NP (RB as) (RB much)) (S (VP (TO to) (VP (VB save) (NP (DT the) (NN planet)))))))))))))))) (. .)),24.0,84,Why would the neighbors feel inferior?,They are not as rich,Their cars are not as eco-friendly,0,2,Ġvehicles,1.0,0,1.0,True
11,Hybrid vehicles have a halo that makes owners feel righteous and their neighbors feel guilty for not doing as much to save the planet.,False,(S (NP (JJ Hybrid) (NNS vehicles)) (VP (VBP have) (NP (NP (DT a) (NN halo)) (SBAR (WHNP (WDT that)) (S (VP (VBZ makes) (S (S (NP (NNS owners)) (VP (VB feel) (ADJP (JJ righteous)))) (CC and) (S (NP (PRP$ their) (NNS neighbors)) (VP (VB feel) (ADJP (JJ guilty)) (PP (IN for) (S (RB not) (VP (VBG doing) (NP (RB as) (RB much)) (S (VP (TO to) (VP (VB save) (NP (DT the) (NN planet)))))))))))))))) (. .)),24.0,84,Why would the neighbors feel inferior?,They are not as rich,Their cars are not as eco-friendly,0,3,Ġhave,1.0,0,1.0,True
11,Hybrid vehicles have a halo that makes owners feel righteous and their neighbors feel guilty for not doing as much to save the planet.,False,(S (NP (JJ Hybrid) (NNS vehicles)) (VP (VBP have) (NP (NP (DT a) (NN halo)) (SBAR (WHNP (WDT that)) (S (VP (VBZ makes) (S (S (NP (NNS owners)) (VP (VB feel) (ADJP (JJ righteous)))) (CC and) (S (NP (PRP$ their) (NNS neighbors)) (VP (VB feel) (ADJP (JJ guilty)) (PP (IN for) (S (RB not) (VP (VBG doing) (NP (RB as) (RB much)) (S (VP (TO to) (VP (VB save) (NP (DT the) (NN planet)))))))))))))))) (. .)),24.0,84,Why would the neighbors feel inferior?,They are not as rich,Their cars are not as eco-friendly,0,4,Ġa,1.0,0,1.0,True
11,Hybrid vehicles have a halo that makes owners feel righteous and their neighbors feel guilty for not doing as much to save the planet.,False,(S (NP (JJ Hybrid) (NNS vehicles)) (VP (VBP have) (NP (NP (DT a) (NN halo)) (SBAR (WHNP (WDT that)) (S (VP (VBZ makes) (S (S (NP (NNS owners)) (VP (VB feel) (ADJP (JJ righteous)))) (CC and) (S (NP (PRP$ their) (NNS neighbors)) (VP (VB feel) (ADJP (JJ guilty)) (PP (IN for) (S (RB not) (VP (VBG doing) (NP (RB as) (RB much)) (S (VP (TO to) (VP (VB save) (NP (DT the) (NN planet)))))))))))))))) (. .)),24.0,84,Why would the neighbors feel inferior?,They are not as rich,Their cars are not as eco-friendly,0,5,Ġh,1.0,0,1.0,True
11,Hybrid vehicles have a halo that makes owners feel righteous and their neighbors feel guilty for not doing as much to save the planet.,False,(S (NP (JJ Hybrid) (NNS vehicles)) (VP (VBP have) (NP (NP (DT a) (NN halo)) (SBAR (WHNP (WDT that)) (S (VP (VBZ makes) (S (S (NP (NNS owners)) (VP (VB feel) (ADJP (JJ righteous)))) (CC and) (S (NP (PRP$ their) (NNS neighbors)) (VP (VB feel) (ADJP (JJ guilty)) (PP (IN for) (S (RB not) (VP (VBG doing) (NP (RB as) (RB much)) (S (VP (TO to) (VP (VB save) (NP (DT the) (NN planet)))))))))))))))) (. .)),24.0,84,Why would the neighbors feel inferior?,They are not as rich,Their cars are not as eco-friendly,0,6,alo,1.0,0,1.0,True
11,Hybrid vehicles have a halo that makes owners feel righteous and their neighbors feel guilty for not doing as much to save the planet.,False,(S (NP (JJ Hybrid) (NNS vehicles)) (VP (VBP have) (NP (NP (DT a) (NN halo)) (SBAR (WHNP (WDT that)) (S (VP (VBZ makes) (S (S (NP (NNS owners)) (VP (VB feel) (ADJP (JJ righteous)))) (CC and) (S (NP (PRP$ their) (NNS neighbors)) (VP (VB feel) (ADJP (JJ guilty)) (PP (IN for) (S (RB not) (VP (VBG doing) (NP (RB as) (RB much)) (S (VP (TO to) (VP (VB save) (NP (DT the) (NN planet)))))))))))))))) (. .)),24.0,84,Why would the neighbors feel inferior?,They are not as rich,Their cars are not as eco-friendly,0,7,Ġthat,1.0,0,1.0,True
11,Hybrid vehicles have a halo that makes owners feel righteous and their neighbors feel guilty for not doing as much to save the planet.,False,(S (NP (JJ Hybrid) (NNS vehicles)) (VP (VBP have) (NP (NP (DT a) (NN halo)) (SBAR (WHNP (WDT that)) (S (VP (VBZ makes) (S (S (NP (NNS owners)) (VP (VB feel) (ADJP (JJ righteous)))) (CC and) (S (NP (PRP$ their) (NNS neighbors)) (VP (VB feel) (ADJP (JJ guilty)) (PP (IN for) (S (RB not) (VP (VBG doing) (NP (RB as) (RB much)) (S (VP (TO to) (VP (VB save) (NP (DT the) (NN planet)))))))))))))))) (. .)),24.0,84,Why would the neighbors feel inferior?,They are not as rich,Their cars are not as eco-friendly,0,8,Ġmakes,1.0,0,1.0,True
11,Hybrid vehicles have a halo that makes owners feel righteous and their neighbors feel guilty for not doing as much to save the planet.,False,(S (NP (JJ Hybrid) (NNS vehicles)) (VP (VBP have) (NP (NP (DT a) (NN halo)) (SBAR (WHNP (WDT that)) (S (VP (VBZ makes) (S (S (NP (NNS owners)) (VP (VB feel) (ADJP (JJ righteous)))) (CC and) (S (NP (PRP$ their) (NNS neighbors)) (VP (VB feel) (ADJP (JJ guilty)) (PP (IN for) (S (RB not) (VP (VBG doing) (NP (RB as) (RB much)) (S (VP (TO to) (VP (VB save) (NP (DT the) (NN planet)))))))))))))))) (. .)),24.0,84,Why would the neighbors feel inferior?,They are not as rich,Their cars are not as eco-friendly,0,9,Ġowners,1.0,0,1.0,True
11,Hybrid vehicles have a halo that makes owners feel righteous and their neighbors feel guilty for not doing as much to save the planet.,False,(S (NP (JJ Hybrid) (NNS vehicles)) (VP (VBP have) (NP (NP (DT a) (NN halo)) (SBAR (WHNP (WDT that)) (S (VP (VBZ makes) (S (S (NP (NNS owners)) (VP (VB feel) (ADJP (JJ righteous)))) (CC and) (S (NP (PRP$ their) (NNS neighbors)) (VP (VB feel) (ADJP (JJ guilty)) (PP (IN for) (S (RB not) (VP (VBG doing) (NP (RB as) (RB much)) (S (VP (TO to) (VP (VB save) (NP (DT the) (NN planet)))))))))))))))) (. .)),24.0,84,Why would the neighbors feel inferior?,They are not as rich,Their cars are not as eco-friendly,0,10,Ġfeel,1.0,0,1.0,True
11,Hybrid vehicles have a halo that makes owners feel righteous and their neighbors feel guilty for not doing as much to save the planet.,False,(S (NP (JJ Hybrid) (NNS vehicles)) (VP (VBP have) (NP (NP (DT a) (NN halo)) (SBAR (WHNP (WDT that)) (S (VP (VBZ makes) (S (S (NP (NNS owners)) (VP (VB feel) (ADJP (JJ righteous)))) (CC and) (S (NP (PRP$ their) (NNS neighbors)) (VP (VB feel) (ADJP (JJ guilty)) (PP (IN for) (S (RB not) (VP (VBG doing) (NP (RB as) (RB much)) (S (VP (TO to) (VP (VB save) (NP (DT the) (NN planet)))))))))))))))) (. .)),24.0,84,Why would the neighbors feel inferior?,They are not as rich,Their cars are not as eco-friendly,0,11,Ġrighteous,1.0,0,1.0,True
11,Hybrid vehicles have a halo that makes owners feel righteous and their neighbors feel guilty for not doing as much to save the planet.,False,(S (NP (JJ Hybrid) (NNS vehicles)) (VP (VBP have) (NP (NP (DT a) (NN halo)) (SBAR (WHNP (WDT that)) (S (VP (VBZ makes) (S (S (NP (NNS owners)) (VP (VB feel) (ADJP (JJ righteous)))) (CC and) (S (NP (PRP$ their) (NNS neighbors)) (VP (VB feel) (ADJP (JJ guilty)) (PP (IN for) (S (RB not) (VP (VBG doing) (NP (RB as) (RB much)) (S (VP (TO to) (VP (VB save) (NP (DT the) (NN planet)))))))))))))))) (. .)),24.0,84,Why would the neighbors feel inferior?,They are not as rich,Their cars are not as eco-friendly,0,12,Ġand,1.0,0,1.0,True
11,Hybrid vehicles have a halo that makes owners feel righteous and their neighbors feel guilty for not doing as much to save the planet.,False,(S (NP (JJ Hybrid) (NNS vehicles)) (VP (VBP have) (NP (NP (DT a) (NN halo)) (SBAR (WHNP (WDT that)) (S (VP (VBZ makes) (S (S (NP (NNS owners)) (VP (VB feel) (ADJP (JJ righteous)))) (CC and) (S (NP (PRP$ their) (NNS neighbors)) (VP (VB feel) (ADJP (JJ guilty)) (PP (IN for) (S (RB not) (VP (VBG doing) (NP (RB as) (RB much)) (S (VP (TO to) (VP (VB save) (NP (DT the) (NN planet)))))))))))))))) (. .)),24.0,84,Why would the neighbors feel inferior?,They are not as rich,Their cars are not as eco-friendly,0,13,Ġtheir,1.0,0,1.0,True
11,Hybrid vehicles have a halo that makes owners feel righteous and their neighbors feel guilty for not doing as much to save the planet.,False,(S (NP (JJ Hybrid) (NNS vehicles)) (VP (VBP have) (NP (NP (DT a) (NN halo)) (SBAR (WHNP (WDT that)) (S (VP (VBZ makes) (S (S (NP (NNS owners)) (VP (VB feel) (ADJP (JJ righteous)))) (CC and) (S (NP (PRP$ their) (NNS neighbors)) (VP (VB feel) (ADJP (JJ guilty)) (PP (IN for) (S (RB not) (VP (VBG doing) (NP (RB as) (RB much)) (S (VP (TO to) (VP (VB save) (NP (DT the) (NN planet)))))))))))))))) (. .)),24.0,84,Why would the neighbors feel inferior?,They are not as rich,Their cars are not as eco-friendly,0,14,Ġneighbors,1.0,0,1.0,True
11,Hybrid vehicles have a halo that makes owners feel righteous and their neighbors feel guilty for not doing as much to save the planet.,False,(S (NP (JJ Hybrid) (NNS vehicles)) (VP (VBP have) (NP (NP (DT a) (NN halo)) (SBAR (WHNP (WDT that)) (S (VP (VBZ makes) (S (S (NP (NNS owners)) (VP (VB feel) (ADJP (JJ righteous)))) (CC and) (S (NP (PRP$ their) (NNS neighbors)) (VP (VB feel) (ADJP (JJ guilty)) (PP (IN for) (S (RB not) (VP (VBG doing) (NP (RB as) (RB much)) (S (VP (TO to) (VP (VB save) (NP (DT the) (NN planet)))))))))))))))) (. .)),24.0,84,Why would the neighbors feel inferior?,They are not as rich,Their cars are not as eco-friendly,0,15,Ġfeel,1.0,0,1.0,True
11,Hybrid vehicles have a halo that makes owners feel righteous and their neighbors feel guilty for not doing as much to save the planet.,False,(S (NP (JJ Hybrid) (NNS vehicles)) (VP (VBP have) (NP (NP (DT a) (NN halo)) (SBAR (WHNP (WDT that)) (S (VP (VBZ makes) (S (S (NP (NNS owners)) (VP (VB feel) (ADJP (JJ righteous)))) (CC and) (S (NP (PRP$ their) (NNS neighbors)) (VP (VB feel) (ADJP (JJ guilty)) (PP (IN for) (S (RB not) (VP (VBG doing) (NP (RB as) (RB much)) (S (VP (TO to) (VP (VB save) (NP (DT the) (NN planet)))))))))))))))) (. .)),24.0,84,Why would the neighbors feel inferior?,They are not as rich,Their cars are not as eco-friendly,0,16,Ġguilty,1.0,0,1.0,True
11,Hybrid vehicles have a halo that makes owners feel righteous and their neighbors feel guilty for not doing as much to save the planet.,False,(S (NP (JJ Hybrid) (NNS vehicles)) (VP (VBP have) (NP (NP (DT a) (NN halo)) (SBAR (WHNP (WDT that)) (S (VP (VBZ makes) (S (S (NP (NNS owners)) (VP (VB feel) (ADJP (JJ righteous)))) (CC and) (S (NP (PRP$ their) (NNS neighbors)) (VP (VB feel) (ADJP (JJ guilty)) (PP (IN for) (S (RB not) (VP (VBG doing) (NP (RB as) (RB much)) (S (VP (TO to) (VP (VB save) (NP (DT the) (NN planet)))))))))))))))) (. .)),24.0,84,Why would the neighbors feel inferior?,They are not as rich,Their cars are not as eco-friendly,0,17,Ġfor,1.0,0,1.0,True
11,Hybrid vehicles have a halo that makes owners feel righteous and their neighbors feel guilty for not doing as much to save the planet.,False,(S (NP (JJ Hybrid) (NNS vehicles)) (VP (VBP have) (NP (NP (DT a) (NN halo)) (SBAR (WHNP (WDT that)) (S (VP (VBZ makes) (S (S (NP (NNS owners)) (VP (VB feel) (ADJP (JJ righteous)))) (CC and) (S (NP (PRP$ their) (NNS neighbors)) (VP (VB feel) (ADJP (JJ guilty)) (PP (IN for) (S (RB not) (VP (VBG doing) (NP (RB as) (RB much)) (S (VP (TO to) (VP (VB save) (NP (DT the) (NN planet)))))))))))))))) (. .)),24.0,84,Why would the neighbors feel inferior?,They are not as rich,Their cars are not as eco-friendly,0,18,Ġnot,1.0,0,1.0,True
11,Hybrid vehicles have a halo that makes owners feel righteous and their neighbors feel guilty for not doing as much to save the planet.,False,(S (NP (JJ Hybrid) (NNS vehicles)) (VP (VBP have) (NP (NP (DT a) (NN halo)) (SBAR (WHNP (WDT that)) (S (VP (VBZ makes) (S (S (NP (NNS owners)) (VP (VB feel) (ADJP (JJ righteous)))) (CC and) (S (NP (PRP$ their) (NNS neighbors)) (VP (VB feel) (ADJP (JJ guilty)) (PP (IN for) (S (RB not) (VP (VBG doing) (NP (RB as) (RB much)) (S (VP (TO to) (VP (VB save) (NP (DT the) (NN planet)))))))))))))))) (. .)),24.0,84,Why would the neighbors feel inferior?,They are not as rich,Their cars are not as eco-friendly,0,19,Ġdoing,1.0,0,1.0,True
11,Hybrid vehicles have a halo that makes owners feel righteous and their neighbors feel guilty for not doing as much to save the planet.,False,(S (NP (JJ Hybrid) (NNS vehicles)) (VP (VBP have) (NP (NP (DT a) (NN halo)) (SBAR (WHNP (WDT that)) (S (VP (VBZ makes) (S (S (NP (NNS owners)) (VP (VB feel) (ADJP (JJ righteous)))) (CC and) (S (NP (PRP$ their) (NNS neighbors)) (VP (VB feel) (ADJP (JJ guilty)) (PP (IN for) (S (RB not) (VP (VBG doing) (NP (RB as) (RB much)) (S (VP (TO to) (VP (VB save) (NP (DT the) (NN planet)))))))))))))))) (. .)),24.0,84,Why would the neighbors feel inferior?,They are not as rich,Their cars are not as eco-friendly,0,20,Ġas,1.0,0,1.0,True
11,Hybrid vehicles have a halo that makes owners feel righteous and their neighbors feel guilty for not doing as much to save the planet.,False,(S (NP (JJ Hybrid) (NNS vehicles)) (VP (VBP have) (NP (NP (DT a) (NN halo)) (SBAR (WHNP (WDT that)) (S (VP (VBZ makes) (S (S (NP (NNS owners)) (VP (VB feel) (ADJP (JJ righteous)))) (CC and) (S (NP (PRP$ their) (NNS neighbors)) (VP (VB feel) (ADJP (JJ guilty)) (PP (IN for) (S (RB not) (VP (VBG doing) (NP (RB as) (RB much)) (S (VP (TO to) (VP (VB save) (NP (DT the) (NN planet)))))))))))))))) (. .)),24.0,84,Why would the neighbors feel inferior?,They are not as rich,Their cars are not as eco-friendly,0,21,Ġmuch,1.0,0,1.0,True
11,Hybrid vehicles have a halo that makes owners feel righteous and their neighbors feel guilty for not doing as much to save the planet.,False,(S (NP (JJ Hybrid) (NNS vehicles)) (VP (VBP have) (NP (NP (DT a) (NN halo)) (SBAR (WHNP (WDT that)) (S (VP (VBZ makes) (S (S (NP (NNS owners)) (VP (VB feel) (ADJP (JJ righteous)))) (CC and) (S (NP (PRP$ their) (NNS neighbors)) (VP (VB feel) (ADJP (JJ guilty)) (PP (IN for) (S (RB not) (VP (VBG doing) (NP (RB as) (RB much)) (S (VP (TO to) (VP (VB save) (NP (DT the) (NN planet)))))))))))))))) (. .)),24.0,84,Why would the neighbors feel inferior?,They are not as rich,Their cars are not as eco-friendly,0,22,Ġto,1.0,0,1.0,True
11,Hybrid vehicles have a halo that makes owners feel righteous and their neighbors feel guilty for not doing as much to save the planet.,False,(S (NP (JJ Hybrid) (NNS vehicles)) (VP (VBP have) (NP (NP (DT a) (NN halo)) (SBAR (WHNP (WDT that)) (S (VP (VBZ makes) (S (S (NP (NNS owners)) (VP (VB feel) (ADJP (JJ righteous)))) (CC and) (S (NP (PRP$ their) (NNS neighbors)) (VP (VB feel) (ADJP (JJ guilty)) (PP (IN for) (S (RB not) (VP (VBG doing) (NP (RB as) (RB much)) (S (VP (TO to) (VP (VB save) (NP (DT the) (NN planet)))))))))))))))) (. .)),24.0,84,Why would the neighbors feel inferior?,They are not as rich,Their cars are not as eco-friendly,0,23,Ġsave,1.0,0,1.0,True
11,Hybrid vehicles have a halo that makes owners feel righteous and their neighbors feel guilty for not doing as much to save the planet.,False,(S (NP (JJ Hybrid) (NNS vehicles)) (VP (VBP have) (NP (NP (DT a) (NN halo)) (SBAR (WHNP (WDT that)) (S (VP (VBZ makes) (S (S (NP (NNS owners)) (VP (VB feel) (ADJP (JJ righteous)))) (CC and) (S (NP (PRP$ their) (NNS neighbors)) (VP (VB feel) (ADJP (JJ guilty)) (PP (IN for) (S (RB not) (VP (VBG doing) (NP (RB as) (RB much)) (S (VP (TO to) (VP (VB save) (NP (DT the) (NN planet)))))))))))))))) (. .)),24.0,84,Why would the neighbors feel inferior?,They are not as rich,Their cars are not as eco-friendly,0,24,Ġthe,1.0,0,1.0,True
11,Hybrid vehicles have a halo that makes owners feel righteous and their neighbors feel guilty for not doing as much to save the planet.,False,(S (NP (JJ Hybrid) (NNS vehicles)) (VP (VBP have) (NP (NP (DT a) (NN halo)) (SBAR (WHNP (WDT that)) (S (VP (VBZ makes) (S (S (NP (NNS owners)) (VP (VB feel) (ADJP (JJ righteous)))) (CC and) (S (NP (PRP$ their) (NNS neighbors)) (VP (VB feel) (ADJP (JJ guilty)) (PP (IN for) (S (RB not) (VP (VBG doing) (NP (RB as) (RB much)) (S (VP (TO to) (VP (VB save) (NP (DT the) (NN planet)))))))))))))))) (. .)),24.0,84,Why would the neighbors feel inferior?,They are not as rich,Their cars are not as eco-friendly,0,25,Ġplanet,1.0,0,1.0,True
11,Hybrid vehicles have a halo that makes owners feel righteous and their neighbors feel guilty for not doing as much to save the planet.,False,(S (NP (JJ Hybrid) (NNS vehicles)) (VP (VBP have) (NP (NP (DT a) (NN halo)) (SBAR (WHNP (WDT that)) (S (VP (VBZ makes) (S (S (NP (NNS owners)) (VP (VB feel) (ADJP (JJ righteous)))) (CC and) (S (NP (PRP$ their) (NNS neighbors)) (VP (VB feel) (ADJP (JJ guilty)) (PP (IN for) (S (RB not) (VP (VBG doing) (NP (RB as) (RB much)) (S (VP (TO to) (VP (VB save) (NP (DT the) (NN planet)))))))))))))))) (. .)),24.0,84,Why would the neighbors feel inferior?,They are not as rich,Their cars are not as eco-friendly,0,26,.,1.0,0,1.0,True
12,"Binge drinking may not necessarily kill or even damage brain cells, as commonly thought, a new animal study suggests.",False,"(S (S (NP (NN Binge) (NN drinking)) (VP (MD may) (RB not) (ADVP (RB necessarily)) (VP (VP (VB kill)) (CC or) (ADVP (RB even)) (VP (VB damage)) (NP (NN brain) (NNS cells)) (, ,) (SBAR (RB as) (S (VP (ADVP (RB commonly)) (VBN thought))))))) (, ,) (NP (DT a) (JJ new) (NN animal) (NN study)) (VP (VBZ suggests)) (. .))",30.0,85,What do most people think about binge drinking?,It may not damage brain cells,It damages brain cells.,0,0,B,1.0,0,1.0,True
12,"Binge drinking may not necessarily kill or even damage brain cells, as commonly thought, a new animal study suggests.",False,"(S (S (NP (NN Binge) (NN drinking)) (VP (MD may) (RB not) (ADVP (RB necessarily)) (VP (VP (VB kill)) (CC or) (ADVP (RB even)) (VP (VB damage)) (NP (NN brain) (NNS cells)) (, ,) (SBAR (RB as) (S (VP (ADVP (RB commonly)) (VBN thought))))))) (, ,) (NP (DT a) (JJ new) (NN animal) (NN study)) (VP (VBZ suggests)) (. .))",30.0,85,What do most people think about binge drinking?,It may not damage brain cells,It damages brain cells.,0,1,inge,1.0,0,1.0,True
12,"Binge drinking may not necessarily kill or even damage brain cells, as commonly thought, a new animal study suggests.",False,"(S (S (NP (NN Binge) (NN drinking)) (VP (MD may) (RB not) (ADVP (RB necessarily)) (VP (VP (VB kill)) (CC or) (ADVP (RB even)) (VP (VB damage)) (NP (NN brain) (NNS cells)) (, ,) (SBAR (RB as) (S (VP (ADVP (RB commonly)) (VBN thought))))))) (, ,) (NP (DT a) (JJ new) (NN animal) (NN study)) (VP (VBZ suggests)) (. .))",30.0,85,What do most people think about binge drinking?,It may not damage brain cells,It damages brain cells.,0,2,Ġdrinking,1.0,0,1.0,True
12,"Binge drinking may not necessarily kill or even damage brain cells, as commonly thought, a new animal study suggests.",False,"(S (S (NP (NN Binge) (NN drinking)) (VP (MD may) (RB not) (ADVP (RB necessarily)) (VP (VP (VB kill)) (CC or) (ADVP (RB even)) (VP (VB damage)) (NP (NN brain) (NNS cells)) (, ,) (SBAR (RB as) (S (VP (ADVP (RB commonly)) (VBN thought))))))) (, ,) (NP (DT a) (JJ new) (NN animal) (NN study)) (VP (VBZ suggests)) (. .))",30.0,85,What do most people think about binge drinking?,It may not damage brain cells,It damages brain cells.,0,3,Ġmay,1.0,0,1.0,True
12,"Binge drinking may not necessarily kill or even damage brain cells, as commonly thought, a new animal study suggests.",False,"(S (S (NP (NN Binge) (NN drinking)) (VP (MD may) (RB not) (ADVP (RB necessarily)) (VP (VP (VB kill)) (CC or) (ADVP (RB even)) (VP (VB damage)) (NP (NN brain) (NNS cells)) (, ,) (SBAR (RB as) (S (VP (ADVP (RB commonly)) (VBN thought))))))) (, ,) (NP (DT a) (JJ new) (NN animal) (NN study)) (VP (VBZ suggests)) (. .))",30.0,85,What do most people think about binge drinking?,It may not damage brain cells,It damages brain cells.,0,4,Ġnot,1.0,0,1.0,True
12,"Binge drinking may not necessarily kill or even damage brain cells, as commonly thought, a new animal study suggests.",False,"(S (S (NP (NN Binge) (NN drinking)) (VP (MD may) (RB not) (ADVP (RB necessarily)) (VP (VP (VB kill)) (CC or) (ADVP (RB even)) (VP (VB damage)) (NP (NN brain) (NNS cells)) (, ,) (SBAR (RB as) (S (VP (ADVP (RB commonly)) (VBN thought))))))) (, ,) (NP (DT a) (JJ new) (NN animal) (NN study)) (VP (VBZ suggests)) (. .))",30.0,85,What do most people think about binge drinking?,It may not damage brain cells,It damages brain cells.,0,5,Ġnecessarily,1.0,0,1.0,True
12,"Binge drinking may not necessarily kill or even damage brain cells, as commonly thought, a new animal study suggests.",False,"(S (S (NP (NN Binge) (NN drinking)) (VP (MD may) (RB not) (ADVP (RB necessarily)) (VP (VP (VB kill)) (CC or) (ADVP (RB even)) (VP (VB damage)) (NP (NN brain) (NNS cells)) (, ,) (SBAR (RB as) (S (VP (ADVP (RB commonly)) (VBN thought))))))) (, ,) (NP (DT a) (JJ new) (NN animal) (NN study)) (VP (VBZ suggests)) (. .))",30.0,85,What do most people think about binge drinking?,It may not damage brain cells,It damages brain cells.,0,6,Ġkill,1.0,0,1.0,True
12,"Binge drinking may not necessarily kill or even damage brain cells, as commonly thought, a new animal study suggests.",False,"(S (S (NP (NN Binge) (NN drinking)) (VP (MD may) (RB not) (ADVP (RB necessarily)) (VP (VP (VB kill)) (CC or) (ADVP (RB even)) (VP (VB damage)) (NP (NN brain) (NNS cells)) (, ,) (SBAR (RB as) (S (VP (ADVP (RB commonly)) (VBN thought))))))) (, ,) (NP (DT a) (JJ new) (NN animal) (NN study)) (VP (VBZ suggests)) (. .))",30.0,85,What do most people think about binge drinking?,It may not damage brain cells,It damages brain cells.,0,7,Ġor,1.0,0,1.0,True
12,"Binge drinking may not necessarily kill or even damage brain cells, as commonly thought, a new animal study suggests.",False,"(S (S (NP (NN Binge) (NN drinking)) (VP (MD may) (RB not) (ADVP (RB necessarily)) (VP (VP (VB kill)) (CC or) (ADVP (RB even)) (VP (VB damage)) (NP (NN brain) (NNS cells)) (, ,) (SBAR (RB as) (S (VP (ADVP (RB commonly)) (VBN thought))))))) (, ,) (NP (DT a) (JJ new) (NN animal) (NN study)) (VP (VBZ suggests)) (. .))",30.0,85,What do most people think about binge drinking?,It may not damage brain cells,It damages brain cells.,0,8,Ġeven,1.0,0,1.0,True
12,"Binge drinking may not necessarily kill or even damage brain cells, as commonly thought, a new animal study suggests.",False,"(S (S (NP (NN Binge) (NN drinking)) (VP (MD may) (RB not) (ADVP (RB necessarily)) (VP (VP (VB kill)) (CC or) (ADVP (RB even)) (VP (VB damage)) (NP (NN brain) (NNS cells)) (, ,) (SBAR (RB as) (S (VP (ADVP (RB commonly)) (VBN thought))))))) (, ,) (NP (DT a) (JJ new) (NN animal) (NN study)) (VP (VBZ suggests)) (. .))",30.0,85,What do most people think about binge drinking?,It may not damage brain cells,It damages brain cells.,0,9,Ġdamage,1.0,0,1.0,True
12,"Binge drinking may not necessarily kill or even damage brain cells, as commonly thought, a new animal study suggests.",False,"(S (S (NP (NN Binge) (NN drinking)) (VP (MD may) (RB not) (ADVP (RB necessarily)) (VP (VP (VB kill)) (CC or) (ADVP (RB even)) (VP (VB damage)) (NP (NN brain) (NNS cells)) (, ,) (SBAR (RB as) (S (VP (ADVP (RB commonly)) (VBN thought))))))) (, ,) (NP (DT a) (JJ new) (NN animal) (NN study)) (VP (VBZ suggests)) (. .))",30.0,85,What do most people think about binge drinking?,It may not damage brain cells,It damages brain cells.,0,10,Ġbrain,1.0,0,1.0,True
12,"Binge drinking may not necessarily kill or even damage brain cells, as commonly thought, a new animal study suggests.",False,"(S (S (NP (NN Binge) (NN drinking)) (VP (MD may) (RB not) (ADVP (RB necessarily)) (VP (VP (VB kill)) (CC or) (ADVP (RB even)) (VP (VB damage)) (NP (NN brain) (NNS cells)) (, ,) (SBAR (RB as) (S (VP (ADVP (RB commonly)) (VBN thought))))))) (, ,) (NP (DT a) (JJ new) (NN animal) (NN study)) (VP (VBZ suggests)) (. .))",30.0,85,What do most people think about binge drinking?,It may not damage brain cells,It damages brain cells.,0,11,Ġcells,1.0,0,1.0,True
12,"Binge drinking may not necessarily kill or even damage brain cells, as commonly thought, a new animal study suggests.",False,"(S (S (NP (NN Binge) (NN drinking)) (VP (MD may) (RB not) (ADVP (RB necessarily)) (VP (VP (VB kill)) (CC or) (ADVP (RB even)) (VP (VB damage)) (NP (NN brain) (NNS cells)) (, ,) (SBAR (RB as) (S (VP (ADVP (RB commonly)) (VBN thought))))))) (, ,) (NP (DT a) (JJ new) (NN animal) (NN study)) (VP (VBZ suggests)) (. .))",30.0,85,What do most people think about binge drinking?,It may not damage brain cells,It damages brain cells.,0,12,",",1.0,0,1.0,True
12,"Binge drinking may not necessarily kill or even damage brain cells, as commonly thought, a new animal study suggests.",False,"(S (S (NP (NN Binge) (NN drinking)) (VP (MD may) (RB not) (ADVP (RB necessarily)) (VP (VP (VB kill)) (CC or) (ADVP (RB even)) (VP (VB damage)) (NP (NN brain) (NNS cells)) (, ,) (SBAR (RB as) (S (VP (ADVP (RB commonly)) (VBN thought))))))) (, ,) (NP (DT a) (JJ new) (NN animal) (NN study)) (VP (VBZ suggests)) (. .))",30.0,85,What do most people think about binge drinking?,It may not damage brain cells,It damages brain cells.,0,13,Ġas,1.0,0,1.0,True
12,"Binge drinking may not necessarily kill or even damage brain cells, as commonly thought, a new animal study suggests.",False,"(S (S (NP (NN Binge) (NN drinking)) (VP (MD may) (RB not) (ADVP (RB necessarily)) (VP (VP (VB kill)) (CC or) (ADVP (RB even)) (VP (VB damage)) (NP (NN brain) (NNS cells)) (, ,) (SBAR (RB as) (S (VP (ADVP (RB commonly)) (VBN thought))))))) (, ,) (NP (DT a) (JJ new) (NN animal) (NN study)) (VP (VBZ suggests)) (. .))",30.0,85,What do most people think about binge drinking?,It may not damage brain cells,It damages brain cells.,0,14,Ġcommonly,1.0,0,1.0,True
12,"Binge drinking may not necessarily kill or even damage brain cells, as commonly thought, a new animal study suggests.",False,"(S (S (NP (NN Binge) (NN drinking)) (VP (MD may) (RB not) (ADVP (RB necessarily)) (VP (VP (VB kill)) (CC or) (ADVP (RB even)) (VP (VB damage)) (NP (NN brain) (NNS cells)) (, ,) (SBAR (RB as) (S (VP (ADVP (RB commonly)) (VBN thought))))))) (, ,) (NP (DT a) (JJ new) (NN animal) (NN study)) (VP (VBZ suggests)) (. .))",30.0,85,What do most people think about binge drinking?,It may not damage brain cells,It damages brain cells.,0,15,Ġthought,1.0,0,1.0,True
12,"Binge drinking may not necessarily kill or even damage brain cells, as commonly thought, a new animal study suggests.",False,"(S (S (NP (NN Binge) (NN drinking)) (VP (MD may) (RB not) (ADVP (RB necessarily)) (VP (VP (VB kill)) (CC or) (ADVP (RB even)) (VP (VB damage)) (NP (NN brain) (NNS cells)) (, ,) (SBAR (RB as) (S (VP (ADVP (RB commonly)) (VBN thought))))))) (, ,) (NP (DT a) (JJ new) (NN animal) (NN study)) (VP (VBZ suggests)) (. .))",30.0,85,What do most people think about binge drinking?,It may not damage brain cells,It damages brain cells.,0,16,",",1.0,0,1.0,True
12,"Binge drinking may not necessarily kill or even damage brain cells, as commonly thought, a new animal study suggests.",False,"(S (S (NP (NN Binge) (NN drinking)) (VP (MD may) (RB not) (ADVP (RB necessarily)) (VP (VP (VB kill)) (CC or) (ADVP (RB even)) (VP (VB damage)) (NP (NN brain) (NNS cells)) (, ,) (SBAR (RB as) (S (VP (ADVP (RB commonly)) (VBN thought))))))) (, ,) (NP (DT a) (JJ new) (NN animal) (NN study)) (VP (VBZ suggests)) (. .))",30.0,85,What do most people think about binge drinking?,It may not damage brain cells,It damages brain cells.,0,17,Ġa,1.0,0,1.0,True
12,"Binge drinking may not necessarily kill or even damage brain cells, as commonly thought, a new animal study suggests.",False,"(S (S (NP (NN Binge) (NN drinking)) (VP (MD may) (RB not) (ADVP (RB necessarily)) (VP (VP (VB kill)) (CC or) (ADVP (RB even)) (VP (VB damage)) (NP (NN brain) (NNS cells)) (, ,) (SBAR (RB as) (S (VP (ADVP (RB commonly)) (VBN thought))))))) (, ,) (NP (DT a) (JJ new) (NN animal) (NN study)) (VP (VBZ suggests)) (. .))",30.0,85,What do most people think about binge drinking?,It may not damage brain cells,It damages brain cells.,0,18,Ġnew,1.0,0,1.0,True
12,"Binge drinking may not necessarily kill or even damage brain cells, as commonly thought, a new animal study suggests.",False,"(S (S (NP (NN Binge) (NN drinking)) (VP (MD may) (RB not) (ADVP (RB necessarily)) (VP (VP (VB kill)) (CC or) (ADVP (RB even)) (VP (VB damage)) (NP (NN brain) (NNS cells)) (, ,) (SBAR (RB as) (S (VP (ADVP (RB commonly)) (VBN thought))))))) (, ,) (NP (DT a) (JJ new) (NN animal) (NN study)) (VP (VBZ suggests)) (. .))",30.0,85,What do most people think about binge drinking?,It may not damage brain cells,It damages brain cells.,0,19,Ġanimal,1.0,0,1.0,True
12,"Binge drinking may not necessarily kill or even damage brain cells, as commonly thought, a new animal study suggests.",False,"(S (S (NP (NN Binge) (NN drinking)) (VP (MD may) (RB not) (ADVP (RB necessarily)) (VP (VP (VB kill)) (CC or) (ADVP (RB even)) (VP (VB damage)) (NP (NN brain) (NNS cells)) (, ,) (SBAR (RB as) (S (VP (ADVP (RB commonly)) (VBN thought))))))) (, ,) (NP (DT a) (JJ new) (NN animal) (NN study)) (VP (VBZ suggests)) (. .))",30.0,85,What do most people think about binge drinking?,It may not damage brain cells,It damages brain cells.,0,20,Ġstudy,1.0,0,1.0,True
12,"Binge drinking may not necessarily kill or even damage brain cells, as commonly thought, a new animal study suggests.",False,"(S (S (NP (NN Binge) (NN drinking)) (VP (MD may) (RB not) (ADVP (RB necessarily)) (VP (VP (VB kill)) (CC or) (ADVP (RB even)) (VP (VB damage)) (NP (NN brain) (NNS cells)) (, ,) (SBAR (RB as) (S (VP (ADVP (RB commonly)) (VBN thought))))))) (, ,) (NP (DT a) (JJ new) (NN animal) (NN study)) (VP (VBZ suggests)) (. .))",30.0,85,What do most people think about binge drinking?,It may not damage brain cells,It damages brain cells.,0,21,Ġsuggests,1.0,0,1.0,True
12,"Binge drinking may not necessarily kill or even damage brain cells, as commonly thought, a new animal study suggests.",False,"(S (S (NP (NN Binge) (NN drinking)) (VP (MD may) (RB not) (ADVP (RB necessarily)) (VP (VP (VB kill)) (CC or) (ADVP (RB even)) (VP (VB damage)) (NP (NN brain) (NNS cells)) (, ,) (SBAR (RB as) (S (VP (ADVP (RB commonly)) (VBN thought))))))) (, ,) (NP (DT a) (JJ new) (NN animal) (NN study)) (VP (VBZ suggests)) (. .))",30.0,85,What do most people think about binge drinking?,It may not damage brain cells,It damages brain cells.,0,22,.,1.0,0,1.0,True
13,"When attacked, a skunk 's natural inclination is to turn around, lick its tail and spray a noxious scent.",False,"(S (SBAR (WHADVP (WRB When)) (S (VP (VBN attacked)))) (, ,) (NP (NP (DT a) (NN skunk\) (POS 's)) (JJ natural) (NN inclination)) (VP (VBZ is) (S (VP (TO to) (VP (VP (VB turn) (ADVP (RB around))) (, ,) (VP (VB lick) (NP (PRP$ its) (NN tail))) (CC and) (VP (VB spray) (NP (DT a) (JJ noxious) (NN scent))))))) (. .))",33.0,86,Are skunks inclined to face forward when attacked?,Yes,No,0,0,When,1.0,0,1.0,True
13,"When attacked, a skunk 's natural inclination is to turn around, lick its tail and spray a noxious scent.",False,"(S (SBAR (WHADVP (WRB When)) (S (VP (VBN attacked)))) (, ,) (NP (NP (DT a) (NN skunk\) (POS 's)) (JJ natural) (NN inclination)) (VP (VBZ is) (S (VP (TO to) (VP (VP (VB turn) (ADVP (RB around))) (, ,) (VP (VB lick) (NP (PRP$ its) (NN tail))) (CC and) (VP (VB spray) (NP (DT a) (JJ noxious) (NN scent))))))) (. .))",33.0,86,Are skunks inclined to face forward when attacked?,Yes,No,0,1,Ġattacked,1.0,0,1.0,True
13,"When attacked, a skunk 's natural inclination is to turn around, lick its tail and spray a noxious scent.",False,"(S (SBAR (WHADVP (WRB When)) (S (VP (VBN attacked)))) (, ,) (NP (NP (DT a) (NN skunk\) (POS 's)) (JJ natural) (NN inclination)) (VP (VBZ is) (S (VP (TO to) (VP (VP (VB turn) (ADVP (RB around))) (, ,) (VP (VB lick) (NP (PRP$ its) (NN tail))) (CC and) (VP (VB spray) (NP (DT a) (JJ noxious) (NN scent))))))) (. .))",33.0,86,Are skunks inclined to face forward when attacked?,Yes,No,0,2,",",1.0,0,1.0,True
13,"When attacked, a skunk 's natural inclination is to turn around, lick its tail and spray a noxious scent.",False,"(S (SBAR (WHADVP (WRB When)) (S (VP (VBN attacked)))) (, ,) (NP (NP (DT a) (NN skunk\) (POS 's)) (JJ natural) (NN inclination)) (VP (VBZ is) (S (VP (TO to) (VP (VP (VB turn) (ADVP (RB around))) (, ,) (VP (VB lick) (NP (PRP$ its) (NN tail))) (CC and) (VP (VB spray) (NP (DT a) (JJ noxious) (NN scent))))))) (. .))",33.0,86,Are skunks inclined to face forward when attacked?,Yes,No,0,3,Ġa,1.0,0,1.0,True
13,"When attacked, a skunk 's natural inclination is to turn around, lick its tail and spray a noxious scent.",False,"(S (SBAR (WHADVP (WRB When)) (S (VP (VBN attacked)))) (, ,) (NP (NP (DT a) (NN skunk\) (POS 's)) (JJ natural) (NN inclination)) (VP (VBZ is) (S (VP (TO to) (VP (VP (VB turn) (ADVP (RB around))) (, ,) (VP (VB lick) (NP (PRP$ its) (NN tail))) (CC and) (VP (VB spray) (NP (DT a) (JJ noxious) (NN scent))))))) (. .))",33.0,86,Are skunks inclined to face forward when attacked?,Yes,No,0,4,Ġsk,1.0,0,1.0,True
13,"When attacked, a skunk 's natural inclination is to turn around, lick its tail and spray a noxious scent.",False,"(S (SBAR (WHADVP (WRB When)) (S (VP (VBN attacked)))) (, ,) (NP (NP (DT a) (NN skunk\) (POS 's)) (JJ natural) (NN inclination)) (VP (VBZ is) (S (VP (TO to) (VP (VP (VB turn) (ADVP (RB around))) (, ,) (VP (VB lick) (NP (PRP$ its) (NN tail))) (CC and) (VP (VB spray) (NP (DT a) (JJ noxious) (NN scent))))))) (. .))",33.0,86,Are skunks inclined to face forward when attacked?,Yes,No,0,5,unk,1.0,0,1.0,True
13,"When attacked, a skunk 's natural inclination is to turn around, lick its tail and spray a noxious scent.",False,"(S (SBAR (WHADVP (WRB When)) (S (VP (VBN attacked)))) (, ,) (NP (NP (DT a) (NN skunk\) (POS 's)) (JJ natural) (NN inclination)) (VP (VBZ is) (S (VP (TO to) (VP (VP (VB turn) (ADVP (RB around))) (, ,) (VP (VB lick) (NP (PRP$ its) (NN tail))) (CC and) (VP (VB spray) (NP (DT a) (JJ noxious) (NN scent))))))) (. .))",33.0,86,Are skunks inclined to face forward when attacked?,Yes,No,0,6,Ġ',1.0,0,1.0,True
13,"When attacked, a skunk 's natural inclination is to turn around, lick its tail and spray a noxious scent.",False,"(S (SBAR (WHADVP (WRB When)) (S (VP (VBN attacked)))) (, ,) (NP (NP (DT a) (NN skunk\) (POS 's)) (JJ natural) (NN inclination)) (VP (VBZ is) (S (VP (TO to) (VP (VP (VB turn) (ADVP (RB around))) (, ,) (VP (VB lick) (NP (PRP$ its) (NN tail))) (CC and) (VP (VB spray) (NP (DT a) (JJ noxious) (NN scent))))))) (. .))",33.0,86,Are skunks inclined to face forward when attacked?,Yes,No,0,7,s,1.0,0,1.0,True
13,"When attacked, a skunk 's natural inclination is to turn around, lick its tail and spray a noxious scent.",False,"(S (SBAR (WHADVP (WRB When)) (S (VP (VBN attacked)))) (, ,) (NP (NP (DT a) (NN skunk\) (POS 's)) (JJ natural) (NN inclination)) (VP (VBZ is) (S (VP (TO to) (VP (VP (VB turn) (ADVP (RB around))) (, ,) (VP (VB lick) (NP (PRP$ its) (NN tail))) (CC and) (VP (VB spray) (NP (DT a) (JJ noxious) (NN scent))))))) (. .))",33.0,86,Are skunks inclined to face forward when attacked?,Yes,No,0,8,Ġnatural,1.0,0,1.0,True
13,"When attacked, a skunk 's natural inclination is to turn around, lick its tail and spray a noxious scent.",False,"(S (SBAR (WHADVP (WRB When)) (S (VP (VBN attacked)))) (, ,) (NP (NP (DT a) (NN skunk\) (POS 's)) (JJ natural) (NN inclination)) (VP (VBZ is) (S (VP (TO to) (VP (VP (VB turn) (ADVP (RB around))) (, ,) (VP (VB lick) (NP (PRP$ its) (NN tail))) (CC and) (VP (VB spray) (NP (DT a) (JJ noxious) (NN scent))))))) (. .))",33.0,86,Are skunks inclined to face forward when attacked?,Yes,No,0,9,Ġinclination,1.0,0,1.0,True
13,"When attacked, a skunk 's natural inclination is to turn around, lick its tail and spray a noxious scent.",False,"(S (SBAR (WHADVP (WRB When)) (S (VP (VBN attacked)))) (, ,) (NP (NP (DT a) (NN skunk\) (POS 's)) (JJ natural) (NN inclination)) (VP (VBZ is) (S (VP (TO to) (VP (VP (VB turn) (ADVP (RB around))) (, ,) (VP (VB lick) (NP (PRP$ its) (NN tail))) (CC and) (VP (VB spray) (NP (DT a) (JJ noxious) (NN scent))))))) (. .))",33.0,86,Are skunks inclined to face forward when attacked?,Yes,No,0,10,Ġis,1.0,0,1.0,True
13,"When attacked, a skunk 's natural inclination is to turn around, lick its tail and spray a noxious scent.",False,"(S (SBAR (WHADVP (WRB When)) (S (VP (VBN attacked)))) (, ,) (NP (NP (DT a) (NN skunk\) (POS 's)) (JJ natural) (NN inclination)) (VP (VBZ is) (S (VP (TO to) (VP (VP (VB turn) (ADVP (RB around))) (, ,) (VP (VB lick) (NP (PRP$ its) (NN tail))) (CC and) (VP (VB spray) (NP (DT a) (JJ noxious) (NN scent))))))) (. .))",33.0,86,Are skunks inclined to face forward when attacked?,Yes,No,0,11,Ġto,1.0,0,1.0,True
13,"When attacked, a skunk 's natural inclination is to turn around, lick its tail and spray a noxious scent.",False,"(S (SBAR (WHADVP (WRB When)) (S (VP (VBN attacked)))) (, ,) (NP (NP (DT a) (NN skunk\) (POS 's)) (JJ natural) (NN inclination)) (VP (VBZ is) (S (VP (TO to) (VP (VP (VB turn) (ADVP (RB around))) (, ,) (VP (VB lick) (NP (PRP$ its) (NN tail))) (CC and) (VP (VB spray) (NP (DT a) (JJ noxious) (NN scent))))))) (. .))",33.0,86,Are skunks inclined to face forward when attacked?,Yes,No,0,12,Ġturn,1.0,0,1.0,True
13,"When attacked, a skunk 's natural inclination is to turn around, lick its tail and spray a noxious scent.",False,"(S (SBAR (WHADVP (WRB When)) (S (VP (VBN attacked)))) (, ,) (NP (NP (DT a) (NN skunk\) (POS 's)) (JJ natural) (NN inclination)) (VP (VBZ is) (S (VP (TO to) (VP (VP (VB turn) (ADVP (RB around))) (, ,) (VP (VB lick) (NP (PRP$ its) (NN tail))) (CC and) (VP (VB spray) (NP (DT a) (JJ noxious) (NN scent))))))) (. .))",33.0,86,Are skunks inclined to face forward when attacked?,Yes,No,0,13,Ġaround,1.0,0,1.0,True
13,"When attacked, a skunk 's natural inclination is to turn around, lick its tail and spray a noxious scent.",False,"(S (SBAR (WHADVP (WRB When)) (S (VP (VBN attacked)))) (, ,) (NP (NP (DT a) (NN skunk\) (POS 's)) (JJ natural) (NN inclination)) (VP (VBZ is) (S (VP (TO to) (VP (VP (VB turn) (ADVP (RB around))) (, ,) (VP (VB lick) (NP (PRP$ its) (NN tail))) (CC and) (VP (VB spray) (NP (DT a) (JJ noxious) (NN scent))))))) (. .))",33.0,86,Are skunks inclined to face forward when attacked?,Yes,No,0,14,",",1.0,0,1.0,True
13,"When attacked, a skunk 's natural inclination is to turn around, lick its tail and spray a noxious scent.",False,"(S (SBAR (WHADVP (WRB When)) (S (VP (VBN attacked)))) (, ,) (NP (NP (DT a) (NN skunk\) (POS 's)) (JJ natural) (NN inclination)) (VP (VBZ is) (S (VP (TO to) (VP (VP (VB turn) (ADVP (RB around))) (, ,) (VP (VB lick) (NP (PRP$ its) (NN tail))) (CC and) (VP (VB spray) (NP (DT a) (JJ noxious) (NN scent))))))) (. .))",33.0,86,Are skunks inclined to face forward when attacked?,Yes,No,0,15,Ġlick,1.0,0,1.0,True
13,"When attacked, a skunk 's natural inclination is to turn around, lick its tail and spray a noxious scent.",False,"(S (SBAR (WHADVP (WRB When)) (S (VP (VBN attacked)))) (, ,) (NP (NP (DT a) (NN skunk\) (POS 's)) (JJ natural) (NN inclination)) (VP (VBZ is) (S (VP (TO to) (VP (VP (VB turn) (ADVP (RB around))) (, ,) (VP (VB lick) (NP (PRP$ its) (NN tail))) (CC and) (VP (VB spray) (NP (DT a) (JJ noxious) (NN scent))))))) (. .))",33.0,86,Are skunks inclined to face forward when attacked?,Yes,No,0,16,Ġits,1.0,0,1.0,True
13,"When attacked, a skunk 's natural inclination is to turn around, lick its tail and spray a noxious scent.",False,"(S (SBAR (WHADVP (WRB When)) (S (VP (VBN attacked)))) (, ,) (NP (NP (DT a) (NN skunk\) (POS 's)) (JJ natural) (NN inclination)) (VP (VBZ is) (S (VP (TO to) (VP (VP (VB turn) (ADVP (RB around))) (, ,) (VP (VB lick) (NP (PRP$ its) (NN tail))) (CC and) (VP (VB spray) (NP (DT a) (JJ noxious) (NN scent))))))) (. .))",33.0,86,Are skunks inclined to face forward when attacked?,Yes,No,0,17,Ġtail,1.0,0,1.0,True
13,"When attacked, a skunk 's natural inclination is to turn around, lick its tail and spray a noxious scent.",False,"(S (SBAR (WHADVP (WRB When)) (S (VP (VBN attacked)))) (, ,) (NP (NP (DT a) (NN skunk\) (POS 's)) (JJ natural) (NN inclination)) (VP (VBZ is) (S (VP (TO to) (VP (VP (VB turn) (ADVP (RB around))) (, ,) (VP (VB lick) (NP (PRP$ its) (NN tail))) (CC and) (VP (VB spray) (NP (DT a) (JJ noxious) (NN scent))))))) (. .))",33.0,86,Are skunks inclined to face forward when attacked?,Yes,No,0,18,Ġand,1.0,0,1.0,True
13,"When attacked, a skunk 's natural inclination is to turn around, lick its tail and spray a noxious scent.",False,"(S (SBAR (WHADVP (WRB When)) (S (VP (VBN attacked)))) (, ,) (NP (NP (DT a) (NN skunk\) (POS 's)) (JJ natural) (NN inclination)) (VP (VBZ is) (S (VP (TO to) (VP (VP (VB turn) (ADVP (RB around))) (, ,) (VP (VB lick) (NP (PRP$ its) (NN tail))) (CC and) (VP (VB spray) (NP (DT a) (JJ noxious) (NN scent))))))) (. .))",33.0,86,Are skunks inclined to face forward when attacked?,Yes,No,0,19,Ġspray,1.0,0,1.0,True
13,"When attacked, a skunk 's natural inclination is to turn around, lick its tail and spray a noxious scent.",False,"(S (SBAR (WHADVP (WRB When)) (S (VP (VBN attacked)))) (, ,) (NP (NP (DT a) (NN skunk\) (POS 's)) (JJ natural) (NN inclination)) (VP (VBZ is) (S (VP (TO to) (VP (VP (VB turn) (ADVP (RB around))) (, ,) (VP (VB lick) (NP (PRP$ its) (NN tail))) (CC and) (VP (VB spray) (NP (DT a) (JJ noxious) (NN scent))))))) (. .))",33.0,86,Are skunks inclined to face forward when attacked?,Yes,No,0,20,Ġa,1.0,0,1.0,True
13,"When attacked, a skunk 's natural inclination is to turn around, lick its tail and spray a noxious scent.",False,"(S (SBAR (WHADVP (WRB When)) (S (VP (VBN attacked)))) (, ,) (NP (NP (DT a) (NN skunk\) (POS 's)) (JJ natural) (NN inclination)) (VP (VBZ is) (S (VP (TO to) (VP (VP (VB turn) (ADVP (RB around))) (, ,) (VP (VB lick) (NP (PRP$ its) (NN tail))) (CC and) (VP (VB spray) (NP (DT a) (JJ noxious) (NN scent))))))) (. .))",33.0,86,Are skunks inclined to face forward when attacked?,Yes,No,0,21,Ġno,1.0,0,1.0,True
13,"When attacked, a skunk 's natural inclination is to turn around, lick its tail and spray a noxious scent.",False,"(S (SBAR (WHADVP (WRB When)) (S (VP (VBN attacked)))) (, ,) (NP (NP (DT a) (NN skunk\) (POS 's)) (JJ natural) (NN inclination)) (VP (VBZ is) (S (VP (TO to) (VP (VP (VB turn) (ADVP (RB around))) (, ,) (VP (VB lick) (NP (PRP$ its) (NN tail))) (CC and) (VP (VB spray) (NP (DT a) (JJ noxious) (NN scent))))))) (. .))",33.0,86,Are skunks inclined to face forward when attacked?,Yes,No,0,22,xious,1.0,0,1.0,True
13,"When attacked, a skunk 's natural inclination is to turn around, lick its tail and spray a noxious scent.",False,"(S (SBAR (WHADVP (WRB When)) (S (VP (VBN attacked)))) (, ,) (NP (NP (DT a) (NN skunk\) (POS 's)) (JJ natural) (NN inclination)) (VP (VBZ is) (S (VP (TO to) (VP (VP (VB turn) (ADVP (RB around))) (, ,) (VP (VB lick) (NP (PRP$ its) (NN tail))) (CC and) (VP (VB spray) (NP (DT a) (JJ noxious) (NN scent))))))) (. .))",33.0,86,Are skunks inclined to face forward when attacked?,Yes,No,0,23,Ġscent,1.0,0,1.0,True
13,"When attacked, a skunk 's natural inclination is to turn around, lick its tail and spray a noxious scent.",False,"(S (SBAR (WHADVP (WRB When)) (S (VP (VBN attacked)))) (, ,) (NP (NP (DT a) (NN skunk\) (POS 's)) (JJ natural) (NN inclination)) (VP (VBZ is) (S (VP (TO to) (VP (VP (VB turn) (ADVP (RB around))) (, ,) (VP (VB lick) (NP (PRP$ its) (NN tail))) (CC and) (VP (VB spray) (NP (DT a) (JJ noxious) (NN scent))))))) (. .))",33.0,86,Are skunks inclined to face forward when attacked?,Yes,No,0,24,.,1.0,0,1.0,True
14,All that the brain has to work with are imperfect incoming electrical impulses announcing that things are happening.,False,(S (NP (NP (DT All)) (SBAR (WHNP (IN that)) (S (NP (DT the) (NN brain)) (VP (VBZ has) (S (VP (TO to) (VP (VB work) (PP (IN with))))))))) (VP (VBP are) (NP (NP (JJ imperfect) (JJ incoming) (JJ electrical) (NNS impulses)) (VP (VBG announcing) (SBAR (IN that) (S (NP (NNS things)) (VP (VBP are) (VP (VBG happening)))))))) (. .)),38.0,87,Are electrical singals in our brain always correct?,Yes,No,0,0,All,1.0,0,1.0,True
14,All that the brain has to work with are imperfect incoming electrical impulses announcing that things are happening.,False,(S (NP (NP (DT All)) (SBAR (WHNP (IN that)) (S (NP (DT the) (NN brain)) (VP (VBZ has) (S (VP (TO to) (VP (VB work) (PP (IN with))))))))) (VP (VBP are) (NP (NP (JJ imperfect) (JJ incoming) (JJ electrical) (NNS impulses)) (VP (VBG announcing) (SBAR (IN that) (S (NP (NNS things)) (VP (VBP are) (VP (VBG happening)))))))) (. .)),38.0,87,Are electrical singals in our brain always correct?,Yes,No,0,1,Ġthat,1.0,0,1.0,True
14,All that the brain has to work with are imperfect incoming electrical impulses announcing that things are happening.,False,(S (NP (NP (DT All)) (SBAR (WHNP (IN that)) (S (NP (DT the) (NN brain)) (VP (VBZ has) (S (VP (TO to) (VP (VB work) (PP (IN with))))))))) (VP (VBP are) (NP (NP (JJ imperfect) (JJ incoming) (JJ electrical) (NNS impulses)) (VP (VBG announcing) (SBAR (IN that) (S (NP (NNS things)) (VP (VBP are) (VP (VBG happening)))))))) (. .)),38.0,87,Are electrical singals in our brain always correct?,Yes,No,0,2,Ġthe,1.0,0,1.0,True
14,All that the brain has to work with are imperfect incoming electrical impulses announcing that things are happening.,False,(S (NP (NP (DT All)) (SBAR (WHNP (IN that)) (S (NP (DT the) (NN brain)) (VP (VBZ has) (S (VP (TO to) (VP (VB work) (PP (IN with))))))))) (VP (VBP are) (NP (NP (JJ imperfect) (JJ incoming) (JJ electrical) (NNS impulses)) (VP (VBG announcing) (SBAR (IN that) (S (NP (NNS things)) (VP (VBP are) (VP (VBG happening)))))))) (. .)),38.0,87,Are electrical singals in our brain always correct?,Yes,No,0,3,Ġbrain,1.0,0,1.0,True
14,All that the brain has to work with are imperfect incoming electrical impulses announcing that things are happening.,False,(S (NP (NP (DT All)) (SBAR (WHNP (IN that)) (S (NP (DT the) (NN brain)) (VP (VBZ has) (S (VP (TO to) (VP (VB work) (PP (IN with))))))))) (VP (VBP are) (NP (NP (JJ imperfect) (JJ incoming) (JJ electrical) (NNS impulses)) (VP (VBG announcing) (SBAR (IN that) (S (NP (NNS things)) (VP (VBP are) (VP (VBG happening)))))))) (. .)),38.0,87,Are electrical singals in our brain always correct?,Yes,No,0,4,Ġhas,1.0,0,1.0,True
14,All that the brain has to work with are imperfect incoming electrical impulses announcing that things are happening.,False,(S (NP (NP (DT All)) (SBAR (WHNP (IN that)) (S (NP (DT the) (NN brain)) (VP (VBZ has) (S (VP (TO to) (VP (VB work) (PP (IN with))))))))) (VP (VBP are) (NP (NP (JJ imperfect) (JJ incoming) (JJ electrical) (NNS impulses)) (VP (VBG announcing) (SBAR (IN that) (S (NP (NNS things)) (VP (VBP are) (VP (VBG happening)))))))) (. .)),38.0,87,Are electrical singals in our brain always correct?,Yes,No,0,5,Ġto,1.0,0,1.0,True
14,All that the brain has to work with are imperfect incoming electrical impulses announcing that things are happening.,False,(S (NP (NP (DT All)) (SBAR (WHNP (IN that)) (S (NP (DT the) (NN brain)) (VP (VBZ has) (S (VP (TO to) (VP (VB work) (PP (IN with))))))))) (VP (VBP are) (NP (NP (JJ imperfect) (JJ incoming) (JJ electrical) (NNS impulses)) (VP (VBG announcing) (SBAR (IN that) (S (NP (NNS things)) (VP (VBP are) (VP (VBG happening)))))))) (. .)),38.0,87,Are electrical singals in our brain always correct?,Yes,No,0,6,Ġwork,1.0,0,1.0,True
14,All that the brain has to work with are imperfect incoming electrical impulses announcing that things are happening.,False,(S (NP (NP (DT All)) (SBAR (WHNP (IN that)) (S (NP (DT the) (NN brain)) (VP (VBZ has) (S (VP (TO to) (VP (VB work) (PP (IN with))))))))) (VP (VBP are) (NP (NP (JJ imperfect) (JJ incoming) (JJ electrical) (NNS impulses)) (VP (VBG announcing) (SBAR (IN that) (S (NP (NNS things)) (VP (VBP are) (VP (VBG happening)))))))) (. .)),38.0,87,Are electrical singals in our brain always correct?,Yes,No,0,7,Ġwith,1.0,0,1.0,True
14,All that the brain has to work with are imperfect incoming electrical impulses announcing that things are happening.,False,(S (NP (NP (DT All)) (SBAR (WHNP (IN that)) (S (NP (DT the) (NN brain)) (VP (VBZ has) (S (VP (TO to) (VP (VB work) (PP (IN with))))))))) (VP (VBP are) (NP (NP (JJ imperfect) (JJ incoming) (JJ electrical) (NNS impulses)) (VP (VBG announcing) (SBAR (IN that) (S (NP (NNS things)) (VP (VBP are) (VP (VBG happening)))))))) (. .)),38.0,87,Are electrical singals in our brain always correct?,Yes,No,0,8,Ġare,1.0,0,1.0,True
14,All that the brain has to work with are imperfect incoming electrical impulses announcing that things are happening.,False,(S (NP (NP (DT All)) (SBAR (WHNP (IN that)) (S (NP (DT the) (NN brain)) (VP (VBZ has) (S (VP (TO to) (VP (VB work) (PP (IN with))))))))) (VP (VBP are) (NP (NP (JJ imperfect) (JJ incoming) (JJ electrical) (NNS impulses)) (VP (VBG announcing) (SBAR (IN that) (S (NP (NNS things)) (VP (VBP are) (VP (VBG happening)))))))) (. .)),38.0,87,Are electrical singals in our brain always correct?,Yes,No,0,9,Ġimperfect,1.0,0,1.0,True
14,All that the brain has to work with are imperfect incoming electrical impulses announcing that things are happening.,False,(S (NP (NP (DT All)) (SBAR (WHNP (IN that)) (S (NP (DT the) (NN brain)) (VP (VBZ has) (S (VP (TO to) (VP (VB work) (PP (IN with))))))))) (VP (VBP are) (NP (NP (JJ imperfect) (JJ incoming) (JJ electrical) (NNS impulses)) (VP (VBG announcing) (SBAR (IN that) (S (NP (NNS things)) (VP (VBP are) (VP (VBG happening)))))))) (. .)),38.0,87,Are electrical singals in our brain always correct?,Yes,No,0,10,Ġincoming,1.0,0,1.0,True
14,All that the brain has to work with are imperfect incoming electrical impulses announcing that things are happening.,False,(S (NP (NP (DT All)) (SBAR (WHNP (IN that)) (S (NP (DT the) (NN brain)) (VP (VBZ has) (S (VP (TO to) (VP (VB work) (PP (IN with))))))))) (VP (VBP are) (NP (NP (JJ imperfect) (JJ incoming) (JJ electrical) (NNS impulses)) (VP (VBG announcing) (SBAR (IN that) (S (NP (NNS things)) (VP (VBP are) (VP (VBG happening)))))))) (. .)),38.0,87,Are electrical singals in our brain always correct?,Yes,No,0,11,Ġelectrical,1.0,0,1.0,True
14,All that the brain has to work with are imperfect incoming electrical impulses announcing that things are happening.,False,(S (NP (NP (DT All)) (SBAR (WHNP (IN that)) (S (NP (DT the) (NN brain)) (VP (VBZ has) (S (VP (TO to) (VP (VB work) (PP (IN with))))))))) (VP (VBP are) (NP (NP (JJ imperfect) (JJ incoming) (JJ electrical) (NNS impulses)) (VP (VBG announcing) (SBAR (IN that) (S (NP (NNS things)) (VP (VBP are) (VP (VBG happening)))))))) (. .)),38.0,87,Are electrical singals in our brain always correct?,Yes,No,0,12,Ġimpulses,1.0,0,1.0,True
14,All that the brain has to work with are imperfect incoming electrical impulses announcing that things are happening.,False,(S (NP (NP (DT All)) (SBAR (WHNP (IN that)) (S (NP (DT the) (NN brain)) (VP (VBZ has) (S (VP (TO to) (VP (VB work) (PP (IN with))))))))) (VP (VBP are) (NP (NP (JJ imperfect) (JJ incoming) (JJ electrical) (NNS impulses)) (VP (VBG announcing) (SBAR (IN that) (S (NP (NNS things)) (VP (VBP are) (VP (VBG happening)))))))) (. .)),38.0,87,Are electrical singals in our brain always correct?,Yes,No,0,13,Ġannouncing,1.0,0,1.0,True
14,All that the brain has to work with are imperfect incoming electrical impulses announcing that things are happening.,False,(S (NP (NP (DT All)) (SBAR (WHNP (IN that)) (S (NP (DT the) (NN brain)) (VP (VBZ has) (S (VP (TO to) (VP (VB work) (PP (IN with))))))))) (VP (VBP are) (NP (NP (JJ imperfect) (JJ incoming) (JJ electrical) (NNS impulses)) (VP (VBG announcing) (SBAR (IN that) (S (NP (NNS things)) (VP (VBP are) (VP (VBG happening)))))))) (. .)),38.0,87,Are electrical singals in our brain always correct?,Yes,No,0,14,Ġthat,1.0,0,1.0,True
14,All that the brain has to work with are imperfect incoming electrical impulses announcing that things are happening.,False,(S (NP (NP (DT All)) (SBAR (WHNP (IN that)) (S (NP (DT the) (NN brain)) (VP (VBZ has) (S (VP (TO to) (VP (VB work) (PP (IN with))))))))) (VP (VBP are) (NP (NP (JJ imperfect) (JJ incoming) (JJ electrical) (NNS impulses)) (VP (VBG announcing) (SBAR (IN that) (S (NP (NNS things)) (VP (VBP are) (VP (VBG happening)))))))) (. .)),38.0,87,Are electrical singals in our brain always correct?,Yes,No,0,15,Ġthings,1.0,0,1.0,True
14,All that the brain has to work with are imperfect incoming electrical impulses announcing that things are happening.,False,(S (NP (NP (DT All)) (SBAR (WHNP (IN that)) (S (NP (DT the) (NN brain)) (VP (VBZ has) (S (VP (TO to) (VP (VB work) (PP (IN with))))))))) (VP (VBP are) (NP (NP (JJ imperfect) (JJ incoming) (JJ electrical) (NNS impulses)) (VP (VBG announcing) (SBAR (IN that) (S (NP (NNS things)) (VP (VBP are) (VP (VBG happening)))))))) (. .)),38.0,87,Are electrical singals in our brain always correct?,Yes,No,0,16,Ġare,1.0,0,1.0,True
14,All that the brain has to work with are imperfect incoming electrical impulses announcing that things are happening.,False,(S (NP (NP (DT All)) (SBAR (WHNP (IN that)) (S (NP (DT the) (NN brain)) (VP (VBZ has) (S (VP (TO to) (VP (VB work) (PP (IN with))))))))) (VP (VBP are) (NP (NP (JJ imperfect) (JJ incoming) (JJ electrical) (NNS impulses)) (VP (VBG announcing) (SBAR (IN that) (S (NP (NNS things)) (VP (VBP are) (VP (VBG happening)))))))) (. .)),38.0,87,Are electrical singals in our brain always correct?,Yes,No,0,17,Ġhappening,1.0,0,1.0,True
14,All that the brain has to work with are imperfect incoming electrical impulses announcing that things are happening.,False,(S (NP (NP (DT All)) (SBAR (WHNP (IN that)) (S (NP (DT the) (NN brain)) (VP (VBZ has) (S (VP (TO to) (VP (VB work) (PP (IN with))))))))) (VP (VBP are) (NP (NP (JJ imperfect) (JJ incoming) (JJ electrical) (NNS impulses)) (VP (VBG announcing) (SBAR (IN that) (S (NP (NNS things)) (VP (VBP are) (VP (VBG happening)))))))) (. .)),38.0,87,Are electrical singals in our brain always correct?,Yes,No,0,18,.,1.0,0,1.0,True
15,There often seems to be more diving in soccer than in the Summer Olympics.,False,(S (NP (EX There)) (ADVP (RB often)) (VP (VBZ seems) (S (VP (TO to) (VP (VB be) (NP (NP (JJR more) (NN diving)) (PP (IN in) (NP (NN soccer))) (PP (IN than) (PP (IN in) (NP (DT the) (NNS Summer) (NNS Olympics))))))))) (. .)),42.0,88,Do people frequently dive in soccer?,Yes,No,1,0,There,1.0,0,1.0,True
15,There often seems to be more diving in soccer than in the Summer Olympics.,False,(S (NP (EX There)) (ADVP (RB often)) (VP (VBZ seems) (S (VP (TO to) (VP (VB be) (NP (NP (JJR more) (NN diving)) (PP (IN in) (NP (NN soccer))) (PP (IN than) (PP (IN in) (NP (DT the) (NNS Summer) (NNS Olympics))))))))) (. .)),42.0,88,Do people frequently dive in soccer?,Yes,No,1,1,Ġoften,1.0,0,1.0,True
15,There often seems to be more diving in soccer than in the Summer Olympics.,False,(S (NP (EX There)) (ADVP (RB often)) (VP (VBZ seems) (S (VP (TO to) (VP (VB be) (NP (NP (JJR more) (NN diving)) (PP (IN in) (NP (NN soccer))) (PP (IN than) (PP (IN in) (NP (DT the) (NNS Summer) (NNS Olympics))))))))) (. .)),42.0,88,Do people frequently dive in soccer?,Yes,No,1,2,Ġseems,1.0,0,1.0,True
15,There often seems to be more diving in soccer than in the Summer Olympics.,False,(S (NP (EX There)) (ADVP (RB often)) (VP (VBZ seems) (S (VP (TO to) (VP (VB be) (NP (NP (JJR more) (NN diving)) (PP (IN in) (NP (NN soccer))) (PP (IN than) (PP (IN in) (NP (DT the) (NNS Summer) (NNS Olympics))))))))) (. .)),42.0,88,Do people frequently dive in soccer?,Yes,No,1,3,Ġto,1.0,0,1.0,True
15,There often seems to be more diving in soccer than in the Summer Olympics.,False,(S (NP (EX There)) (ADVP (RB often)) (VP (VBZ seems) (S (VP (TO to) (VP (VB be) (NP (NP (JJR more) (NN diving)) (PP (IN in) (NP (NN soccer))) (PP (IN than) (PP (IN in) (NP (DT the) (NNS Summer) (NNS Olympics))))))))) (. .)),42.0,88,Do people frequently dive in soccer?,Yes,No,1,4,Ġbe,1.0,0,1.0,True
15,There often seems to be more diving in soccer than in the Summer Olympics.,False,(S (NP (EX There)) (ADVP (RB often)) (VP (VBZ seems) (S (VP (TO to) (VP (VB be) (NP (NP (JJR more) (NN diving)) (PP (IN in) (NP (NN soccer))) (PP (IN than) (PP (IN in) (NP (DT the) (NNS Summer) (NNS Olympics))))))))) (. .)),42.0,88,Do people frequently dive in soccer?,Yes,No,1,5,Ġmore,1.0,0,1.0,True
15,There often seems to be more diving in soccer than in the Summer Olympics.,False,(S (NP (EX There)) (ADVP (RB often)) (VP (VBZ seems) (S (VP (TO to) (VP (VB be) (NP (NP (JJR more) (NN diving)) (PP (IN in) (NP (NN soccer))) (PP (IN than) (PP (IN in) (NP (DT the) (NNS Summer) (NNS Olympics))))))))) (. .)),42.0,88,Do people frequently dive in soccer?,Yes,No,1,6,Ġdiving,1.0,0,1.0,True
15,There often seems to be more diving in soccer than in the Summer Olympics.,False,(S (NP (EX There)) (ADVP (RB often)) (VP (VBZ seems) (S (VP (TO to) (VP (VB be) (NP (NP (JJR more) (NN diving)) (PP (IN in) (NP (NN soccer))) (PP (IN than) (PP (IN in) (NP (DT the) (NNS Summer) (NNS Olympics))))))))) (. .)),42.0,88,Do people frequently dive in soccer?,Yes,No,1,7,Ġin,1.0,0,1.0,True
15,There often seems to be more diving in soccer than in the Summer Olympics.,False,(S (NP (EX There)) (ADVP (RB often)) (VP (VBZ seems) (S (VP (TO to) (VP (VB be) (NP (NP (JJR more) (NN diving)) (PP (IN in) (NP (NN soccer))) (PP (IN than) (PP (IN in) (NP (DT the) (NNS Summer) (NNS Olympics))))))))) (. .)),42.0,88,Do people frequently dive in soccer?,Yes,No,1,8,Ġsoccer,1.0,0,1.0,True
15,There often seems to be more diving in soccer than in the Summer Olympics.,False,(S (NP (EX There)) (ADVP (RB often)) (VP (VBZ seems) (S (VP (TO to) (VP (VB be) (NP (NP (JJR more) (NN diving)) (PP (IN in) (NP (NN soccer))) (PP (IN than) (PP (IN in) (NP (DT the) (NNS Summer) (NNS Olympics))))))))) (. .)),42.0,88,Do people frequently dive in soccer?,Yes,No,1,9,Ġthan,1.0,0,1.0,True
15,There often seems to be more diving in soccer than in the Summer Olympics.,False,(S (NP (EX There)) (ADVP (RB often)) (VP (VBZ seems) (S (VP (TO to) (VP (VB be) (NP (NP (JJR more) (NN diving)) (PP (IN in) (NP (NN soccer))) (PP (IN than) (PP (IN in) (NP (DT the) (NNS Summer) (NNS Olympics))))))))) (. .)),42.0,88,Do people frequently dive in soccer?,Yes,No,1,10,Ġin,1.0,0,1.0,True
15,There often seems to be more diving in soccer than in the Summer Olympics.,False,(S (NP (EX There)) (ADVP (RB often)) (VP (VBZ seems) (S (VP (TO to) (VP (VB be) (NP (NP (JJR more) (NN diving)) (PP (IN in) (NP (NN soccer))) (PP (IN than) (PP (IN in) (NP (DT the) (NNS Summer) (NNS Olympics))))))))) (. .)),42.0,88,Do people frequently dive in soccer?,Yes,No,1,11,Ġthe,1.0,0,1.0,True
15,There often seems to be more diving in soccer than in the Summer Olympics.,False,(S (NP (EX There)) (ADVP (RB often)) (VP (VBZ seems) (S (VP (TO to) (VP (VB be) (NP (NP (JJR more) (NN diving)) (PP (IN in) (NP (NN soccer))) (PP (IN than) (PP (IN in) (NP (DT the) (NNS Summer) (NNS Olympics))))))))) (. .)),42.0,88,Do people frequently dive in soccer?,Yes,No,1,12,ĠSummer,1.0,0,1.0,True
15,There often seems to be more diving in soccer than in the Summer Olympics.,False,(S (NP (EX There)) (ADVP (RB often)) (VP (VBZ seems) (S (VP (TO to) (VP (VB be) (NP (NP (JJR more) (NN diving)) (PP (IN in) (NP (NN soccer))) (PP (IN than) (PP (IN in) (NP (DT the) (NNS Summer) (NNS Olympics))))))))) (. .)),42.0,88,Do people frequently dive in soccer?,Yes,No,1,13,ĠOlympics,1.0,0,1.0,True
15,There often seems to be more diving in soccer than in the Summer Olympics.,False,(S (NP (EX There)) (ADVP (RB often)) (VP (VBZ seems) (S (VP (TO to) (VP (VB be) (NP (NP (JJR more) (NN diving)) (PP (IN in) (NP (NN soccer))) (PP (IN than) (PP (IN in) (NP (DT the) (NNS Summer) (NNS Olympics))))))))) (. .)),42.0,88,Do people frequently dive in soccer?,Yes,No,1,14,.,1.0,0,1.0,True
16,Susan B. Anthony spent nearly sixty years of her life devoted to the cause of social justice and equality for all.,False,(S (NP (NNP Susan) (NNP B.) (NNP Anthony)) (VP (VBD spent) (NP (NP (QP (RB nearly) (CD sixty)) (NNS years)) (PP (IN of) (NP (PRP$ her) (NN life)))) (ADJP (VBN devoted) (PP (TO to) (NP (NP (DT the) (NN cause)) (PP (IN of) (NP (NP (JJ social) (NN justice)) (CC and) (NP (NP (NN equality)) (PP (IN for) (NP (DT all)))))))))) (. .)),45.0,89,How would one describe Susan?,Philanthropic,Selfish,1,0,Susan,1.0,0,1.0,True
16,Susan B. Anthony spent nearly sixty years of her life devoted to the cause of social justice and equality for all.,False,(S (NP (NNP Susan) (NNP B.) (NNP Anthony)) (VP (VBD spent) (NP (NP (QP (RB nearly) (CD sixty)) (NNS years)) (PP (IN of) (NP (PRP$ her) (NN life)))) (ADJP (VBN devoted) (PP (TO to) (NP (NP (DT the) (NN cause)) (PP (IN of) (NP (NP (JJ social) (NN justice)) (CC and) (NP (NP (NN equality)) (PP (IN for) (NP (DT all)))))))))) (. .)),45.0,89,How would one describe Susan?,Philanthropic,Selfish,1,1,ĠB,1.0,0,1.0,True
16,Susan B. Anthony spent nearly sixty years of her life devoted to the cause of social justice and equality for all.,False,(S (NP (NNP Susan) (NNP B.) (NNP Anthony)) (VP (VBD spent) (NP (NP (QP (RB nearly) (CD sixty)) (NNS years)) (PP (IN of) (NP (PRP$ her) (NN life)))) (ADJP (VBN devoted) (PP (TO to) (NP (NP (DT the) (NN cause)) (PP (IN of) (NP (NP (JJ social) (NN justice)) (CC and) (NP (NP (NN equality)) (PP (IN for) (NP (DT all)))))))))) (. .)),45.0,89,How would one describe Susan?,Philanthropic,Selfish,1,2,.,1.0,0,1.0,True
16,Susan B. Anthony spent nearly sixty years of her life devoted to the cause of social justice and equality for all.,False,(S (NP (NNP Susan) (NNP B.) (NNP Anthony)) (VP (VBD spent) (NP (NP (QP (RB nearly) (CD sixty)) (NNS years)) (PP (IN of) (NP (PRP$ her) (NN life)))) (ADJP (VBN devoted) (PP (TO to) (NP (NP (DT the) (NN cause)) (PP (IN of) (NP (NP (JJ social) (NN justice)) (CC and) (NP (NP (NN equality)) (PP (IN for) (NP (DT all)))))))))) (. .)),45.0,89,How would one describe Susan?,Philanthropic,Selfish,1,3,ĠAnthony,1.0,0,1.0,True
16,Susan B. Anthony spent nearly sixty years of her life devoted to the cause of social justice and equality for all.,False,(S (NP (NNP Susan) (NNP B.) (NNP Anthony)) (VP (VBD spent) (NP (NP (QP (RB nearly) (CD sixty)) (NNS years)) (PP (IN of) (NP (PRP$ her) (NN life)))) (ADJP (VBN devoted) (PP (TO to) (NP (NP (DT the) (NN cause)) (PP (IN of) (NP (NP (JJ social) (NN justice)) (CC and) (NP (NP (NN equality)) (PP (IN for) (NP (DT all)))))))))) (. .)),45.0,89,How would one describe Susan?,Philanthropic,Selfish,1,4,Ġspent,1.0,0,1.0,True
16,Susan B. Anthony spent nearly sixty years of her life devoted to the cause of social justice and equality for all.,False,(S (NP (NNP Susan) (NNP B.) (NNP Anthony)) (VP (VBD spent) (NP (NP (QP (RB nearly) (CD sixty)) (NNS years)) (PP (IN of) (NP (PRP$ her) (NN life)))) (ADJP (VBN devoted) (PP (TO to) (NP (NP (DT the) (NN cause)) (PP (IN of) (NP (NP (JJ social) (NN justice)) (CC and) (NP (NP (NN equality)) (PP (IN for) (NP (DT all)))))))))) (. .)),45.0,89,How would one describe Susan?,Philanthropic,Selfish,1,5,Ġnearly,1.0,0,1.0,True
16,Susan B. Anthony spent nearly sixty years of her life devoted to the cause of social justice and equality for all.,False,(S (NP (NNP Susan) (NNP B.) (NNP Anthony)) (VP (VBD spent) (NP (NP (QP (RB nearly) (CD sixty)) (NNS years)) (PP (IN of) (NP (PRP$ her) (NN life)))) (ADJP (VBN devoted) (PP (TO to) (NP (NP (DT the) (NN cause)) (PP (IN of) (NP (NP (JJ social) (NN justice)) (CC and) (NP (NP (NN equality)) (PP (IN for) (NP (DT all)))))))))) (. .)),45.0,89,How would one describe Susan?,Philanthropic,Selfish,1,6,Ġsixty,1.0,0,1.0,True
16,Susan B. Anthony spent nearly sixty years of her life devoted to the cause of social justice and equality for all.,False,(S (NP (NNP Susan) (NNP B.) (NNP Anthony)) (VP (VBD spent) (NP (NP (QP (RB nearly) (CD sixty)) (NNS years)) (PP (IN of) (NP (PRP$ her) (NN life)))) (ADJP (VBN devoted) (PP (TO to) (NP (NP (DT the) (NN cause)) (PP (IN of) (NP (NP (JJ social) (NN justice)) (CC and) (NP (NP (NN equality)) (PP (IN for) (NP (DT all)))))))))) (. .)),45.0,89,How would one describe Susan?,Philanthropic,Selfish,1,7,Ġyears,1.0,0,1.0,True
16,Susan B. Anthony spent nearly sixty years of her life devoted to the cause of social justice and equality for all.,False,(S (NP (NNP Susan) (NNP B.) (NNP Anthony)) (VP (VBD spent) (NP (NP (QP (RB nearly) (CD sixty)) (NNS years)) (PP (IN of) (NP (PRP$ her) (NN life)))) (ADJP (VBN devoted) (PP (TO to) (NP (NP (DT the) (NN cause)) (PP (IN of) (NP (NP (JJ social) (NN justice)) (CC and) (NP (NP (NN equality)) (PP (IN for) (NP (DT all)))))))))) (. .)),45.0,89,How would one describe Susan?,Philanthropic,Selfish,1,8,Ġof,1.0,0,1.0,True
16,Susan B. Anthony spent nearly sixty years of her life devoted to the cause of social justice and equality for all.,False,(S (NP (NNP Susan) (NNP B.) (NNP Anthony)) (VP (VBD spent) (NP (NP (QP (RB nearly) (CD sixty)) (NNS years)) (PP (IN of) (NP (PRP$ her) (NN life)))) (ADJP (VBN devoted) (PP (TO to) (NP (NP (DT the) (NN cause)) (PP (IN of) (NP (NP (JJ social) (NN justice)) (CC and) (NP (NP (NN equality)) (PP (IN for) (NP (DT all)))))))))) (. .)),45.0,89,How would one describe Susan?,Philanthropic,Selfish,1,9,Ġher,1.0,0,1.0,True
16,Susan B. Anthony spent nearly sixty years of her life devoted to the cause of social justice and equality for all.,False,(S (NP (NNP Susan) (NNP B.) (NNP Anthony)) (VP (VBD spent) (NP (NP (QP (RB nearly) (CD sixty)) (NNS years)) (PP (IN of) (NP (PRP$ her) (NN life)))) (ADJP (VBN devoted) (PP (TO to) (NP (NP (DT the) (NN cause)) (PP (IN of) (NP (NP (JJ social) (NN justice)) (CC and) (NP (NP (NN equality)) (PP (IN for) (NP (DT all)))))))))) (. .)),45.0,89,How would one describe Susan?,Philanthropic,Selfish,1,10,Ġlife,1.0,0,1.0,True
16,Susan B. Anthony spent nearly sixty years of her life devoted to the cause of social justice and equality for all.,False,(S (NP (NNP Susan) (NNP B.) (NNP Anthony)) (VP (VBD spent) (NP (NP (QP (RB nearly) (CD sixty)) (NNS years)) (PP (IN of) (NP (PRP$ her) (NN life)))) (ADJP (VBN devoted) (PP (TO to) (NP (NP (DT the) (NN cause)) (PP (IN of) (NP (NP (JJ social) (NN justice)) (CC and) (NP (NP (NN equality)) (PP (IN for) (NP (DT all)))))))))) (. .)),45.0,89,How would one describe Susan?,Philanthropic,Selfish,1,11,Ġdevoted,1.0,0,1.0,True
16,Susan B. Anthony spent nearly sixty years of her life devoted to the cause of social justice and equality for all.,False,(S (NP (NNP Susan) (NNP B.) (NNP Anthony)) (VP (VBD spent) (NP (NP (QP (RB nearly) (CD sixty)) (NNS years)) (PP (IN of) (NP (PRP$ her) (NN life)))) (ADJP (VBN devoted) (PP (TO to) (NP (NP (DT the) (NN cause)) (PP (IN of) (NP (NP (JJ social) (NN justice)) (CC and) (NP (NP (NN equality)) (PP (IN for) (NP (DT all)))))))))) (. .)),45.0,89,How would one describe Susan?,Philanthropic,Selfish,1,12,Ġto,1.0,0,1.0,True
16,Susan B. Anthony spent nearly sixty years of her life devoted to the cause of social justice and equality for all.,False,(S (NP (NNP Susan) (NNP B.) (NNP Anthony)) (VP (VBD spent) (NP (NP (QP (RB nearly) (CD sixty)) (NNS years)) (PP (IN of) (NP (PRP$ her) (NN life)))) (ADJP (VBN devoted) (PP (TO to) (NP (NP (DT the) (NN cause)) (PP (IN of) (NP (NP (JJ social) (NN justice)) (CC and) (NP (NP (NN equality)) (PP (IN for) (NP (DT all)))))))))) (. .)),45.0,89,How would one describe Susan?,Philanthropic,Selfish,1,13,Ġthe,1.0,0,1.0,True
16,Susan B. Anthony spent nearly sixty years of her life devoted to the cause of social justice and equality for all.,False,(S (NP (NNP Susan) (NNP B.) (NNP Anthony)) (VP (VBD spent) (NP (NP (QP (RB nearly) (CD sixty)) (NNS years)) (PP (IN of) (NP (PRP$ her) (NN life)))) (ADJP (VBN devoted) (PP (TO to) (NP (NP (DT the) (NN cause)) (PP (IN of) (NP (NP (JJ social) (NN justice)) (CC and) (NP (NP (NN equality)) (PP (IN for) (NP (DT all)))))))))) (. .)),45.0,89,How would one describe Susan?,Philanthropic,Selfish,1,14,Ġcause,1.0,0,1.0,True
16,Susan B. Anthony spent nearly sixty years of her life devoted to the cause of social justice and equality for all.,False,(S (NP (NNP Susan) (NNP B.) (NNP Anthony)) (VP (VBD spent) (NP (NP (QP (RB nearly) (CD sixty)) (NNS years)) (PP (IN of) (NP (PRP$ her) (NN life)))) (ADJP (VBN devoted) (PP (TO to) (NP (NP (DT the) (NN cause)) (PP (IN of) (NP (NP (JJ social) (NN justice)) (CC and) (NP (NP (NN equality)) (PP (IN for) (NP (DT all)))))))))) (. .)),45.0,89,How would one describe Susan?,Philanthropic,Selfish,1,15,Ġof,1.0,0,1.0,True
16,Susan B. Anthony spent nearly sixty years of her life devoted to the cause of social justice and equality for all.,False,(S (NP (NNP Susan) (NNP B.) (NNP Anthony)) (VP (VBD spent) (NP (NP (QP (RB nearly) (CD sixty)) (NNS years)) (PP (IN of) (NP (PRP$ her) (NN life)))) (ADJP (VBN devoted) (PP (TO to) (NP (NP (DT the) (NN cause)) (PP (IN of) (NP (NP (JJ social) (NN justice)) (CC and) (NP (NP (NN equality)) (PP (IN for) (NP (DT all)))))))))) (. .)),45.0,89,How would one describe Susan?,Philanthropic,Selfish,1,16,Ġsocial,1.0,0,1.0,True
16,Susan B. Anthony spent nearly sixty years of her life devoted to the cause of social justice and equality for all.,False,(S (NP (NNP Susan) (NNP B.) (NNP Anthony)) (VP (VBD spent) (NP (NP (QP (RB nearly) (CD sixty)) (NNS years)) (PP (IN of) (NP (PRP$ her) (NN life)))) (ADJP (VBN devoted) (PP (TO to) (NP (NP (DT the) (NN cause)) (PP (IN of) (NP (NP (JJ social) (NN justice)) (CC and) (NP (NP (NN equality)) (PP (IN for) (NP (DT all)))))))))) (. .)),45.0,89,How would one describe Susan?,Philanthropic,Selfish,1,17,Ġjustice,1.0,0,1.0,True
16,Susan B. Anthony spent nearly sixty years of her life devoted to the cause of social justice and equality for all.,False,(S (NP (NNP Susan) (NNP B.) (NNP Anthony)) (VP (VBD spent) (NP (NP (QP (RB nearly) (CD sixty)) (NNS years)) (PP (IN of) (NP (PRP$ her) (NN life)))) (ADJP (VBN devoted) (PP (TO to) (NP (NP (DT the) (NN cause)) (PP (IN of) (NP (NP (JJ social) (NN justice)) (CC and) (NP (NP (NN equality)) (PP (IN for) (NP (DT all)))))))))) (. .)),45.0,89,How would one describe Susan?,Philanthropic,Selfish,1,18,Ġand,1.0,0,1.0,True
16,Susan B. Anthony spent nearly sixty years of her life devoted to the cause of social justice and equality for all.,False,(S (NP (NNP Susan) (NNP B.) (NNP Anthony)) (VP (VBD spent) (NP (NP (QP (RB nearly) (CD sixty)) (NNS years)) (PP (IN of) (NP (PRP$ her) (NN life)))) (ADJP (VBN devoted) (PP (TO to) (NP (NP (DT the) (NN cause)) (PP (IN of) (NP (NP (JJ social) (NN justice)) (CC and) (NP (NP (NN equality)) (PP (IN for) (NP (DT all)))))))))) (. .)),45.0,89,How would one describe Susan?,Philanthropic,Selfish,1,19,Ġequality,1.0,0,1.0,True
16,Susan B. Anthony spent nearly sixty years of her life devoted to the cause of social justice and equality for all.,False,(S (NP (NNP Susan) (NNP B.) (NNP Anthony)) (VP (VBD spent) (NP (NP (QP (RB nearly) (CD sixty)) (NNS years)) (PP (IN of) (NP (PRP$ her) (NN life)))) (ADJP (VBN devoted) (PP (TO to) (NP (NP (DT the) (NN cause)) (PP (IN of) (NP (NP (JJ social) (NN justice)) (CC and) (NP (NP (NN equality)) (PP (IN for) (NP (DT all)))))))))) (. .)),45.0,89,How would one describe Susan?,Philanthropic,Selfish,1,20,Ġfor,1.0,0,1.0,True
16,Susan B. Anthony spent nearly sixty years of her life devoted to the cause of social justice and equality for all.,False,(S (NP (NNP Susan) (NNP B.) (NNP Anthony)) (VP (VBD spent) (NP (NP (QP (RB nearly) (CD sixty)) (NNS years)) (PP (IN of) (NP (PRP$ her) (NN life)))) (ADJP (VBN devoted) (PP (TO to) (NP (NP (DT the) (NN cause)) (PP (IN of) (NP (NP (JJ social) (NN justice)) (CC and) (NP (NP (NN equality)) (PP (IN for) (NP (DT all)))))))))) (. .)),45.0,89,How would one describe Susan?,Philanthropic,Selfish,1,21,Ġall,1.0,0,1.0,True
16,Susan B. Anthony spent nearly sixty years of her life devoted to the cause of social justice and equality for all.,False,(S (NP (NNP Susan) (NNP B.) (NNP Anthony)) (VP (VBD spent) (NP (NP (QP (RB nearly) (CD sixty)) (NNS years)) (PP (IN of) (NP (PRP$ her) (NN life)))) (ADJP (VBN devoted) (PP (TO to) (NP (NP (DT the) (NN cause)) (PP (IN of) (NP (NP (JJ social) (NN justice)) (CC and) (NP (NP (NN equality)) (PP (IN for) (NP (DT all)))))))))) (. .)),45.0,89,How would one describe Susan?,Philanthropic,Selfish,1,22,.,1.0,0,1.0,True
17,"Unfortunately, for every six water bottles we use, only one makes it to the recycling bin.",False,"(S (ADVP (RB Unfortunately)) (, ,) (PP (IN for) (NP (NP (DT every) (CD six) (NN water) (NNS bottles)) (SBAR (S (NP (PRP we)) (VP (VBP use)))))) (, ,) (NP (RB only) (CD one)) (VP (VBZ makes) (NP (PRP it)) (PP (TO to) (NP (DT the) (NN recycling) (NN bin)))) (. .))",47.0,90,What is the average recycling rate?,Six out of one hundred,One out of six,0,0,Unfortunately,1.0,0,1.0,True
17,"Unfortunately, for every six water bottles we use, only one makes it to the recycling bin.",False,"(S (ADVP (RB Unfortunately)) (, ,) (PP (IN for) (NP (NP (DT every) (CD six) (NN water) (NNS bottles)) (SBAR (S (NP (PRP we)) (VP (VBP use)))))) (, ,) (NP (RB only) (CD one)) (VP (VBZ makes) (NP (PRP it)) (PP (TO to) (NP (DT the) (NN recycling) (NN bin)))) (. .))",47.0,90,What is the average recycling rate?,Six out of one hundred,One out of six,0,1,",",1.0,0,1.0,True
17,"Unfortunately, for every six water bottles we use, only one makes it to the recycling bin.",False,"(S (ADVP (RB Unfortunately)) (, ,) (PP (IN for) (NP (NP (DT every) (CD six) (NN water) (NNS bottles)) (SBAR (S (NP (PRP we)) (VP (VBP use)))))) (, ,) (NP (RB only) (CD one)) (VP (VBZ makes) (NP (PRP it)) (PP (TO to) (NP (DT the) (NN recycling) (NN bin)))) (. .))",47.0,90,What is the average recycling rate?,Six out of one hundred,One out of six,0,2,Ġfor,1.0,0,1.0,True
17,"Unfortunately, for every six water bottles we use, only one makes it to the recycling bin.",False,"(S (ADVP (RB Unfortunately)) (, ,) (PP (IN for) (NP (NP (DT every) (CD six) (NN water) (NNS bottles)) (SBAR (S (NP (PRP we)) (VP (VBP use)))))) (, ,) (NP (RB only) (CD one)) (VP (VBZ makes) (NP (PRP it)) (PP (TO to) (NP (DT the) (NN recycling) (NN bin)))) (. .))",47.0,90,What is the average recycling rate?,Six out of one hundred,One out of six,0,3,Ġevery,1.0,0,1.0,True
17,"Unfortunately, for every six water bottles we use, only one makes it to the recycling bin.",False,"(S (ADVP (RB Unfortunately)) (, ,) (PP (IN for) (NP (NP (DT every) (CD six) (NN water) (NNS bottles)) (SBAR (S (NP (PRP we)) (VP (VBP use)))))) (, ,) (NP (RB only) (CD one)) (VP (VBZ makes) (NP (PRP it)) (PP (TO to) (NP (DT the) (NN recycling) (NN bin)))) (. .))",47.0,90,What is the average recycling rate?,Six out of one hundred,One out of six,0,4,Ġsix,1.0,0,1.0,True
17,"Unfortunately, for every six water bottles we use, only one makes it to the recycling bin.",False,"(S (ADVP (RB Unfortunately)) (, ,) (PP (IN for) (NP (NP (DT every) (CD six) (NN water) (NNS bottles)) (SBAR (S (NP (PRP we)) (VP (VBP use)))))) (, ,) (NP (RB only) (CD one)) (VP (VBZ makes) (NP (PRP it)) (PP (TO to) (NP (DT the) (NN recycling) (NN bin)))) (. .))",47.0,90,What is the average recycling rate?,Six out of one hundred,One out of six,0,5,Ġwater,1.0,0,1.0,True
17,"Unfortunately, for every six water bottles we use, only one makes it to the recycling bin.",False,"(S (ADVP (RB Unfortunately)) (, ,) (PP (IN for) (NP (NP (DT every) (CD six) (NN water) (NNS bottles)) (SBAR (S (NP (PRP we)) (VP (VBP use)))))) (, ,) (NP (RB only) (CD one)) (VP (VBZ makes) (NP (PRP it)) (PP (TO to) (NP (DT the) (NN recycling) (NN bin)))) (. .))",47.0,90,What is the average recycling rate?,Six out of one hundred,One out of six,0,6,Ġbottles,1.0,0,1.0,True
17,"Unfortunately, for every six water bottles we use, only one makes it to the recycling bin.",False,"(S (ADVP (RB Unfortunately)) (, ,) (PP (IN for) (NP (NP (DT every) (CD six) (NN water) (NNS bottles)) (SBAR (S (NP (PRP we)) (VP (VBP use)))))) (, ,) (NP (RB only) (CD one)) (VP (VBZ makes) (NP (PRP it)) (PP (TO to) (NP (DT the) (NN recycling) (NN bin)))) (. .))",47.0,90,What is the average recycling rate?,Six out of one hundred,One out of six,0,7,Ġwe,1.0,0,1.0,True
17,"Unfortunately, for every six water bottles we use, only one makes it to the recycling bin.",False,"(S (ADVP (RB Unfortunately)) (, ,) (PP (IN for) (NP (NP (DT every) (CD six) (NN water) (NNS bottles)) (SBAR (S (NP (PRP we)) (VP (VBP use)))))) (, ,) (NP (RB only) (CD one)) (VP (VBZ makes) (NP (PRP it)) (PP (TO to) (NP (DT the) (NN recycling) (NN bin)))) (. .))",47.0,90,What is the average recycling rate?,Six out of one hundred,One out of six,0,8,Ġuse,1.0,0,1.0,True
17,"Unfortunately, for every six water bottles we use, only one makes it to the recycling bin.",False,"(S (ADVP (RB Unfortunately)) (, ,) (PP (IN for) (NP (NP (DT every) (CD six) (NN water) (NNS bottles)) (SBAR (S (NP (PRP we)) (VP (VBP use)))))) (, ,) (NP (RB only) (CD one)) (VP (VBZ makes) (NP (PRP it)) (PP (TO to) (NP (DT the) (NN recycling) (NN bin)))) (. .))",47.0,90,What is the average recycling rate?,Six out of one hundred,One out of six,0,9,",",1.0,0,1.0,True
17,"Unfortunately, for every six water bottles we use, only one makes it to the recycling bin.",False,"(S (ADVP (RB Unfortunately)) (, ,) (PP (IN for) (NP (NP (DT every) (CD six) (NN water) (NNS bottles)) (SBAR (S (NP (PRP we)) (VP (VBP use)))))) (, ,) (NP (RB only) (CD one)) (VP (VBZ makes) (NP (PRP it)) (PP (TO to) (NP (DT the) (NN recycling) (NN bin)))) (. .))",47.0,90,What is the average recycling rate?,Six out of one hundred,One out of six,0,10,Ġonly,1.0,0,1.0,True
17,"Unfortunately, for every six water bottles we use, only one makes it to the recycling bin.",False,"(S (ADVP (RB Unfortunately)) (, ,) (PP (IN for) (NP (NP (DT every) (CD six) (NN water) (NNS bottles)) (SBAR (S (NP (PRP we)) (VP (VBP use)))))) (, ,) (NP (RB only) (CD one)) (VP (VBZ makes) (NP (PRP it)) (PP (TO to) (NP (DT the) (NN recycling) (NN bin)))) (. .))",47.0,90,What is the average recycling rate?,Six out of one hundred,One out of six,0,11,Ġone,1.0,0,1.0,True
17,"Unfortunately, for every six water bottles we use, only one makes it to the recycling bin.",False,"(S (ADVP (RB Unfortunately)) (, ,) (PP (IN for) (NP (NP (DT every) (CD six) (NN water) (NNS bottles)) (SBAR (S (NP (PRP we)) (VP (VBP use)))))) (, ,) (NP (RB only) (CD one)) (VP (VBZ makes) (NP (PRP it)) (PP (TO to) (NP (DT the) (NN recycling) (NN bin)))) (. .))",47.0,90,What is the average recycling rate?,Six out of one hundred,One out of six,0,12,Ġmakes,1.0,0,1.0,True
17,"Unfortunately, for every six water bottles we use, only one makes it to the recycling bin.",False,"(S (ADVP (RB Unfortunately)) (, ,) (PP (IN for) (NP (NP (DT every) (CD six) (NN water) (NNS bottles)) (SBAR (S (NP (PRP we)) (VP (VBP use)))))) (, ,) (NP (RB only) (CD one)) (VP (VBZ makes) (NP (PRP it)) (PP (TO to) (NP (DT the) (NN recycling) (NN bin)))) (. .))",47.0,90,What is the average recycling rate?,Six out of one hundred,One out of six,0,13,Ġit,1.0,0,1.0,True
17,"Unfortunately, for every six water bottles we use, only one makes it to the recycling bin.",False,"(S (ADVP (RB Unfortunately)) (, ,) (PP (IN for) (NP (NP (DT every) (CD six) (NN water) (NNS bottles)) (SBAR (S (NP (PRP we)) (VP (VBP use)))))) (, ,) (NP (RB only) (CD one)) (VP (VBZ makes) (NP (PRP it)) (PP (TO to) (NP (DT the) (NN recycling) (NN bin)))) (. .))",47.0,90,What is the average recycling rate?,Six out of one hundred,One out of six,0,14,Ġto,1.0,0,1.0,True
17,"Unfortunately, for every six water bottles we use, only one makes it to the recycling bin.",False,"(S (ADVP (RB Unfortunately)) (, ,) (PP (IN for) (NP (NP (DT every) (CD six) (NN water) (NNS bottles)) (SBAR (S (NP (PRP we)) (VP (VBP use)))))) (, ,) (NP (RB only) (CD one)) (VP (VBZ makes) (NP (PRP it)) (PP (TO to) (NP (DT the) (NN recycling) (NN bin)))) (. .))",47.0,90,What is the average recycling rate?,Six out of one hundred,One out of six,0,15,Ġthe,1.0,0,1.0,True
17,"Unfortunately, for every six water bottles we use, only one makes it to the recycling bin.",False,"(S (ADVP (RB Unfortunately)) (, ,) (PP (IN for) (NP (NP (DT every) (CD six) (NN water) (NNS bottles)) (SBAR (S (NP (PRP we)) (VP (VBP use)))))) (, ,) (NP (RB only) (CD one)) (VP (VBZ makes) (NP (PRP it)) (PP (TO to) (NP (DT the) (NN recycling) (NN bin)))) (. .))",47.0,90,What is the average recycling rate?,Six out of one hundred,One out of six,0,16,Ġrecycling,1.0,0,1.0,True
17,"Unfortunately, for every six water bottles we use, only one makes it to the recycling bin.",False,"(S (ADVP (RB Unfortunately)) (, ,) (PP (IN for) (NP (NP (DT every) (CD six) (NN water) (NNS bottles)) (SBAR (S (NP (PRP we)) (VP (VBP use)))))) (, ,) (NP (RB only) (CD one)) (VP (VBZ makes) (NP (PRP it)) (PP (TO to) (NP (DT the) (NN recycling) (NN bin)))) (. .))",47.0,90,What is the average recycling rate?,Six out of one hundred,One out of six,0,17,Ġbin,1.0,0,1.0,True
17,"Unfortunately, for every six water bottles we use, only one makes it to the recycling bin.",False,"(S (ADVP (RB Unfortunately)) (, ,) (PP (IN for) (NP (NP (DT every) (CD six) (NN water) (NNS bottles)) (SBAR (S (NP (PRP we)) (VP (VBP use)))))) (, ,) (NP (RB only) (CD one)) (VP (VBZ makes) (NP (PRP it)) (PP (TO to) (NP (DT the) (NN recycling) (NN bin)))) (. .))",47.0,90,What is the average recycling rate?,Six out of one hundred,One out of six,0,18,.,1.0,0,1.0,True
18,"As in the United States, Colombian legislation requires travelers entering the country to declare cash in excess of ten thousand dollars.",False,"(S (PP (IN As) (PP (IN in) (NP (DT the) (NNP United) (NNPS States)))) (, ,) (NP (JJ Colombian) (NN legislation)) (VP (VBZ requires) (S (NP (NP (NNS travelers)) (VP (VBG entering) (NP (DT the) (NN country)))) (VP (TO to) (VP (VB declare) (NP (NP (NN cash)) (PP (IN in) (NP (NP (NN excess)) (PP (IN of) (NP (QP (CD ten) (CD thousand)) (NNS dollars)))))))))) (. .))",48.0,91,"As you enter Colombia, do you need to declare cash in excess of fifteen thousand dollars?",Yes,No,1,0,As,1.0,0,1.0,True
18,"As in the United States, Colombian legislation requires travelers entering the country to declare cash in excess of ten thousand dollars.",False,"(S (PP (IN As) (PP (IN in) (NP (DT the) (NNP United) (NNPS States)))) (, ,) (NP (JJ Colombian) (NN legislation)) (VP (VBZ requires) (S (NP (NP (NNS travelers)) (VP (VBG entering) (NP (DT the) (NN country)))) (VP (TO to) (VP (VB declare) (NP (NP (NN cash)) (PP (IN in) (NP (NP (NN excess)) (PP (IN of) (NP (QP (CD ten) (CD thousand)) (NNS dollars)))))))))) (. .))",48.0,91,"As you enter Colombia, do you need to declare cash in excess of fifteen thousand dollars?",Yes,No,1,1,Ġin,1.0,0,1.0,True
18,"As in the United States, Colombian legislation requires travelers entering the country to declare cash in excess of ten thousand dollars.",False,"(S (PP (IN As) (PP (IN in) (NP (DT the) (NNP United) (NNPS States)))) (, ,) (NP (JJ Colombian) (NN legislation)) (VP (VBZ requires) (S (NP (NP (NNS travelers)) (VP (VBG entering) (NP (DT the) (NN country)))) (VP (TO to) (VP (VB declare) (NP (NP (NN cash)) (PP (IN in) (NP (NP (NN excess)) (PP (IN of) (NP (QP (CD ten) (CD thousand)) (NNS dollars)))))))))) (. .))",48.0,91,"As you enter Colombia, do you need to declare cash in excess of fifteen thousand dollars?",Yes,No,1,2,Ġthe,1.0,0,1.0,True
18,"As in the United States, Colombian legislation requires travelers entering the country to declare cash in excess of ten thousand dollars.",False,"(S (PP (IN As) (PP (IN in) (NP (DT the) (NNP United) (NNPS States)))) (, ,) (NP (JJ Colombian) (NN legislation)) (VP (VBZ requires) (S (NP (NP (NNS travelers)) (VP (VBG entering) (NP (DT the) (NN country)))) (VP (TO to) (VP (VB declare) (NP (NP (NN cash)) (PP (IN in) (NP (NP (NN excess)) (PP (IN of) (NP (QP (CD ten) (CD thousand)) (NNS dollars)))))))))) (. .))",48.0,91,"As you enter Colombia, do you need to declare cash in excess of fifteen thousand dollars?",Yes,No,1,3,ĠUnited,1.0,0,1.0,True
18,"As in the United States, Colombian legislation requires travelers entering the country to declare cash in excess of ten thousand dollars.",False,"(S (PP (IN As) (PP (IN in) (NP (DT the) (NNP United) (NNPS States)))) (, ,) (NP (JJ Colombian) (NN legislation)) (VP (VBZ requires) (S (NP (NP (NNS travelers)) (VP (VBG entering) (NP (DT the) (NN country)))) (VP (TO to) (VP (VB declare) (NP (NP (NN cash)) (PP (IN in) (NP (NP (NN excess)) (PP (IN of) (NP (QP (CD ten) (CD thousand)) (NNS dollars)))))))))) (. .))",48.0,91,"As you enter Colombia, do you need to declare cash in excess of fifteen thousand dollars?",Yes,No,1,4,ĠStates,1.0,0,1.0,True
18,"As in the United States, Colombian legislation requires travelers entering the country to declare cash in excess of ten thousand dollars.",False,"(S (PP (IN As) (PP (IN in) (NP (DT the) (NNP United) (NNPS States)))) (, ,) (NP (JJ Colombian) (NN legislation)) (VP (VBZ requires) (S (NP (NP (NNS travelers)) (VP (VBG entering) (NP (DT the) (NN country)))) (VP (TO to) (VP (VB declare) (NP (NP (NN cash)) (PP (IN in) (NP (NP (NN excess)) (PP (IN of) (NP (QP (CD ten) (CD thousand)) (NNS dollars)))))))))) (. .))",48.0,91,"As you enter Colombia, do you need to declare cash in excess of fifteen thousand dollars?",Yes,No,1,5,",",1.0,0,1.0,True
18,"As in the United States, Colombian legislation requires travelers entering the country to declare cash in excess of ten thousand dollars.",False,"(S (PP (IN As) (PP (IN in) (NP (DT the) (NNP United) (NNPS States)))) (, ,) (NP (JJ Colombian) (NN legislation)) (VP (VBZ requires) (S (NP (NP (NNS travelers)) (VP (VBG entering) (NP (DT the) (NN country)))) (VP (TO to) (VP (VB declare) (NP (NP (NN cash)) (PP (IN in) (NP (NP (NN excess)) (PP (IN of) (NP (QP (CD ten) (CD thousand)) (NNS dollars)))))))))) (. .))",48.0,91,"As you enter Colombia, do you need to declare cash in excess of fifteen thousand dollars?",Yes,No,1,6,ĠColombian,1.0,0,1.0,True
18,"As in the United States, Colombian legislation requires travelers entering the country to declare cash in excess of ten thousand dollars.",False,"(S (PP (IN As) (PP (IN in) (NP (DT the) (NNP United) (NNPS States)))) (, ,) (NP (JJ Colombian) (NN legislation)) (VP (VBZ requires) (S (NP (NP (NNS travelers)) (VP (VBG entering) (NP (DT the) (NN country)))) (VP (TO to) (VP (VB declare) (NP (NP (NN cash)) (PP (IN in) (NP (NP (NN excess)) (PP (IN of) (NP (QP (CD ten) (CD thousand)) (NNS dollars)))))))))) (. .))",48.0,91,"As you enter Colombia, do you need to declare cash in excess of fifteen thousand dollars?",Yes,No,1,7,Ġlegislation,1.0,0,1.0,True
18,"As in the United States, Colombian legislation requires travelers entering the country to declare cash in excess of ten thousand dollars.",False,"(S (PP (IN As) (PP (IN in) (NP (DT the) (NNP United) (NNPS States)))) (, ,) (NP (JJ Colombian) (NN legislation)) (VP (VBZ requires) (S (NP (NP (NNS travelers)) (VP (VBG entering) (NP (DT the) (NN country)))) (VP (TO to) (VP (VB declare) (NP (NP (NN cash)) (PP (IN in) (NP (NP (NN excess)) (PP (IN of) (NP (QP (CD ten) (CD thousand)) (NNS dollars)))))))))) (. .))",48.0,91,"As you enter Colombia, do you need to declare cash in excess of fifteen thousand dollars?",Yes,No,1,8,Ġrequires,1.0,0,1.0,True
18,"As in the United States, Colombian legislation requires travelers entering the country to declare cash in excess of ten thousand dollars.",False,"(S (PP (IN As) (PP (IN in) (NP (DT the) (NNP United) (NNPS States)))) (, ,) (NP (JJ Colombian) (NN legislation)) (VP (VBZ requires) (S (NP (NP (NNS travelers)) (VP (VBG entering) (NP (DT the) (NN country)))) (VP (TO to) (VP (VB declare) (NP (NP (NN cash)) (PP (IN in) (NP (NP (NN excess)) (PP (IN of) (NP (QP (CD ten) (CD thousand)) (NNS dollars)))))))))) (. .))",48.0,91,"As you enter Colombia, do you need to declare cash in excess of fifteen thousand dollars?",Yes,No,1,9,Ġtravelers,1.0,0,1.0,True
18,"As in the United States, Colombian legislation requires travelers entering the country to declare cash in excess of ten thousand dollars.",False,"(S (PP (IN As) (PP (IN in) (NP (DT the) (NNP United) (NNPS States)))) (, ,) (NP (JJ Colombian) (NN legislation)) (VP (VBZ requires) (S (NP (NP (NNS travelers)) (VP (VBG entering) (NP (DT the) (NN country)))) (VP (TO to) (VP (VB declare) (NP (NP (NN cash)) (PP (IN in) (NP (NP (NN excess)) (PP (IN of) (NP (QP (CD ten) (CD thousand)) (NNS dollars)))))))))) (. .))",48.0,91,"As you enter Colombia, do you need to declare cash in excess of fifteen thousand dollars?",Yes,No,1,10,Ġentering,1.0,0,1.0,True
18,"As in the United States, Colombian legislation requires travelers entering the country to declare cash in excess of ten thousand dollars.",False,"(S (PP (IN As) (PP (IN in) (NP (DT the) (NNP United) (NNPS States)))) (, ,) (NP (JJ Colombian) (NN legislation)) (VP (VBZ requires) (S (NP (NP (NNS travelers)) (VP (VBG entering) (NP (DT the) (NN country)))) (VP (TO to) (VP (VB declare) (NP (NP (NN cash)) (PP (IN in) (NP (NP (NN excess)) (PP (IN of) (NP (QP (CD ten) (CD thousand)) (NNS dollars)))))))))) (. .))",48.0,91,"As you enter Colombia, do you need to declare cash in excess of fifteen thousand dollars?",Yes,No,1,11,Ġthe,1.0,0,1.0,True
18,"As in the United States, Colombian legislation requires travelers entering the country to declare cash in excess of ten thousand dollars.",False,"(S (PP (IN As) (PP (IN in) (NP (DT the) (NNP United) (NNPS States)))) (, ,) (NP (JJ Colombian) (NN legislation)) (VP (VBZ requires) (S (NP (NP (NNS travelers)) (VP (VBG entering) (NP (DT the) (NN country)))) (VP (TO to) (VP (VB declare) (NP (NP (NN cash)) (PP (IN in) (NP (NP (NN excess)) (PP (IN of) (NP (QP (CD ten) (CD thousand)) (NNS dollars)))))))))) (. .))",48.0,91,"As you enter Colombia, do you need to declare cash in excess of fifteen thousand dollars?",Yes,No,1,12,Ġcountry,1.0,0,1.0,True
18,"As in the United States, Colombian legislation requires travelers entering the country to declare cash in excess of ten thousand dollars.",False,"(S (PP (IN As) (PP (IN in) (NP (DT the) (NNP United) (NNPS States)))) (, ,) (NP (JJ Colombian) (NN legislation)) (VP (VBZ requires) (S (NP (NP (NNS travelers)) (VP (VBG entering) (NP (DT the) (NN country)))) (VP (TO to) (VP (VB declare) (NP (NP (NN cash)) (PP (IN in) (NP (NP (NN excess)) (PP (IN of) (NP (QP (CD ten) (CD thousand)) (NNS dollars)))))))))) (. .))",48.0,91,"As you enter Colombia, do you need to declare cash in excess of fifteen thousand dollars?",Yes,No,1,13,Ġto,1.0,0,1.0,True
18,"As in the United States, Colombian legislation requires travelers entering the country to declare cash in excess of ten thousand dollars.",False,"(S (PP (IN As) (PP (IN in) (NP (DT the) (NNP United) (NNPS States)))) (, ,) (NP (JJ Colombian) (NN legislation)) (VP (VBZ requires) (S (NP (NP (NNS travelers)) (VP (VBG entering) (NP (DT the) (NN country)))) (VP (TO to) (VP (VB declare) (NP (NP (NN cash)) (PP (IN in) (NP (NP (NN excess)) (PP (IN of) (NP (QP (CD ten) (CD thousand)) (NNS dollars)))))))))) (. .))",48.0,91,"As you enter Colombia, do you need to declare cash in excess of fifteen thousand dollars?",Yes,No,1,14,Ġdeclare,1.0,0,1.0,True
18,"As in the United States, Colombian legislation requires travelers entering the country to declare cash in excess of ten thousand dollars.",False,"(S (PP (IN As) (PP (IN in) (NP (DT the) (NNP United) (NNPS States)))) (, ,) (NP (JJ Colombian) (NN legislation)) (VP (VBZ requires) (S (NP (NP (NNS travelers)) (VP (VBG entering) (NP (DT the) (NN country)))) (VP (TO to) (VP (VB declare) (NP (NP (NN cash)) (PP (IN in) (NP (NP (NN excess)) (PP (IN of) (NP (QP (CD ten) (CD thousand)) (NNS dollars)))))))))) (. .))",48.0,91,"As you enter Colombia, do you need to declare cash in excess of fifteen thousand dollars?",Yes,No,1,15,Ġcash,1.0,0,1.0,True
18,"As in the United States, Colombian legislation requires travelers entering the country to declare cash in excess of ten thousand dollars.",False,"(S (PP (IN As) (PP (IN in) (NP (DT the) (NNP United) (NNPS States)))) (, ,) (NP (JJ Colombian) (NN legislation)) (VP (VBZ requires) (S (NP (NP (NNS travelers)) (VP (VBG entering) (NP (DT the) (NN country)))) (VP (TO to) (VP (VB declare) (NP (NP (NN cash)) (PP (IN in) (NP (NP (NN excess)) (PP (IN of) (NP (QP (CD ten) (CD thousand)) (NNS dollars)))))))))) (. .))",48.0,91,"As you enter Colombia, do you need to declare cash in excess of fifteen thousand dollars?",Yes,No,1,16,Ġin,1.0,0,1.0,True
18,"As in the United States, Colombian legislation requires travelers entering the country to declare cash in excess of ten thousand dollars.",False,"(S (PP (IN As) (PP (IN in) (NP (DT the) (NNP United) (NNPS States)))) (, ,) (NP (JJ Colombian) (NN legislation)) (VP (VBZ requires) (S (NP (NP (NNS travelers)) (VP (VBG entering) (NP (DT the) (NN country)))) (VP (TO to) (VP (VB declare) (NP (NP (NN cash)) (PP (IN in) (NP (NP (NN excess)) (PP (IN of) (NP (QP (CD ten) (CD thousand)) (NNS dollars)))))))))) (. .))",48.0,91,"As you enter Colombia, do you need to declare cash in excess of fifteen thousand dollars?",Yes,No,1,17,Ġexcess,1.0,0,1.0,True
18,"As in the United States, Colombian legislation requires travelers entering the country to declare cash in excess of ten thousand dollars.",False,"(S (PP (IN As) (PP (IN in) (NP (DT the) (NNP United) (NNPS States)))) (, ,) (NP (JJ Colombian) (NN legislation)) (VP (VBZ requires) (S (NP (NP (NNS travelers)) (VP (VBG entering) (NP (DT the) (NN country)))) (VP (TO to) (VP (VB declare) (NP (NP (NN cash)) (PP (IN in) (NP (NP (NN excess)) (PP (IN of) (NP (QP (CD ten) (CD thousand)) (NNS dollars)))))))))) (. .))",48.0,91,"As you enter Colombia, do you need to declare cash in excess of fifteen thousand dollars?",Yes,No,1,18,Ġof,1.0,0,1.0,True
18,"As in the United States, Colombian legislation requires travelers entering the country to declare cash in excess of ten thousand dollars.",False,"(S (PP (IN As) (PP (IN in) (NP (DT the) (NNP United) (NNPS States)))) (, ,) (NP (JJ Colombian) (NN legislation)) (VP (VBZ requires) (S (NP (NP (NNS travelers)) (VP (VBG entering) (NP (DT the) (NN country)))) (VP (TO to) (VP (VB declare) (NP (NP (NN cash)) (PP (IN in) (NP (NP (NN excess)) (PP (IN of) (NP (QP (CD ten) (CD thousand)) (NNS dollars)))))))))) (. .))",48.0,91,"As you enter Colombia, do you need to declare cash in excess of fifteen thousand dollars?",Yes,No,1,19,Ġten,1.0,0,1.0,True
18,"As in the United States, Colombian legislation requires travelers entering the country to declare cash in excess of ten thousand dollars.",False,"(S (PP (IN As) (PP (IN in) (NP (DT the) (NNP United) (NNPS States)))) (, ,) (NP (JJ Colombian) (NN legislation)) (VP (VBZ requires) (S (NP (NP (NNS travelers)) (VP (VBG entering) (NP (DT the) (NN country)))) (VP (TO to) (VP (VB declare) (NP (NP (NN cash)) (PP (IN in) (NP (NP (NN excess)) (PP (IN of) (NP (QP (CD ten) (CD thousand)) (NNS dollars)))))))))) (. .))",48.0,91,"As you enter Colombia, do you need to declare cash in excess of fifteen thousand dollars?",Yes,No,1,20,Ġthousand,1.0,0,1.0,True
18,"As in the United States, Colombian legislation requires travelers entering the country to declare cash in excess of ten thousand dollars.",False,"(S (PP (IN As) (PP (IN in) (NP (DT the) (NNP United) (NNPS States)))) (, ,) (NP (JJ Colombian) (NN legislation)) (VP (VBZ requires) (S (NP (NP (NNS travelers)) (VP (VBG entering) (NP (DT the) (NN country)))) (VP (TO to) (VP (VB declare) (NP (NP (NN cash)) (PP (IN in) (NP (NP (NN excess)) (PP (IN of) (NP (QP (CD ten) (CD thousand)) (NNS dollars)))))))))) (. .))",48.0,91,"As you enter Colombia, do you need to declare cash in excess of fifteen thousand dollars?",Yes,No,1,21,Ġdollars,1.0,0,1.0,True
18,"As in the United States, Colombian legislation requires travelers entering the country to declare cash in excess of ten thousand dollars.",False,"(S (PP (IN As) (PP (IN in) (NP (DT the) (NNP United) (NNPS States)))) (, ,) (NP (JJ Colombian) (NN legislation)) (VP (VBZ requires) (S (NP (NP (NNS travelers)) (VP (VBG entering) (NP (DT the) (NN country)))) (VP (TO to) (VP (VB declare) (NP (NP (NN cash)) (PP (IN in) (NP (NP (NN excess)) (PP (IN of) (NP (QP (CD ten) (CD thousand)) (NNS dollars)))))))))) (. .))",48.0,91,"As you enter Colombia, do you need to declare cash in excess of fifteen thousand dollars?",Yes,No,1,22,.,1.0,0,1.0,True
19,"Stress is a risk factor for both depression and anxiety, he says.",False,"(S (S (NP (NN Stress)) (VP (VBZ is) (NP (NP (DT a) (NN risk) (NN factor)) (PP (IN for) (NP (DT both) (NN depression) (CC and) (NN anxiety)))))) (, ,) (NP (PRP he)) (VP (VBZ says)) (. .))",52.0,92,"Is stress a risk factor for depression, but not anxiety?",Yes,No,0,0,St,1.0,0,1.0,True
19,"Stress is a risk factor for both depression and anxiety, he says.",False,"(S (S (NP (NN Stress)) (VP (VBZ is) (NP (NP (DT a) (NN risk) (NN factor)) (PP (IN for) (NP (DT both) (NN depression) (CC and) (NN anxiety)))))) (, ,) (NP (PRP he)) (VP (VBZ says)) (. .))",52.0,92,"Is stress a risk factor for depression, but not anxiety?",Yes,No,0,1,ress,1.0,0,1.0,True
19,"Stress is a risk factor for both depression and anxiety, he says.",False,"(S (S (NP (NN Stress)) (VP (VBZ is) (NP (NP (DT a) (NN risk) (NN factor)) (PP (IN for) (NP (DT both) (NN depression) (CC and) (NN anxiety)))))) (, ,) (NP (PRP he)) (VP (VBZ says)) (. .))",52.0,92,"Is stress a risk factor for depression, but not anxiety?",Yes,No,0,2,Ġis,1.0,0,1.0,True
19,"Stress is a risk factor for both depression and anxiety, he says.",False,"(S (S (NP (NN Stress)) (VP (VBZ is) (NP (NP (DT a) (NN risk) (NN factor)) (PP (IN for) (NP (DT both) (NN depression) (CC and) (NN anxiety)))))) (, ,) (NP (PRP he)) (VP (VBZ says)) (. .))",52.0,92,"Is stress a risk factor for depression, but not anxiety?",Yes,No,0,3,Ġa,1.0,0,1.0,True
19,"Stress is a risk factor for both depression and anxiety, he says.",False,"(S (S (NP (NN Stress)) (VP (VBZ is) (NP (NP (DT a) (NN risk) (NN factor)) (PP (IN for) (NP (DT both) (NN depression) (CC and) (NN anxiety)))))) (, ,) (NP (PRP he)) (VP (VBZ says)) (. .))",52.0,92,"Is stress a risk factor for depression, but not anxiety?",Yes,No,0,4,Ġrisk,1.0,0,1.0,True
19,"Stress is a risk factor for both depression and anxiety, he says.",False,"(S (S (NP (NN Stress)) (VP (VBZ is) (NP (NP (DT a) (NN risk) (NN factor)) (PP (IN for) (NP (DT both) (NN depression) (CC and) (NN anxiety)))))) (, ,) (NP (PRP he)) (VP (VBZ says)) (. .))",52.0,92,"Is stress a risk factor for depression, but not anxiety?",Yes,No,0,5,Ġfactor,1.0,0,1.0,True
19,"Stress is a risk factor for both depression and anxiety, he says.",False,"(S (S (NP (NN Stress)) (VP (VBZ is) (NP (NP (DT a) (NN risk) (NN factor)) (PP (IN for) (NP (DT both) (NN depression) (CC and) (NN anxiety)))))) (, ,) (NP (PRP he)) (VP (VBZ says)) (. .))",52.0,92,"Is stress a risk factor for depression, but not anxiety?",Yes,No,0,6,Ġfor,1.0,0,1.0,True
19,"Stress is a risk factor for both depression and anxiety, he says.",False,"(S (S (NP (NN Stress)) (VP (VBZ is) (NP (NP (DT a) (NN risk) (NN factor)) (PP (IN for) (NP (DT both) (NN depression) (CC and) (NN anxiety)))))) (, ,) (NP (PRP he)) (VP (VBZ says)) (. .))",52.0,92,"Is stress a risk factor for depression, but not anxiety?",Yes,No,0,7,Ġboth,1.0,0,1.0,True
19,"Stress is a risk factor for both depression and anxiety, he says.",False,"(S (S (NP (NN Stress)) (VP (VBZ is) (NP (NP (DT a) (NN risk) (NN factor)) (PP (IN for) (NP (DT both) (NN depression) (CC and) (NN anxiety)))))) (, ,) (NP (PRP he)) (VP (VBZ says)) (. .))",52.0,92,"Is stress a risk factor for depression, but not anxiety?",Yes,No,0,8,Ġdepression,1.0,0,1.0,True
19,"Stress is a risk factor for both depression and anxiety, he says.",False,"(S (S (NP (NN Stress)) (VP (VBZ is) (NP (NP (DT a) (NN risk) (NN factor)) (PP (IN for) (NP (DT both) (NN depression) (CC and) (NN anxiety)))))) (, ,) (NP (PRP he)) (VP (VBZ says)) (. .))",52.0,92,"Is stress a risk factor for depression, but not anxiety?",Yes,No,0,9,Ġand,1.0,0,1.0,True
19,"Stress is a risk factor for both depression and anxiety, he says.",False,"(S (S (NP (NN Stress)) (VP (VBZ is) (NP (NP (DT a) (NN risk) (NN factor)) (PP (IN for) (NP (DT both) (NN depression) (CC and) (NN anxiety)))))) (, ,) (NP (PRP he)) (VP (VBZ says)) (. .))",52.0,92,"Is stress a risk factor for depression, but not anxiety?",Yes,No,0,10,Ġanxiety,1.0,0,1.0,True
19,"Stress is a risk factor for both depression and anxiety, he says.",False,"(S (S (NP (NN Stress)) (VP (VBZ is) (NP (NP (DT a) (NN risk) (NN factor)) (PP (IN for) (NP (DT both) (NN depression) (CC and) (NN anxiety)))))) (, ,) (NP (PRP he)) (VP (VBZ says)) (. .))",52.0,92,"Is stress a risk factor for depression, but not anxiety?",Yes,No,0,11,",",1.0,0,1.0,True
19,"Stress is a risk factor for both depression and anxiety, he says.",False,"(S (S (NP (NN Stress)) (VP (VBZ is) (NP (NP (DT a) (NN risk) (NN factor)) (PP (IN for) (NP (DT both) (NN depression) (CC and) (NN anxiety)))))) (, ,) (NP (PRP he)) (VP (VBZ says)) (. .))",52.0,92,"Is stress a risk factor for depression, but not anxiety?",Yes,No,0,12,Ġhe,1.0,0,1.0,True
19,"Stress is a risk factor for both depression and anxiety, he says.",False,"(S (S (NP (NN Stress)) (VP (VBZ is) (NP (NP (DT a) (NN risk) (NN factor)) (PP (IN for) (NP (DT both) (NN depression) (CC and) (NN anxiety)))))) (, ,) (NP (PRP he)) (VP (VBZ says)) (. .))",52.0,92,"Is stress a risk factor for depression, but not anxiety?",Yes,No,0,13,Ġsays,1.0,0,1.0,True
19,"Stress is a risk factor for both depression and anxiety, he says.",False,"(S (S (NP (NN Stress)) (VP (VBZ is) (NP (NP (DT a) (NN risk) (NN factor)) (PP (IN for) (NP (DT both) (NN depression) (CC and) (NN anxiety)))))) (, ,) (NP (PRP he)) (VP (VBZ says)) (. .))",52.0,92,"Is stress a risk factor for depression, but not anxiety?",Yes,No,0,14,.,1.0,0,1.0,True
20,"When it comes to having a lasting and fulfilling relationship, common wisdom says that feeling close to your romantic partner is paramount.",False,"(S (SBAR (WHADVP (WRB When)) (S (NP (PRP it)) (VP (VBZ comes) (PP (TO to) (S (VP (VBG having) (NP (DT a) (ADJP (JJ lasting) (CC and) (JJ fulfilling)) (NN relationship)))))))) (, ,) (NP (JJ common) (NN wisdom)) (VP (VBZ says) (SBAR (IN that) (S (S (VP (VBG feeling) (ADJP (RB close) (PP (TO to) (NP (PRP$ your) (JJ romantic) (NN partner)))))) (VP (VBZ is) (NP (JJ paramount)))))) (. .))",53.0,93,Does common wisdom emphasize a healthy distance to maintain a lasting relationship?,Yes,No,0,0,When,1.0,0,1.0,True
20,"When it comes to having a lasting and fulfilling relationship, common wisdom says that feeling close to your romantic partner is paramount.",False,"(S (SBAR (WHADVP (WRB When)) (S (NP (PRP it)) (VP (VBZ comes) (PP (TO to) (S (VP (VBG having) (NP (DT a) (ADJP (JJ lasting) (CC and) (JJ fulfilling)) (NN relationship)))))))) (, ,) (NP (JJ common) (NN wisdom)) (VP (VBZ says) (SBAR (IN that) (S (S (VP (VBG feeling) (ADJP (RB close) (PP (TO to) (NP (PRP$ your) (JJ romantic) (NN partner)))))) (VP (VBZ is) (NP (JJ paramount)))))) (. .))",53.0,93,Does common wisdom emphasize a healthy distance to maintain a lasting relationship?,Yes,No,0,1,Ġit,1.0,0,1.0,True
20,"When it comes to having a lasting and fulfilling relationship, common wisdom says that feeling close to your romantic partner is paramount.",False,"(S (SBAR (WHADVP (WRB When)) (S (NP (PRP it)) (VP (VBZ comes) (PP (TO to) (S (VP (VBG having) (NP (DT a) (ADJP (JJ lasting) (CC and) (JJ fulfilling)) (NN relationship)))))))) (, ,) (NP (JJ common) (NN wisdom)) (VP (VBZ says) (SBAR (IN that) (S (S (VP (VBG feeling) (ADJP (RB close) (PP (TO to) (NP (PRP$ your) (JJ romantic) (NN partner)))))) (VP (VBZ is) (NP (JJ paramount)))))) (. .))",53.0,93,Does common wisdom emphasize a healthy distance to maintain a lasting relationship?,Yes,No,0,2,Ġcomes,1.0,0,1.0,True
20,"When it comes to having a lasting and fulfilling relationship, common wisdom says that feeling close to your romantic partner is paramount.",False,"(S (SBAR (WHADVP (WRB When)) (S (NP (PRP it)) (VP (VBZ comes) (PP (TO to) (S (VP (VBG having) (NP (DT a) (ADJP (JJ lasting) (CC and) (JJ fulfilling)) (NN relationship)))))))) (, ,) (NP (JJ common) (NN wisdom)) (VP (VBZ says) (SBAR (IN that) (S (S (VP (VBG feeling) (ADJP (RB close) (PP (TO to) (NP (PRP$ your) (JJ romantic) (NN partner)))))) (VP (VBZ is) (NP (JJ paramount)))))) (. .))",53.0,93,Does common wisdom emphasize a healthy distance to maintain a lasting relationship?,Yes,No,0,3,Ġto,1.0,0,1.0,True
20,"When it comes to having a lasting and fulfilling relationship, common wisdom says that feeling close to your romantic partner is paramount.",False,"(S (SBAR (WHADVP (WRB When)) (S (NP (PRP it)) (VP (VBZ comes) (PP (TO to) (S (VP (VBG having) (NP (DT a) (ADJP (JJ lasting) (CC and) (JJ fulfilling)) (NN relationship)))))))) (, ,) (NP (JJ common) (NN wisdom)) (VP (VBZ says) (SBAR (IN that) (S (S (VP (VBG feeling) (ADJP (RB close) (PP (TO to) (NP (PRP$ your) (JJ romantic) (NN partner)))))) (VP (VBZ is) (NP (JJ paramount)))))) (. .))",53.0,93,Does common wisdom emphasize a healthy distance to maintain a lasting relationship?,Yes,No,0,4,Ġhaving,1.0,0,1.0,True
20,"When it comes to having a lasting and fulfilling relationship, common wisdom says that feeling close to your romantic partner is paramount.",False,"(S (SBAR (WHADVP (WRB When)) (S (NP (PRP it)) (VP (VBZ comes) (PP (TO to) (S (VP (VBG having) (NP (DT a) (ADJP (JJ lasting) (CC and) (JJ fulfilling)) (NN relationship)))))))) (, ,) (NP (JJ common) (NN wisdom)) (VP (VBZ says) (SBAR (IN that) (S (S (VP (VBG feeling) (ADJP (RB close) (PP (TO to) (NP (PRP$ your) (JJ romantic) (NN partner)))))) (VP (VBZ is) (NP (JJ paramount)))))) (. .))",53.0,93,Does common wisdom emphasize a healthy distance to maintain a lasting relationship?,Yes,No,0,5,Ġa,1.0,0,1.0,True
20,"When it comes to having a lasting and fulfilling relationship, common wisdom says that feeling close to your romantic partner is paramount.",False,"(S (SBAR (WHADVP (WRB When)) (S (NP (PRP it)) (VP (VBZ comes) (PP (TO to) (S (VP (VBG having) (NP (DT a) (ADJP (JJ lasting) (CC and) (JJ fulfilling)) (NN relationship)))))))) (, ,) (NP (JJ common) (NN wisdom)) (VP (VBZ says) (SBAR (IN that) (S (S (VP (VBG feeling) (ADJP (RB close) (PP (TO to) (NP (PRP$ your) (JJ romantic) (NN partner)))))) (VP (VBZ is) (NP (JJ paramount)))))) (. .))",53.0,93,Does common wisdom emphasize a healthy distance to maintain a lasting relationship?,Yes,No,0,6,Ġlasting,1.0,0,1.0,True
20,"When it comes to having a lasting and fulfilling relationship, common wisdom says that feeling close to your romantic partner is paramount.",False,"(S (SBAR (WHADVP (WRB When)) (S (NP (PRP it)) (VP (VBZ comes) (PP (TO to) (S (VP (VBG having) (NP (DT a) (ADJP (JJ lasting) (CC and) (JJ fulfilling)) (NN relationship)))))))) (, ,) (NP (JJ common) (NN wisdom)) (VP (VBZ says) (SBAR (IN that) (S (S (VP (VBG feeling) (ADJP (RB close) (PP (TO to) (NP (PRP$ your) (JJ romantic) (NN partner)))))) (VP (VBZ is) (NP (JJ paramount)))))) (. .))",53.0,93,Does common wisdom emphasize a healthy distance to maintain a lasting relationship?,Yes,No,0,7,Ġand,1.0,0,1.0,True
20,"When it comes to having a lasting and fulfilling relationship, common wisdom says that feeling close to your romantic partner is paramount.",False,"(S (SBAR (WHADVP (WRB When)) (S (NP (PRP it)) (VP (VBZ comes) (PP (TO to) (S (VP (VBG having) (NP (DT a) (ADJP (JJ lasting) (CC and) (JJ fulfilling)) (NN relationship)))))))) (, ,) (NP (JJ common) (NN wisdom)) (VP (VBZ says) (SBAR (IN that) (S (S (VP (VBG feeling) (ADJP (RB close) (PP (TO to) (NP (PRP$ your) (JJ romantic) (NN partner)))))) (VP (VBZ is) (NP (JJ paramount)))))) (. .))",53.0,93,Does common wisdom emphasize a healthy distance to maintain a lasting relationship?,Yes,No,0,8,Ġfulfilling,1.0,0,1.0,True
20,"When it comes to having a lasting and fulfilling relationship, common wisdom says that feeling close to your romantic partner is paramount.",False,"(S (SBAR (WHADVP (WRB When)) (S (NP (PRP it)) (VP (VBZ comes) (PP (TO to) (S (VP (VBG having) (NP (DT a) (ADJP (JJ lasting) (CC and) (JJ fulfilling)) (NN relationship)))))))) (, ,) (NP (JJ common) (NN wisdom)) (VP (VBZ says) (SBAR (IN that) (S (S (VP (VBG feeling) (ADJP (RB close) (PP (TO to) (NP (PRP$ your) (JJ romantic) (NN partner)))))) (VP (VBZ is) (NP (JJ paramount)))))) (. .))",53.0,93,Does common wisdom emphasize a healthy distance to maintain a lasting relationship?,Yes,No,0,9,Ġrelationship,1.0,0,1.0,True
20,"When it comes to having a lasting and fulfilling relationship, common wisdom says that feeling close to your romantic partner is paramount.",False,"(S (SBAR (WHADVP (WRB When)) (S (NP (PRP it)) (VP (VBZ comes) (PP (TO to) (S (VP (VBG having) (NP (DT a) (ADJP (JJ lasting) (CC and) (JJ fulfilling)) (NN relationship)))))))) (, ,) (NP (JJ common) (NN wisdom)) (VP (VBZ says) (SBAR (IN that) (S (S (VP (VBG feeling) (ADJP (RB close) (PP (TO to) (NP (PRP$ your) (JJ romantic) (NN partner)))))) (VP (VBZ is) (NP (JJ paramount)))))) (. .))",53.0,93,Does common wisdom emphasize a healthy distance to maintain a lasting relationship?,Yes,No,0,10,",",1.0,0,1.0,True
20,"When it comes to having a lasting and fulfilling relationship, common wisdom says that feeling close to your romantic partner is paramount.",False,"(S (SBAR (WHADVP (WRB When)) (S (NP (PRP it)) (VP (VBZ comes) (PP (TO to) (S (VP (VBG having) (NP (DT a) (ADJP (JJ lasting) (CC and) (JJ fulfilling)) (NN relationship)))))))) (, ,) (NP (JJ common) (NN wisdom)) (VP (VBZ says) (SBAR (IN that) (S (S (VP (VBG feeling) (ADJP (RB close) (PP (TO to) (NP (PRP$ your) (JJ romantic) (NN partner)))))) (VP (VBZ is) (NP (JJ paramount)))))) (. .))",53.0,93,Does common wisdom emphasize a healthy distance to maintain a lasting relationship?,Yes,No,0,11,Ġcommon,1.0,0,1.0,True
20,"When it comes to having a lasting and fulfilling relationship, common wisdom says that feeling close to your romantic partner is paramount.",False,"(S (SBAR (WHADVP (WRB When)) (S (NP (PRP it)) (VP (VBZ comes) (PP (TO to) (S (VP (VBG having) (NP (DT a) (ADJP (JJ lasting) (CC and) (JJ fulfilling)) (NN relationship)))))))) (, ,) (NP (JJ common) (NN wisdom)) (VP (VBZ says) (SBAR (IN that) (S (S (VP (VBG feeling) (ADJP (RB close) (PP (TO to) (NP (PRP$ your) (JJ romantic) (NN partner)))))) (VP (VBZ is) (NP (JJ paramount)))))) (. .))",53.0,93,Does common wisdom emphasize a healthy distance to maintain a lasting relationship?,Yes,No,0,12,Ġwisdom,1.0,0,1.0,True
20,"When it comes to having a lasting and fulfilling relationship, common wisdom says that feeling close to your romantic partner is paramount.",False,"(S (SBAR (WHADVP (WRB When)) (S (NP (PRP it)) (VP (VBZ comes) (PP (TO to) (S (VP (VBG having) (NP (DT a) (ADJP (JJ lasting) (CC and) (JJ fulfilling)) (NN relationship)))))))) (, ,) (NP (JJ common) (NN wisdom)) (VP (VBZ says) (SBAR (IN that) (S (S (VP (VBG feeling) (ADJP (RB close) (PP (TO to) (NP (PRP$ your) (JJ romantic) (NN partner)))))) (VP (VBZ is) (NP (JJ paramount)))))) (. .))",53.0,93,Does common wisdom emphasize a healthy distance to maintain a lasting relationship?,Yes,No,0,13,Ġsays,1.0,0,1.0,True
20,"When it comes to having a lasting and fulfilling relationship, common wisdom says that feeling close to your romantic partner is paramount.",False,"(S (SBAR (WHADVP (WRB When)) (S (NP (PRP it)) (VP (VBZ comes) (PP (TO to) (S (VP (VBG having) (NP (DT a) (ADJP (JJ lasting) (CC and) (JJ fulfilling)) (NN relationship)))))))) (, ,) (NP (JJ common) (NN wisdom)) (VP (VBZ says) (SBAR (IN that) (S (S (VP (VBG feeling) (ADJP (RB close) (PP (TO to) (NP (PRP$ your) (JJ romantic) (NN partner)))))) (VP (VBZ is) (NP (JJ paramount)))))) (. .))",53.0,93,Does common wisdom emphasize a healthy distance to maintain a lasting relationship?,Yes,No,0,14,Ġthat,1.0,0,1.0,True
20,"When it comes to having a lasting and fulfilling relationship, common wisdom says that feeling close to your romantic partner is paramount.",False,"(S (SBAR (WHADVP (WRB When)) (S (NP (PRP it)) (VP (VBZ comes) (PP (TO to) (S (VP (VBG having) (NP (DT a) (ADJP (JJ lasting) (CC and) (JJ fulfilling)) (NN relationship)))))))) (, ,) (NP (JJ common) (NN wisdom)) (VP (VBZ says) (SBAR (IN that) (S (S (VP (VBG feeling) (ADJP (RB close) (PP (TO to) (NP (PRP$ your) (JJ romantic) (NN partner)))))) (VP (VBZ is) (NP (JJ paramount)))))) (. .))",53.0,93,Does common wisdom emphasize a healthy distance to maintain a lasting relationship?,Yes,No,0,15,Ġfeeling,1.0,0,1.0,True
20,"When it comes to having a lasting and fulfilling relationship, common wisdom says that feeling close to your romantic partner is paramount.",False,"(S (SBAR (WHADVP (WRB When)) (S (NP (PRP it)) (VP (VBZ comes) (PP (TO to) (S (VP (VBG having) (NP (DT a) (ADJP (JJ lasting) (CC and) (JJ fulfilling)) (NN relationship)))))))) (, ,) (NP (JJ common) (NN wisdom)) (VP (VBZ says) (SBAR (IN that) (S (S (VP (VBG feeling) (ADJP (RB close) (PP (TO to) (NP (PRP$ your) (JJ romantic) (NN partner)))))) (VP (VBZ is) (NP (JJ paramount)))))) (. .))",53.0,93,Does common wisdom emphasize a healthy distance to maintain a lasting relationship?,Yes,No,0,16,Ġclose,1.0,0,1.0,True
20,"When it comes to having a lasting and fulfilling relationship, common wisdom says that feeling close to your romantic partner is paramount.",False,"(S (SBAR (WHADVP (WRB When)) (S (NP (PRP it)) (VP (VBZ comes) (PP (TO to) (S (VP (VBG having) (NP (DT a) (ADJP (JJ lasting) (CC and) (JJ fulfilling)) (NN relationship)))))))) (, ,) (NP (JJ common) (NN wisdom)) (VP (VBZ says) (SBAR (IN that) (S (S (VP (VBG feeling) (ADJP (RB close) (PP (TO to) (NP (PRP$ your) (JJ romantic) (NN partner)))))) (VP (VBZ is) (NP (JJ paramount)))))) (. .))",53.0,93,Does common wisdom emphasize a healthy distance to maintain a lasting relationship?,Yes,No,0,17,Ġto,1.0,0,1.0,True
20,"When it comes to having a lasting and fulfilling relationship, common wisdom says that feeling close to your romantic partner is paramount.",False,"(S (SBAR (WHADVP (WRB When)) (S (NP (PRP it)) (VP (VBZ comes) (PP (TO to) (S (VP (VBG having) (NP (DT a) (ADJP (JJ lasting) (CC and) (JJ fulfilling)) (NN relationship)))))))) (, ,) (NP (JJ common) (NN wisdom)) (VP (VBZ says) (SBAR (IN that) (S (S (VP (VBG feeling) (ADJP (RB close) (PP (TO to) (NP (PRP$ your) (JJ romantic) (NN partner)))))) (VP (VBZ is) (NP (JJ paramount)))))) (. .))",53.0,93,Does common wisdom emphasize a healthy distance to maintain a lasting relationship?,Yes,No,0,18,Ġyour,1.0,0,1.0,True
20,"When it comes to having a lasting and fulfilling relationship, common wisdom says that feeling close to your romantic partner is paramount.",False,"(S (SBAR (WHADVP (WRB When)) (S (NP (PRP it)) (VP (VBZ comes) (PP (TO to) (S (VP (VBG having) (NP (DT a) (ADJP (JJ lasting) (CC and) (JJ fulfilling)) (NN relationship)))))))) (, ,) (NP (JJ common) (NN wisdom)) (VP (VBZ says) (SBAR (IN that) (S (S (VP (VBG feeling) (ADJP (RB close) (PP (TO to) (NP (PRP$ your) (JJ romantic) (NN partner)))))) (VP (VBZ is) (NP (JJ paramount)))))) (. .))",53.0,93,Does common wisdom emphasize a healthy distance to maintain a lasting relationship?,Yes,No,0,19,Ġromantic,1.0,0,1.0,True
20,"When it comes to having a lasting and fulfilling relationship, common wisdom says that feeling close to your romantic partner is paramount.",False,"(S (SBAR (WHADVP (WRB When)) (S (NP (PRP it)) (VP (VBZ comes) (PP (TO to) (S (VP (VBG having) (NP (DT a) (ADJP (JJ lasting) (CC and) (JJ fulfilling)) (NN relationship)))))))) (, ,) (NP (JJ common) (NN wisdom)) (VP (VBZ says) (SBAR (IN that) (S (S (VP (VBG feeling) (ADJP (RB close) (PP (TO to) (NP (PRP$ your) (JJ romantic) (NN partner)))))) (VP (VBZ is) (NP (JJ paramount)))))) (. .))",53.0,93,Does common wisdom emphasize a healthy distance to maintain a lasting relationship?,Yes,No,0,20,Ġpartner,1.0,0,1.0,True
20,"When it comes to having a lasting and fulfilling relationship, common wisdom says that feeling close to your romantic partner is paramount.",False,"(S (SBAR (WHADVP (WRB When)) (S (NP (PRP it)) (VP (VBZ comes) (PP (TO to) (S (VP (VBG having) (NP (DT a) (ADJP (JJ lasting) (CC and) (JJ fulfilling)) (NN relationship)))))))) (, ,) (NP (JJ common) (NN wisdom)) (VP (VBZ says) (SBAR (IN that) (S (S (VP (VBG feeling) (ADJP (RB close) (PP (TO to) (NP (PRP$ your) (JJ romantic) (NN partner)))))) (VP (VBZ is) (NP (JJ paramount)))))) (. .))",53.0,93,Does common wisdom emphasize a healthy distance to maintain a lasting relationship?,Yes,No,0,21,Ġis,1.0,0,1.0,True
20,"When it comes to having a lasting and fulfilling relationship, common wisdom says that feeling close to your romantic partner is paramount.",False,"(S (SBAR (WHADVP (WRB When)) (S (NP (PRP it)) (VP (VBZ comes) (PP (TO to) (S (VP (VBG having) (NP (DT a) (ADJP (JJ lasting) (CC and) (JJ fulfilling)) (NN relationship)))))))) (, ,) (NP (JJ common) (NN wisdom)) (VP (VBZ says) (SBAR (IN that) (S (S (VP (VBG feeling) (ADJP (RB close) (PP (TO to) (NP (PRP$ your) (JJ romantic) (NN partner)))))) (VP (VBZ is) (NP (JJ paramount)))))) (. .))",53.0,93,Does common wisdom emphasize a healthy distance to maintain a lasting relationship?,Yes,No,0,22,Ġparamount,1.0,0,1.0,True
20,"When it comes to having a lasting and fulfilling relationship, common wisdom says that feeling close to your romantic partner is paramount.",False,"(S (SBAR (WHADVP (WRB When)) (S (NP (PRP it)) (VP (VBZ comes) (PP (TO to) (S (VP (VBG having) (NP (DT a) (ADJP (JJ lasting) (CC and) (JJ fulfilling)) (NN relationship)))))))) (, ,) (NP (JJ common) (NN wisdom)) (VP (VBZ says) (SBAR (IN that) (S (S (VP (VBG feeling) (ADJP (RB close) (PP (TO to) (NP (PRP$ your) (JJ romantic) (NN partner)))))) (VP (VBZ is) (NP (JJ paramount)))))) (. .))",53.0,93,Does common wisdom emphasize a healthy distance to maintain a lasting relationship?,Yes,No,0,23,.,1.0,0,1.0,True
21,"Voltaire himself probably won around half a million livres, a large fortune, which he then made even larger.",False,"(S (NP (NP (NNP Voltaire)) (NP (PRP himself))) (ADVP (RB probably)) (VP (VBD won) (NP (NP (QP (IN around) (PDT half) (DT a) (CD million)) (NNS livres)) (, ,) (NP (DT a) (JJ large) (NN fortune)) (, ,) (SBAR (WHNP (WDT which)) (S (NP (PRP he)) (ADVP (RB then)) (VP (VBD made) (S (ADJP (RB even) (JJR larger)))))))) (. .))",55.0,94,Was half a million livres considered a significant amount of money?,Yes,No,1,0,V,1.0,0,1.0,True
21,"Voltaire himself probably won around half a million livres, a large fortune, which he then made even larger.",False,"(S (NP (NP (NNP Voltaire)) (NP (PRP himself))) (ADVP (RB probably)) (VP (VBD won) (NP (NP (QP (IN around) (PDT half) (DT a) (CD million)) (NNS livres)) (, ,) (NP (DT a) (JJ large) (NN fortune)) (, ,) (SBAR (WHNP (WDT which)) (S (NP (PRP he)) (ADVP (RB then)) (VP (VBD made) (S (ADJP (RB even) (JJR larger)))))))) (. .))",55.0,94,Was half a million livres considered a significant amount of money?,Yes,No,1,1,olt,1.0,0,1.0,True
21,"Voltaire himself probably won around half a million livres, a large fortune, which he then made even larger.",False,"(S (NP (NP (NNP Voltaire)) (NP (PRP himself))) (ADVP (RB probably)) (VP (VBD won) (NP (NP (QP (IN around) (PDT half) (DT a) (CD million)) (NNS livres)) (, ,) (NP (DT a) (JJ large) (NN fortune)) (, ,) (SBAR (WHNP (WDT which)) (S (NP (PRP he)) (ADVP (RB then)) (VP (VBD made) (S (ADJP (RB even) (JJR larger)))))))) (. .))",55.0,94,Was half a million livres considered a significant amount of money?,Yes,No,1,2,aire,1.0,0,1.0,True
21,"Voltaire himself probably won around half a million livres, a large fortune, which he then made even larger.",False,"(S (NP (NP (NNP Voltaire)) (NP (PRP himself))) (ADVP (RB probably)) (VP (VBD won) (NP (NP (QP (IN around) (PDT half) (DT a) (CD million)) (NNS livres)) (, ,) (NP (DT a) (JJ large) (NN fortune)) (, ,) (SBAR (WHNP (WDT which)) (S (NP (PRP he)) (ADVP (RB then)) (VP (VBD made) (S (ADJP (RB even) (JJR larger)))))))) (. .))",55.0,94,Was half a million livres considered a significant amount of money?,Yes,No,1,3,Ġhimself,1.0,0,1.0,True
21,"Voltaire himself probably won around half a million livres, a large fortune, which he then made even larger.",False,"(S (NP (NP (NNP Voltaire)) (NP (PRP himself))) (ADVP (RB probably)) (VP (VBD won) (NP (NP (QP (IN around) (PDT half) (DT a) (CD million)) (NNS livres)) (, ,) (NP (DT a) (JJ large) (NN fortune)) (, ,) (SBAR (WHNP (WDT which)) (S (NP (PRP he)) (ADVP (RB then)) (VP (VBD made) (S (ADJP (RB even) (JJR larger)))))))) (. .))",55.0,94,Was half a million livres considered a significant amount of money?,Yes,No,1,4,Ġprobably,1.0,0,1.0,True
21,"Voltaire himself probably won around half a million livres, a large fortune, which he then made even larger.",False,"(S (NP (NP (NNP Voltaire)) (NP (PRP himself))) (ADVP (RB probably)) (VP (VBD won) (NP (NP (QP (IN around) (PDT half) (DT a) (CD million)) (NNS livres)) (, ,) (NP (DT a) (JJ large) (NN fortune)) (, ,) (SBAR (WHNP (WDT which)) (S (NP (PRP he)) (ADVP (RB then)) (VP (VBD made) (S (ADJP (RB even) (JJR larger)))))))) (. .))",55.0,94,Was half a million livres considered a significant amount of money?,Yes,No,1,5,Ġwon,1.0,0,1.0,True
21,"Voltaire himself probably won around half a million livres, a large fortune, which he then made even larger.",False,"(S (NP (NP (NNP Voltaire)) (NP (PRP himself))) (ADVP (RB probably)) (VP (VBD won) (NP (NP (QP (IN around) (PDT half) (DT a) (CD million)) (NNS livres)) (, ,) (NP (DT a) (JJ large) (NN fortune)) (, ,) (SBAR (WHNP (WDT which)) (S (NP (PRP he)) (ADVP (RB then)) (VP (VBD made) (S (ADJP (RB even) (JJR larger)))))))) (. .))",55.0,94,Was half a million livres considered a significant amount of money?,Yes,No,1,6,Ġaround,1.0,0,1.0,True
21,"Voltaire himself probably won around half a million livres, a large fortune, which he then made even larger.",False,"(S (NP (NP (NNP Voltaire)) (NP (PRP himself))) (ADVP (RB probably)) (VP (VBD won) (NP (NP (QP (IN around) (PDT half) (DT a) (CD million)) (NNS livres)) (, ,) (NP (DT a) (JJ large) (NN fortune)) (, ,) (SBAR (WHNP (WDT which)) (S (NP (PRP he)) (ADVP (RB then)) (VP (VBD made) (S (ADJP (RB even) (JJR larger)))))))) (. .))",55.0,94,Was half a million livres considered a significant amount of money?,Yes,No,1,7,Ġhalf,1.0,0,1.0,True
21,"Voltaire himself probably won around half a million livres, a large fortune, which he then made even larger.",False,"(S (NP (NP (NNP Voltaire)) (NP (PRP himself))) (ADVP (RB probably)) (VP (VBD won) (NP (NP (QP (IN around) (PDT half) (DT a) (CD million)) (NNS livres)) (, ,) (NP (DT a) (JJ large) (NN fortune)) (, ,) (SBAR (WHNP (WDT which)) (S (NP (PRP he)) (ADVP (RB then)) (VP (VBD made) (S (ADJP (RB even) (JJR larger)))))))) (. .))",55.0,94,Was half a million livres considered a significant amount of money?,Yes,No,1,8,Ġa,1.0,0,1.0,True
21,"Voltaire himself probably won around half a million livres, a large fortune, which he then made even larger.",False,"(S (NP (NP (NNP Voltaire)) (NP (PRP himself))) (ADVP (RB probably)) (VP (VBD won) (NP (NP (QP (IN around) (PDT half) (DT a) (CD million)) (NNS livres)) (, ,) (NP (DT a) (JJ large) (NN fortune)) (, ,) (SBAR (WHNP (WDT which)) (S (NP (PRP he)) (ADVP (RB then)) (VP (VBD made) (S (ADJP (RB even) (JJR larger)))))))) (. .))",55.0,94,Was half a million livres considered a significant amount of money?,Yes,No,1,9,Ġmillion,1.0,0,1.0,True
21,"Voltaire himself probably won around half a million livres, a large fortune, which he then made even larger.",False,"(S (NP (NP (NNP Voltaire)) (NP (PRP himself))) (ADVP (RB probably)) (VP (VBD won) (NP (NP (QP (IN around) (PDT half) (DT a) (CD million)) (NNS livres)) (, ,) (NP (DT a) (JJ large) (NN fortune)) (, ,) (SBAR (WHNP (WDT which)) (S (NP (PRP he)) (ADVP (RB then)) (VP (VBD made) (S (ADJP (RB even) (JJR larger)))))))) (. .))",55.0,94,Was half a million livres considered a significant amount of money?,Yes,No,1,10,Ġliv,1.0,0,1.0,True
21,"Voltaire himself probably won around half a million livres, a large fortune, which he then made even larger.",False,"(S (NP (NP (NNP Voltaire)) (NP (PRP himself))) (ADVP (RB probably)) (VP (VBD won) (NP (NP (QP (IN around) (PDT half) (DT a) (CD million)) (NNS livres)) (, ,) (NP (DT a) (JJ large) (NN fortune)) (, ,) (SBAR (WHNP (WDT which)) (S (NP (PRP he)) (ADVP (RB then)) (VP (VBD made) (S (ADJP (RB even) (JJR larger)))))))) (. .))",55.0,94,Was half a million livres considered a significant amount of money?,Yes,No,1,11,res,1.0,0,1.0,True
21,"Voltaire himself probably won around half a million livres, a large fortune, which he then made even larger.",False,"(S (NP (NP (NNP Voltaire)) (NP (PRP himself))) (ADVP (RB probably)) (VP (VBD won) (NP (NP (QP (IN around) (PDT half) (DT a) (CD million)) (NNS livres)) (, ,) (NP (DT a) (JJ large) (NN fortune)) (, ,) (SBAR (WHNP (WDT which)) (S (NP (PRP he)) (ADVP (RB then)) (VP (VBD made) (S (ADJP (RB even) (JJR larger)))))))) (. .))",55.0,94,Was half a million livres considered a significant amount of money?,Yes,No,1,12,",",1.0,0,1.0,True
21,"Voltaire himself probably won around half a million livres, a large fortune, which he then made even larger.",False,"(S (NP (NP (NNP Voltaire)) (NP (PRP himself))) (ADVP (RB probably)) (VP (VBD won) (NP (NP (QP (IN around) (PDT half) (DT a) (CD million)) (NNS livres)) (, ,) (NP (DT a) (JJ large) (NN fortune)) (, ,) (SBAR (WHNP (WDT which)) (S (NP (PRP he)) (ADVP (RB then)) (VP (VBD made) (S (ADJP (RB even) (JJR larger)))))))) (. .))",55.0,94,Was half a million livres considered a significant amount of money?,Yes,No,1,13,Ġa,1.0,0,1.0,True
21,"Voltaire himself probably won around half a million livres, a large fortune, which he then made even larger.",False,"(S (NP (NP (NNP Voltaire)) (NP (PRP himself))) (ADVP (RB probably)) (VP (VBD won) (NP (NP (QP (IN around) (PDT half) (DT a) (CD million)) (NNS livres)) (, ,) (NP (DT a) (JJ large) (NN fortune)) (, ,) (SBAR (WHNP (WDT which)) (S (NP (PRP he)) (ADVP (RB then)) (VP (VBD made) (S (ADJP (RB even) (JJR larger)))))))) (. .))",55.0,94,Was half a million livres considered a significant amount of money?,Yes,No,1,14,Ġlarge,1.0,0,1.0,True
21,"Voltaire himself probably won around half a million livres, a large fortune, which he then made even larger.",False,"(S (NP (NP (NNP Voltaire)) (NP (PRP himself))) (ADVP (RB probably)) (VP (VBD won) (NP (NP (QP (IN around) (PDT half) (DT a) (CD million)) (NNS livres)) (, ,) (NP (DT a) (JJ large) (NN fortune)) (, ,) (SBAR (WHNP (WDT which)) (S (NP (PRP he)) (ADVP (RB then)) (VP (VBD made) (S (ADJP (RB even) (JJR larger)))))))) (. .))",55.0,94,Was half a million livres considered a significant amount of money?,Yes,No,1,15,Ġfortune,1.0,0,1.0,True
21,"Voltaire himself probably won around half a million livres, a large fortune, which he then made even larger.",False,"(S (NP (NP (NNP Voltaire)) (NP (PRP himself))) (ADVP (RB probably)) (VP (VBD won) (NP (NP (QP (IN around) (PDT half) (DT a) (CD million)) (NNS livres)) (, ,) (NP (DT a) (JJ large) (NN fortune)) (, ,) (SBAR (WHNP (WDT which)) (S (NP (PRP he)) (ADVP (RB then)) (VP (VBD made) (S (ADJP (RB even) (JJR larger)))))))) (. .))",55.0,94,Was half a million livres considered a significant amount of money?,Yes,No,1,16,",",1.0,0,1.0,True
21,"Voltaire himself probably won around half a million livres, a large fortune, which he then made even larger.",False,"(S (NP (NP (NNP Voltaire)) (NP (PRP himself))) (ADVP (RB probably)) (VP (VBD won) (NP (NP (QP (IN around) (PDT half) (DT a) (CD million)) (NNS livres)) (, ,) (NP (DT a) (JJ large) (NN fortune)) (, ,) (SBAR (WHNP (WDT which)) (S (NP (PRP he)) (ADVP (RB then)) (VP (VBD made) (S (ADJP (RB even) (JJR larger)))))))) (. .))",55.0,94,Was half a million livres considered a significant amount of money?,Yes,No,1,17,Ġwhich,1.0,0,1.0,True
21,"Voltaire himself probably won around half a million livres, a large fortune, which he then made even larger.",False,"(S (NP (NP (NNP Voltaire)) (NP (PRP himself))) (ADVP (RB probably)) (VP (VBD won) (NP (NP (QP (IN around) (PDT half) (DT a) (CD million)) (NNS livres)) (, ,) (NP (DT a) (JJ large) (NN fortune)) (, ,) (SBAR (WHNP (WDT which)) (S (NP (PRP he)) (ADVP (RB then)) (VP (VBD made) (S (ADJP (RB even) (JJR larger)))))))) (. .))",55.0,94,Was half a million livres considered a significant amount of money?,Yes,No,1,18,Ġhe,1.0,0,1.0,True
21,"Voltaire himself probably won around half a million livres, a large fortune, which he then made even larger.",False,"(S (NP (NP (NNP Voltaire)) (NP (PRP himself))) (ADVP (RB probably)) (VP (VBD won) (NP (NP (QP (IN around) (PDT half) (DT a) (CD million)) (NNS livres)) (, ,) (NP (DT a) (JJ large) (NN fortune)) (, ,) (SBAR (WHNP (WDT which)) (S (NP (PRP he)) (ADVP (RB then)) (VP (VBD made) (S (ADJP (RB even) (JJR larger)))))))) (. .))",55.0,94,Was half a million livres considered a significant amount of money?,Yes,No,1,19,Ġthen,1.0,0,1.0,True
21,"Voltaire himself probably won around half a million livres, a large fortune, which he then made even larger.",False,"(S (NP (NP (NNP Voltaire)) (NP (PRP himself))) (ADVP (RB probably)) (VP (VBD won) (NP (NP (QP (IN around) (PDT half) (DT a) (CD million)) (NNS livres)) (, ,) (NP (DT a) (JJ large) (NN fortune)) (, ,) (SBAR (WHNP (WDT which)) (S (NP (PRP he)) (ADVP (RB then)) (VP (VBD made) (S (ADJP (RB even) (JJR larger)))))))) (. .))",55.0,94,Was half a million livres considered a significant amount of money?,Yes,No,1,20,Ġmade,1.0,0,1.0,True
21,"Voltaire himself probably won around half a million livres, a large fortune, which he then made even larger.",False,"(S (NP (NP (NNP Voltaire)) (NP (PRP himself))) (ADVP (RB probably)) (VP (VBD won) (NP (NP (QP (IN around) (PDT half) (DT a) (CD million)) (NNS livres)) (, ,) (NP (DT a) (JJ large) (NN fortune)) (, ,) (SBAR (WHNP (WDT which)) (S (NP (PRP he)) (ADVP (RB then)) (VP (VBD made) (S (ADJP (RB even) (JJR larger)))))))) (. .))",55.0,94,Was half a million livres considered a significant amount of money?,Yes,No,1,21,Ġeven,1.0,0,1.0,True
21,"Voltaire himself probably won around half a million livres, a large fortune, which he then made even larger.",False,"(S (NP (NP (NNP Voltaire)) (NP (PRP himself))) (ADVP (RB probably)) (VP (VBD won) (NP (NP (QP (IN around) (PDT half) (DT a) (CD million)) (NNS livres)) (, ,) (NP (DT a) (JJ large) (NN fortune)) (, ,) (SBAR (WHNP (WDT which)) (S (NP (PRP he)) (ADVP (RB then)) (VP (VBD made) (S (ADJP (RB even) (JJR larger)))))))) (. .))",55.0,94,Was half a million livres considered a significant amount of money?,Yes,No,1,22,Ġlarger,1.0,0,1.0,True
21,"Voltaire himself probably won around half a million livres, a large fortune, which he then made even larger.",False,"(S (NP (NP (NNP Voltaire)) (NP (PRP himself))) (ADVP (RB probably)) (VP (VBD won) (NP (NP (QP (IN around) (PDT half) (DT a) (CD million)) (NNS livres)) (, ,) (NP (DT a) (JJ large) (NN fortune)) (, ,) (SBAR (WHNP (WDT which)) (S (NP (PRP he)) (ADVP (RB then)) (VP (VBD made) (S (ADJP (RB even) (JJR larger)))))))) (. .))",55.0,94,Was half a million livres considered a significant amount of money?,Yes,No,1,23,.,1.0,0,1.0,True
22,"When preparing to check out of their hotel room, some frequent travelers pile up their used bath towels on the bathroom floor.",False,"(S (SBAR (WHADVP (WRB When)) (S (VP (VBG preparing) (S (VP (TO to) (VP (VB check) (ADVP (RB out) (PP (IN of) (NP (PRP$ their) (NN hotel) (NN room)))))))))) (, ,) (NP (DT some) (JJ frequent) (NNS travelers)) (VP (VBP pile) (PRT (RP up)) (NP (PRP$ their) (VBN used) (NN bath) (NNS towels)) (PP (IN on) (NP (DT the) (NN bathroom) (NN floor)))) (. .))",31.0,95,Do frequent travellers sometimes pile clean bath towels on the bathroom floor before checking out of a hotel?,Yes,No,0,0,When,1.0,0,1.0,True
22,"When preparing to check out of their hotel room, some frequent travelers pile up their used bath towels on the bathroom floor.",False,"(S (SBAR (WHADVP (WRB When)) (S (VP (VBG preparing) (S (VP (TO to) (VP (VB check) (ADVP (RB out) (PP (IN of) (NP (PRP$ their) (NN hotel) (NN room)))))))))) (, ,) (NP (DT some) (JJ frequent) (NNS travelers)) (VP (VBP pile) (PRT (RP up)) (NP (PRP$ their) (VBN used) (NN bath) (NNS towels)) (PP (IN on) (NP (DT the) (NN bathroom) (NN floor)))) (. .))",31.0,95,Do frequent travellers sometimes pile clean bath towels on the bathroom floor before checking out of a hotel?,Yes,No,0,1,Ġpreparing,1.0,0,1.0,True
22,"When preparing to check out of their hotel room, some frequent travelers pile up their used bath towels on the bathroom floor.",False,"(S (SBAR (WHADVP (WRB When)) (S (VP (VBG preparing) (S (VP (TO to) (VP (VB check) (ADVP (RB out) (PP (IN of) (NP (PRP$ their) (NN hotel) (NN room)))))))))) (, ,) (NP (DT some) (JJ frequent) (NNS travelers)) (VP (VBP pile) (PRT (RP up)) (NP (PRP$ their) (VBN used) (NN bath) (NNS towels)) (PP (IN on) (NP (DT the) (NN bathroom) (NN floor)))) (. .))",31.0,95,Do frequent travellers sometimes pile clean bath towels on the bathroom floor before checking out of a hotel?,Yes,No,0,2,Ġto,1.0,0,1.0,True
22,"When preparing to check out of their hotel room, some frequent travelers pile up their used bath towels on the bathroom floor.",False,"(S (SBAR (WHADVP (WRB When)) (S (VP (VBG preparing) (S (VP (TO to) (VP (VB check) (ADVP (RB out) (PP (IN of) (NP (PRP$ their) (NN hotel) (NN room)))))))))) (, ,) (NP (DT some) (JJ frequent) (NNS travelers)) (VP (VBP pile) (PRT (RP up)) (NP (PRP$ their) (VBN used) (NN bath) (NNS towels)) (PP (IN on) (NP (DT the) (NN bathroom) (NN floor)))) (. .))",31.0,95,Do frequent travellers sometimes pile clean bath towels on the bathroom floor before checking out of a hotel?,Yes,No,0,3,Ġcheck,1.0,0,1.0,True
22,"When preparing to check out of their hotel room, some frequent travelers pile up their used bath towels on the bathroom floor.",False,"(S (SBAR (WHADVP (WRB When)) (S (VP (VBG preparing) (S (VP (TO to) (VP (VB check) (ADVP (RB out) (PP (IN of) (NP (PRP$ their) (NN hotel) (NN room)))))))))) (, ,) (NP (DT some) (JJ frequent) (NNS travelers)) (VP (VBP pile) (PRT (RP up)) (NP (PRP$ their) (VBN used) (NN bath) (NNS towels)) (PP (IN on) (NP (DT the) (NN bathroom) (NN floor)))) (. .))",31.0,95,Do frequent travellers sometimes pile clean bath towels on the bathroom floor before checking out of a hotel?,Yes,No,0,4,Ġout,1.0,0,1.0,True
22,"When preparing to check out of their hotel room, some frequent travelers pile up their used bath towels on the bathroom floor.",False,"(S (SBAR (WHADVP (WRB When)) (S (VP (VBG preparing) (S (VP (TO to) (VP (VB check) (ADVP (RB out) (PP (IN of) (NP (PRP$ their) (NN hotel) (NN room)))))))))) (, ,) (NP (DT some) (JJ frequent) (NNS travelers)) (VP (VBP pile) (PRT (RP up)) (NP (PRP$ their) (VBN used) (NN bath) (NNS towels)) (PP (IN on) (NP (DT the) (NN bathroom) (NN floor)))) (. .))",31.0,95,Do frequent travellers sometimes pile clean bath towels on the bathroom floor before checking out of a hotel?,Yes,No,0,5,Ġof,1.0,0,1.0,True
22,"When preparing to check out of their hotel room, some frequent travelers pile up their used bath towels on the bathroom floor.",False,"(S (SBAR (WHADVP (WRB When)) (S (VP (VBG preparing) (S (VP (TO to) (VP (VB check) (ADVP (RB out) (PP (IN of) (NP (PRP$ their) (NN hotel) (NN room)))))))))) (, ,) (NP (DT some) (JJ frequent) (NNS travelers)) (VP (VBP pile) (PRT (RP up)) (NP (PRP$ their) (VBN used) (NN bath) (NNS towels)) (PP (IN on) (NP (DT the) (NN bathroom) (NN floor)))) (. .))",31.0,95,Do frequent travellers sometimes pile clean bath towels on the bathroom floor before checking out of a hotel?,Yes,No,0,6,Ġtheir,1.0,0,1.0,True
22,"When preparing to check out of their hotel room, some frequent travelers pile up their used bath towels on the bathroom floor.",False,"(S (SBAR (WHADVP (WRB When)) (S (VP (VBG preparing) (S (VP (TO to) (VP (VB check) (ADVP (RB out) (PP (IN of) (NP (PRP$ their) (NN hotel) (NN room)))))))))) (, ,) (NP (DT some) (JJ frequent) (NNS travelers)) (VP (VBP pile) (PRT (RP up)) (NP (PRP$ their) (VBN used) (NN bath) (NNS towels)) (PP (IN on) (NP (DT the) (NN bathroom) (NN floor)))) (. .))",31.0,95,Do frequent travellers sometimes pile clean bath towels on the bathroom floor before checking out of a hotel?,Yes,No,0,7,Ġhotel,1.0,0,1.0,True
22,"When preparing to check out of their hotel room, some frequent travelers pile up their used bath towels on the bathroom floor.",False,"(S (SBAR (WHADVP (WRB When)) (S (VP (VBG preparing) (S (VP (TO to) (VP (VB check) (ADVP (RB out) (PP (IN of) (NP (PRP$ their) (NN hotel) (NN room)))))))))) (, ,) (NP (DT some) (JJ frequent) (NNS travelers)) (VP (VBP pile) (PRT (RP up)) (NP (PRP$ their) (VBN used) (NN bath) (NNS towels)) (PP (IN on) (NP (DT the) (NN bathroom) (NN floor)))) (. .))",31.0,95,Do frequent travellers sometimes pile clean bath towels on the bathroom floor before checking out of a hotel?,Yes,No,0,8,Ġroom,1.0,0,1.0,True
22,"When preparing to check out of their hotel room, some frequent travelers pile up their used bath towels on the bathroom floor.",False,"(S (SBAR (WHADVP (WRB When)) (S (VP (VBG preparing) (S (VP (TO to) (VP (VB check) (ADVP (RB out) (PP (IN of) (NP (PRP$ their) (NN hotel) (NN room)))))))))) (, ,) (NP (DT some) (JJ frequent) (NNS travelers)) (VP (VBP pile) (PRT (RP up)) (NP (PRP$ their) (VBN used) (NN bath) (NNS towels)) (PP (IN on) (NP (DT the) (NN bathroom) (NN floor)))) (. .))",31.0,95,Do frequent travellers sometimes pile clean bath towels on the bathroom floor before checking out of a hotel?,Yes,No,0,9,",",1.0,0,1.0,True
22,"When preparing to check out of their hotel room, some frequent travelers pile up their used bath towels on the bathroom floor.",False,"(S (SBAR (WHADVP (WRB When)) (S (VP (VBG preparing) (S (VP (TO to) (VP (VB check) (ADVP (RB out) (PP (IN of) (NP (PRP$ their) (NN hotel) (NN room)))))))))) (, ,) (NP (DT some) (JJ frequent) (NNS travelers)) (VP (VBP pile) (PRT (RP up)) (NP (PRP$ their) (VBN used) (NN bath) (NNS towels)) (PP (IN on) (NP (DT the) (NN bathroom) (NN floor)))) (. .))",31.0,95,Do frequent travellers sometimes pile clean bath towels on the bathroom floor before checking out of a hotel?,Yes,No,0,10,Ġsome,1.0,0,1.0,True
22,"When preparing to check out of their hotel room, some frequent travelers pile up their used bath towels on the bathroom floor.",False,"(S (SBAR (WHADVP (WRB When)) (S (VP (VBG preparing) (S (VP (TO to) (VP (VB check) (ADVP (RB out) (PP (IN of) (NP (PRP$ their) (NN hotel) (NN room)))))))))) (, ,) (NP (DT some) (JJ frequent) (NNS travelers)) (VP (VBP pile) (PRT (RP up)) (NP (PRP$ their) (VBN used) (NN bath) (NNS towels)) (PP (IN on) (NP (DT the) (NN bathroom) (NN floor)))) (. .))",31.0,95,Do frequent travellers sometimes pile clean bath towels on the bathroom floor before checking out of a hotel?,Yes,No,0,11,Ġfrequent,1.0,0,1.0,True
22,"When preparing to check out of their hotel room, some frequent travelers pile up their used bath towels on the bathroom floor.",False,"(S (SBAR (WHADVP (WRB When)) (S (VP (VBG preparing) (S (VP (TO to) (VP (VB check) (ADVP (RB out) (PP (IN of) (NP (PRP$ their) (NN hotel) (NN room)))))))))) (, ,) (NP (DT some) (JJ frequent) (NNS travelers)) (VP (VBP pile) (PRT (RP up)) (NP (PRP$ their) (VBN used) (NN bath) (NNS towels)) (PP (IN on) (NP (DT the) (NN bathroom) (NN floor)))) (. .))",31.0,95,Do frequent travellers sometimes pile clean bath towels on the bathroom floor before checking out of a hotel?,Yes,No,0,12,Ġtravelers,1.0,0,1.0,True
22,"When preparing to check out of their hotel room, some frequent travelers pile up their used bath towels on the bathroom floor.",False,"(S (SBAR (WHADVP (WRB When)) (S (VP (VBG preparing) (S (VP (TO to) (VP (VB check) (ADVP (RB out) (PP (IN of) (NP (PRP$ their) (NN hotel) (NN room)))))))))) (, ,) (NP (DT some) (JJ frequent) (NNS travelers)) (VP (VBP pile) (PRT (RP up)) (NP (PRP$ their) (VBN used) (NN bath) (NNS towels)) (PP (IN on) (NP (DT the) (NN bathroom) (NN floor)))) (. .))",31.0,95,Do frequent travellers sometimes pile clean bath towels on the bathroom floor before checking out of a hotel?,Yes,No,0,13,Ġpile,1.0,0,1.0,True
22,"When preparing to check out of their hotel room, some frequent travelers pile up their used bath towels on the bathroom floor.",False,"(S (SBAR (WHADVP (WRB When)) (S (VP (VBG preparing) (S (VP (TO to) (VP (VB check) (ADVP (RB out) (PP (IN of) (NP (PRP$ their) (NN hotel) (NN room)))))))))) (, ,) (NP (DT some) (JJ frequent) (NNS travelers)) (VP (VBP pile) (PRT (RP up)) (NP (PRP$ their) (VBN used) (NN bath) (NNS towels)) (PP (IN on) (NP (DT the) (NN bathroom) (NN floor)))) (. .))",31.0,95,Do frequent travellers sometimes pile clean bath towels on the bathroom floor before checking out of a hotel?,Yes,No,0,14,Ġup,1.0,0,1.0,True
22,"When preparing to check out of their hotel room, some frequent travelers pile up their used bath towels on the bathroom floor.",False,"(S (SBAR (WHADVP (WRB When)) (S (VP (VBG preparing) (S (VP (TO to) (VP (VB check) (ADVP (RB out) (PP (IN of) (NP (PRP$ their) (NN hotel) (NN room)))))))))) (, ,) (NP (DT some) (JJ frequent) (NNS travelers)) (VP (VBP pile) (PRT (RP up)) (NP (PRP$ their) (VBN used) (NN bath) (NNS towels)) (PP (IN on) (NP (DT the) (NN bathroom) (NN floor)))) (. .))",31.0,95,Do frequent travellers sometimes pile clean bath towels on the bathroom floor before checking out of a hotel?,Yes,No,0,15,Ġtheir,1.0,0,1.0,True
22,"When preparing to check out of their hotel room, some frequent travelers pile up their used bath towels on the bathroom floor.",False,"(S (SBAR (WHADVP (WRB When)) (S (VP (VBG preparing) (S (VP (TO to) (VP (VB check) (ADVP (RB out) (PP (IN of) (NP (PRP$ their) (NN hotel) (NN room)))))))))) (, ,) (NP (DT some) (JJ frequent) (NNS travelers)) (VP (VBP pile) (PRT (RP up)) (NP (PRP$ their) (VBN used) (NN bath) (NNS towels)) (PP (IN on) (NP (DT the) (NN bathroom) (NN floor)))) (. .))",31.0,95,Do frequent travellers sometimes pile clean bath towels on the bathroom floor before checking out of a hotel?,Yes,No,0,16,Ġused,1.0,0,1.0,True
22,"When preparing to check out of their hotel room, some frequent travelers pile up their used bath towels on the bathroom floor.",False,"(S (SBAR (WHADVP (WRB When)) (S (VP (VBG preparing) (S (VP (TO to) (VP (VB check) (ADVP (RB out) (PP (IN of) (NP (PRP$ their) (NN hotel) (NN room)))))))))) (, ,) (NP (DT some) (JJ frequent) (NNS travelers)) (VP (VBP pile) (PRT (RP up)) (NP (PRP$ their) (VBN used) (NN bath) (NNS towels)) (PP (IN on) (NP (DT the) (NN bathroom) (NN floor)))) (. .))",31.0,95,Do frequent travellers sometimes pile clean bath towels on the bathroom floor before checking out of a hotel?,Yes,No,0,17,Ġbath,1.0,0,1.0,True
22,"When preparing to check out of their hotel room, some frequent travelers pile up their used bath towels on the bathroom floor.",False,"(S (SBAR (WHADVP (WRB When)) (S (VP (VBG preparing) (S (VP (TO to) (VP (VB check) (ADVP (RB out) (PP (IN of) (NP (PRP$ their) (NN hotel) (NN room)))))))))) (, ,) (NP (DT some) (JJ frequent) (NNS travelers)) (VP (VBP pile) (PRT (RP up)) (NP (PRP$ their) (VBN used) (NN bath) (NNS towels)) (PP (IN on) (NP (DT the) (NN bathroom) (NN floor)))) (. .))",31.0,95,Do frequent travellers sometimes pile clean bath towels on the bathroom floor before checking out of a hotel?,Yes,No,0,18,Ġtowels,1.0,0,1.0,True
22,"When preparing to check out of their hotel room, some frequent travelers pile up their used bath towels on the bathroom floor.",False,"(S (SBAR (WHADVP (WRB When)) (S (VP (VBG preparing) (S (VP (TO to) (VP (VB check) (ADVP (RB out) (PP (IN of) (NP (PRP$ their) (NN hotel) (NN room)))))))))) (, ,) (NP (DT some) (JJ frequent) (NNS travelers)) (VP (VBP pile) (PRT (RP up)) (NP (PRP$ their) (VBN used) (NN bath) (NNS towels)) (PP (IN on) (NP (DT the) (NN bathroom) (NN floor)))) (. .))",31.0,95,Do frequent travellers sometimes pile clean bath towels on the bathroom floor before checking out of a hotel?,Yes,No,0,19,Ġon,1.0,0,1.0,True
22,"When preparing to check out of their hotel room, some frequent travelers pile up their used bath towels on the bathroom floor.",False,"(S (SBAR (WHADVP (WRB When)) (S (VP (VBG preparing) (S (VP (TO to) (VP (VB check) (ADVP (RB out) (PP (IN of) (NP (PRP$ their) (NN hotel) (NN room)))))))))) (, ,) (NP (DT some) (JJ frequent) (NNS travelers)) (VP (VBP pile) (PRT (RP up)) (NP (PRP$ their) (VBN used) (NN bath) (NNS towels)) (PP (IN on) (NP (DT the) (NN bathroom) (NN floor)))) (. .))",31.0,95,Do frequent travellers sometimes pile clean bath towels on the bathroom floor before checking out of a hotel?,Yes,No,0,20,Ġthe,1.0,0,1.0,True
22,"When preparing to check out of their hotel room, some frequent travelers pile up their used bath towels on the bathroom floor.",False,"(S (SBAR (WHADVP (WRB When)) (S (VP (VBG preparing) (S (VP (TO to) (VP (VB check) (ADVP (RB out) (PP (IN of) (NP (PRP$ their) (NN hotel) (NN room)))))))))) (, ,) (NP (DT some) (JJ frequent) (NNS travelers)) (VP (VBP pile) (PRT (RP up)) (NP (PRP$ their) (VBN used) (NN bath) (NNS towels)) (PP (IN on) (NP (DT the) (NN bathroom) (NN floor)))) (. .))",31.0,95,Do frequent travellers sometimes pile clean bath towels on the bathroom floor before checking out of a hotel?,Yes,No,0,21,Ġbathroom,1.0,0,1.0,True
22,"When preparing to check out of their hotel room, some frequent travelers pile up their used bath towels on the bathroom floor.",False,"(S (SBAR (WHADVP (WRB When)) (S (VP (VBG preparing) (S (VP (TO to) (VP (VB check) (ADVP (RB out) (PP (IN of) (NP (PRP$ their) (NN hotel) (NN room)))))))))) (, ,) (NP (DT some) (JJ frequent) (NNS travelers)) (VP (VBP pile) (PRT (RP up)) (NP (PRP$ their) (VBN used) (NN bath) (NNS towels)) (PP (IN on) (NP (DT the) (NN bathroom) (NN floor)))) (. .))",31.0,95,Do frequent travellers sometimes pile clean bath towels on the bathroom floor before checking out of a hotel?,Yes,No,0,22,Ġfloor,1.0,0,1.0,True
22,"When preparing to check out of their hotel room, some frequent travelers pile up their used bath towels on the bathroom floor.",False,"(S (SBAR (WHADVP (WRB When)) (S (VP (VBG preparing) (S (VP (TO to) (VP (VB check) (ADVP (RB out) (PP (IN of) (NP (PRP$ their) (NN hotel) (NN room)))))))))) (, ,) (NP (DT some) (JJ frequent) (NNS travelers)) (VP (VBP pile) (PRT (RP up)) (NP (PRP$ their) (VBN used) (NN bath) (NNS towels)) (PP (IN on) (NP (DT the) (NN bathroom) (NN floor)))) (. .))",31.0,95,Do frequent travellers sometimes pile clean bath towels on the bathroom floor before checking out of a hotel?,Yes,No,0,23,.,1.0,0,1.0,True
23,Research showing that a tiny European river bug called the water boatman may be the loudest animal on earth.,False,(NP (NP (NN Research)) (VP (VBG showing) (SBAR (IN that) (S (NP (NP (DT a) (JJ tiny) (JJ European) (NN river) (NN bug)) (VP (VBD called) (S (NP (DT the) (NN water) (NN boatman))))) (VP (MD may) (VP (VB be) (NP (NP (DT the) (JJS loudest) (NN animal)) (PP (IN on) (NP (NN earth))))))))) (. .)),41.0,96,What makes water boatman distinctive?,Its size,Its sound,0,0,Research,1.0,0,1.0,True
23,Research showing that a tiny European river bug called the water boatman may be the loudest animal on earth.,False,(NP (NP (NN Research)) (VP (VBG showing) (SBAR (IN that) (S (NP (NP (DT a) (JJ tiny) (JJ European) (NN river) (NN bug)) (VP (VBD called) (S (NP (DT the) (NN water) (NN boatman))))) (VP (MD may) (VP (VB be) (NP (NP (DT the) (JJS loudest) (NN animal)) (PP (IN on) (NP (NN earth))))))))) (. .)),41.0,96,What makes water boatman distinctive?,Its size,Its sound,0,1,Ġshowing,1.0,0,1.0,True
23,Research showing that a tiny European river bug called the water boatman may be the loudest animal on earth.,False,(NP (NP (NN Research)) (VP (VBG showing) (SBAR (IN that) (S (NP (NP (DT a) (JJ tiny) (JJ European) (NN river) (NN bug)) (VP (VBD called) (S (NP (DT the) (NN water) (NN boatman))))) (VP (MD may) (VP (VB be) (NP (NP (DT the) (JJS loudest) (NN animal)) (PP (IN on) (NP (NN earth))))))))) (. .)),41.0,96,What makes water boatman distinctive?,Its size,Its sound,0,2,Ġthat,1.0,0,1.0,True
23,Research showing that a tiny European river bug called the water boatman may be the loudest animal on earth.,False,(NP (NP (NN Research)) (VP (VBG showing) (SBAR (IN that) (S (NP (NP (DT a) (JJ tiny) (JJ European) (NN river) (NN bug)) (VP (VBD called) (S (NP (DT the) (NN water) (NN boatman))))) (VP (MD may) (VP (VB be) (NP (NP (DT the) (JJS loudest) (NN animal)) (PP (IN on) (NP (NN earth))))))))) (. .)),41.0,96,What makes water boatman distinctive?,Its size,Its sound,0,3,Ġa,1.0,0,1.0,True
23,Research showing that a tiny European river bug called the water boatman may be the loudest animal on earth.,False,(NP (NP (NN Research)) (VP (VBG showing) (SBAR (IN that) (S (NP (NP (DT a) (JJ tiny) (JJ European) (NN river) (NN bug)) (VP (VBD called) (S (NP (DT the) (NN water) (NN boatman))))) (VP (MD may) (VP (VB be) (NP (NP (DT the) (JJS loudest) (NN animal)) (PP (IN on) (NP (NN earth))))))))) (. .)),41.0,96,What makes water boatman distinctive?,Its size,Its sound,0,4,Ġtiny,1.0,0,1.0,True
23,Research showing that a tiny European river bug called the water boatman may be the loudest animal on earth.,False,(NP (NP (NN Research)) (VP (VBG showing) (SBAR (IN that) (S (NP (NP (DT a) (JJ tiny) (JJ European) (NN river) (NN bug)) (VP (VBD called) (S (NP (DT the) (NN water) (NN boatman))))) (VP (MD may) (VP (VB be) (NP (NP (DT the) (JJS loudest) (NN animal)) (PP (IN on) (NP (NN earth))))))))) (. .)),41.0,96,What makes water boatman distinctive?,Its size,Its sound,0,5,ĠEuropean,1.0,0,1.0,True
23,Research showing that a tiny European river bug called the water boatman may be the loudest animal on earth.,False,(NP (NP (NN Research)) (VP (VBG showing) (SBAR (IN that) (S (NP (NP (DT a) (JJ tiny) (JJ European) (NN river) (NN bug)) (VP (VBD called) (S (NP (DT the) (NN water) (NN boatman))))) (VP (MD may) (VP (VB be) (NP (NP (DT the) (JJS loudest) (NN animal)) (PP (IN on) (NP (NN earth))))))))) (. .)),41.0,96,What makes water boatman distinctive?,Its size,Its sound,0,6,Ġriver,1.0,0,1.0,True
23,Research showing that a tiny European river bug called the water boatman may be the loudest animal on earth.,False,(NP (NP (NN Research)) (VP (VBG showing) (SBAR (IN that) (S (NP (NP (DT a) (JJ tiny) (JJ European) (NN river) (NN bug)) (VP (VBD called) (S (NP (DT the) (NN water) (NN boatman))))) (VP (MD may) (VP (VB be) (NP (NP (DT the) (JJS loudest) (NN animal)) (PP (IN on) (NP (NN earth))))))))) (. .)),41.0,96,What makes water boatman distinctive?,Its size,Its sound,0,7,Ġbug,1.0,0,1.0,True
23,Research showing that a tiny European river bug called the water boatman may be the loudest animal on earth.,False,(NP (NP (NN Research)) (VP (VBG showing) (SBAR (IN that) (S (NP (NP (DT a) (JJ tiny) (JJ European) (NN river) (NN bug)) (VP (VBD called) (S (NP (DT the) (NN water) (NN boatman))))) (VP (MD may) (VP (VB be) (NP (NP (DT the) (JJS loudest) (NN animal)) (PP (IN on) (NP (NN earth))))))))) (. .)),41.0,96,What makes water boatman distinctive?,Its size,Its sound,0,8,Ġcalled,1.0,0,1.0,True
23,Research showing that a tiny European river bug called the water boatman may be the loudest animal on earth.,False,(NP (NP (NN Research)) (VP (VBG showing) (SBAR (IN that) (S (NP (NP (DT a) (JJ tiny) (JJ European) (NN river) (NN bug)) (VP (VBD called) (S (NP (DT the) (NN water) (NN boatman))))) (VP (MD may) (VP (VB be) (NP (NP (DT the) (JJS loudest) (NN animal)) (PP (IN on) (NP (NN earth))))))))) (. .)),41.0,96,What makes water boatman distinctive?,Its size,Its sound,0,9,Ġthe,1.0,0,1.0,True
23,Research showing that a tiny European river bug called the water boatman may be the loudest animal on earth.,False,(NP (NP (NN Research)) (VP (VBG showing) (SBAR (IN that) (S (NP (NP (DT a) (JJ tiny) (JJ European) (NN river) (NN bug)) (VP (VBD called) (S (NP (DT the) (NN water) (NN boatman))))) (VP (MD may) (VP (VB be) (NP (NP (DT the) (JJS loudest) (NN animal)) (PP (IN on) (NP (NN earth))))))))) (. .)),41.0,96,What makes water boatman distinctive?,Its size,Its sound,0,10,Ġwater,1.0,0,1.0,True
23,Research showing that a tiny European river bug called the water boatman may be the loudest animal on earth.,False,(NP (NP (NN Research)) (VP (VBG showing) (SBAR (IN that) (S (NP (NP (DT a) (JJ tiny) (JJ European) (NN river) (NN bug)) (VP (VBD called) (S (NP (DT the) (NN water) (NN boatman))))) (VP (MD may) (VP (VB be) (NP (NP (DT the) (JJS loudest) (NN animal)) (PP (IN on) (NP (NN earth))))))))) (. .)),41.0,96,What makes water boatman distinctive?,Its size,Its sound,0,11,Ġboat,1.0,0,1.0,True
23,Research showing that a tiny European river bug called the water boatman may be the loudest animal on earth.,False,(NP (NP (NN Research)) (VP (VBG showing) (SBAR (IN that) (S (NP (NP (DT a) (JJ tiny) (JJ European) (NN river) (NN bug)) (VP (VBD called) (S (NP (DT the) (NN water) (NN boatman))))) (VP (MD may) (VP (VB be) (NP (NP (DT the) (JJS loudest) (NN animal)) (PP (IN on) (NP (NN earth))))))))) (. .)),41.0,96,What makes water boatman distinctive?,Its size,Its sound,0,12,man,1.0,0,1.0,True
23,Research showing that a tiny European river bug called the water boatman may be the loudest animal on earth.,False,(NP (NP (NN Research)) (VP (VBG showing) (SBAR (IN that) (S (NP (NP (DT a) (JJ tiny) (JJ European) (NN river) (NN bug)) (VP (VBD called) (S (NP (DT the) (NN water) (NN boatman))))) (VP (MD may) (VP (VB be) (NP (NP (DT the) (JJS loudest) (NN animal)) (PP (IN on) (NP (NN earth))))))))) (. .)),41.0,96,What makes water boatman distinctive?,Its size,Its sound,0,13,Ġmay,1.0,0,1.0,True
23,Research showing that a tiny European river bug called the water boatman may be the loudest animal on earth.,False,(NP (NP (NN Research)) (VP (VBG showing) (SBAR (IN that) (S (NP (NP (DT a) (JJ tiny) (JJ European) (NN river) (NN bug)) (VP (VBD called) (S (NP (DT the) (NN water) (NN boatman))))) (VP (MD may) (VP (VB be) (NP (NP (DT the) (JJS loudest) (NN animal)) (PP (IN on) (NP (NN earth))))))))) (. .)),41.0,96,What makes water boatman distinctive?,Its size,Its sound,0,14,Ġbe,1.0,0,1.0,True
23,Research showing that a tiny European river bug called the water boatman may be the loudest animal on earth.,False,(NP (NP (NN Research)) (VP (VBG showing) (SBAR (IN that) (S (NP (NP (DT a) (JJ tiny) (JJ European) (NN river) (NN bug)) (VP (VBD called) (S (NP (DT the) (NN water) (NN boatman))))) (VP (MD may) (VP (VB be) (NP (NP (DT the) (JJS loudest) (NN animal)) (PP (IN on) (NP (NN earth))))))))) (. .)),41.0,96,What makes water boatman distinctive?,Its size,Its sound,0,15,Ġthe,1.0,0,1.0,True
23,Research showing that a tiny European river bug called the water boatman may be the loudest animal on earth.,False,(NP (NP (NN Research)) (VP (VBG showing) (SBAR (IN that) (S (NP (NP (DT a) (JJ tiny) (JJ European) (NN river) (NN bug)) (VP (VBD called) (S (NP (DT the) (NN water) (NN boatman))))) (VP (MD may) (VP (VB be) (NP (NP (DT the) (JJS loudest) (NN animal)) (PP (IN on) (NP (NN earth))))))))) (. .)),41.0,96,What makes water boatman distinctive?,Its size,Its sound,0,16,Ġloud,1.0,0,1.0,True
23,Research showing that a tiny European river bug called the water boatman may be the loudest animal on earth.,False,(NP (NP (NN Research)) (VP (VBG showing) (SBAR (IN that) (S (NP (NP (DT a) (JJ tiny) (JJ European) (NN river) (NN bug)) (VP (VBD called) (S (NP (DT the) (NN water) (NN boatman))))) (VP (MD may) (VP (VB be) (NP (NP (DT the) (JJS loudest) (NN animal)) (PP (IN on) (NP (NN earth))))))))) (. .)),41.0,96,What makes water boatman distinctive?,Its size,Its sound,0,17,est,1.0,0,1.0,True
23,Research showing that a tiny European river bug called the water boatman may be the loudest animal on earth.,False,(NP (NP (NN Research)) (VP (VBG showing) (SBAR (IN that) (S (NP (NP (DT a) (JJ tiny) (JJ European) (NN river) (NN bug)) (VP (VBD called) (S (NP (DT the) (NN water) (NN boatman))))) (VP (MD may) (VP (VB be) (NP (NP (DT the) (JJS loudest) (NN animal)) (PP (IN on) (NP (NN earth))))))))) (. .)),41.0,96,What makes water boatman distinctive?,Its size,Its sound,0,18,Ġanimal,1.0,0,1.0,True
23,Research showing that a tiny European river bug called the water boatman may be the loudest animal on earth.,False,(NP (NP (NN Research)) (VP (VBG showing) (SBAR (IN that) (S (NP (NP (DT a) (JJ tiny) (JJ European) (NN river) (NN bug)) (VP (VBD called) (S (NP (DT the) (NN water) (NN boatman))))) (VP (MD may) (VP (VB be) (NP (NP (DT the) (JJS loudest) (NN animal)) (PP (IN on) (NP (NN earth))))))))) (. .)),41.0,96,What makes water boatman distinctive?,Its size,Its sound,0,19,Ġon,1.0,0,1.0,True
23,Research showing that a tiny European river bug called the water boatman may be the loudest animal on earth.,False,(NP (NP (NN Research)) (VP (VBG showing) (SBAR (IN that) (S (NP (NP (DT a) (JJ tiny) (JJ European) (NN river) (NN bug)) (VP (VBD called) (S (NP (DT the) (NN water) (NN boatman))))) (VP (MD may) (VP (VB be) (NP (NP (DT the) (JJS loudest) (NN animal)) (PP (IN on) (NP (NN earth))))))))) (. .)),41.0,96,What makes water boatman distinctive?,Its size,Its sound,0,20,Ġearth,1.0,0,1.0,True
23,Research showing that a tiny European river bug called the water boatman may be the loudest animal on earth.,False,(NP (NP (NN Research)) (VP (VBG showing) (SBAR (IN that) (S (NP (NP (DT a) (JJ tiny) (JJ European) (NN river) (NN bug)) (VP (VBD called) (S (NP (DT the) (NN water) (NN boatman))))) (VP (MD may) (VP (VB be) (NP (NP (DT the) (JJS loudest) (NN animal)) (PP (IN on) (NP (NN earth))))))))) (. .)),41.0,96,What makes water boatman distinctive?,Its size,Its sound,0,21,.,1.0,0,1.0,True
24,"When the new world was first discovered it was found to be, like the old, well stocked with plants and animals.",False,"(S (SBAR (WHADVP (WRB When)) (S (NP (DT the) (NNP new) (NNP world)) (VP (VBD was) (ADVP (RB first)) (VP (VBN discovered))))) (NP (PRP it)) (VP (VBD was) (VP (VBN found) (S (VP (TO to) (VP (VB be) (, ,) (PP (IN like) (NP (DT the) (JJ old))) (, ,) (ADJP (RB well) (VBN stocked) (PP (IN with) (NP (NNS plants) (CC and) (NNS animals))))))))) (. .))",50.0,97,Was the old world well stocked with plants and animals?,Yes,No,1,0,When,1.0,0,1.0,True
24,"When the new world was first discovered it was found to be, like the old, well stocked with plants and animals.",False,"(S (SBAR (WHADVP (WRB When)) (S (NP (DT the) (NNP new) (NNP world)) (VP (VBD was) (ADVP (RB first)) (VP (VBN discovered))))) (NP (PRP it)) (VP (VBD was) (VP (VBN found) (S (VP (TO to) (VP (VB be) (, ,) (PP (IN like) (NP (DT the) (JJ old))) (, ,) (ADJP (RB well) (VBN stocked) (PP (IN with) (NP (NNS plants) (CC and) (NNS animals))))))))) (. .))",50.0,97,Was the old world well stocked with plants and animals?,Yes,No,1,1,Ġthe,1.0,0,1.0,True
24,"When the new world was first discovered it was found to be, like the old, well stocked with plants and animals.",False,"(S (SBAR (WHADVP (WRB When)) (S (NP (DT the) (NNP new) (NNP world)) (VP (VBD was) (ADVP (RB first)) (VP (VBN discovered))))) (NP (PRP it)) (VP (VBD was) (VP (VBN found) (S (VP (TO to) (VP (VB be) (, ,) (PP (IN like) (NP (DT the) (JJ old))) (, ,) (ADJP (RB well) (VBN stocked) (PP (IN with) (NP (NNS plants) (CC and) (NNS animals))))))))) (. .))",50.0,97,Was the old world well stocked with plants and animals?,Yes,No,1,2,Ġnew,1.0,0,1.0,True
24,"When the new world was first discovered it was found to be, like the old, well stocked with plants and animals.",False,"(S (SBAR (WHADVP (WRB When)) (S (NP (DT the) (NNP new) (NNP world)) (VP (VBD was) (ADVP (RB first)) (VP (VBN discovered))))) (NP (PRP it)) (VP (VBD was) (VP (VBN found) (S (VP (TO to) (VP (VB be) (, ,) (PP (IN like) (NP (DT the) (JJ old))) (, ,) (ADJP (RB well) (VBN stocked) (PP (IN with) (NP (NNS plants) (CC and) (NNS animals))))))))) (. .))",50.0,97,Was the old world well stocked with plants and animals?,Yes,No,1,3,Ġworld,1.0,0,1.0,True
24,"When the new world was first discovered it was found to be, like the old, well stocked with plants and animals.",False,"(S (SBAR (WHADVP (WRB When)) (S (NP (DT the) (NNP new) (NNP world)) (VP (VBD was) (ADVP (RB first)) (VP (VBN discovered))))) (NP (PRP it)) (VP (VBD was) (VP (VBN found) (S (VP (TO to) (VP (VB be) (, ,) (PP (IN like) (NP (DT the) (JJ old))) (, ,) (ADJP (RB well) (VBN stocked) (PP (IN with) (NP (NNS plants) (CC and) (NNS animals))))))))) (. .))",50.0,97,Was the old world well stocked with plants and animals?,Yes,No,1,4,Ġwas,1.0,0,1.0,True
24,"When the new world was first discovered it was found to be, like the old, well stocked with plants and animals.",False,"(S (SBAR (WHADVP (WRB When)) (S (NP (DT the) (NNP new) (NNP world)) (VP (VBD was) (ADVP (RB first)) (VP (VBN discovered))))) (NP (PRP it)) (VP (VBD was) (VP (VBN found) (S (VP (TO to) (VP (VB be) (, ,) (PP (IN like) (NP (DT the) (JJ old))) (, ,) (ADJP (RB well) (VBN stocked) (PP (IN with) (NP (NNS plants) (CC and) (NNS animals))))))))) (. .))",50.0,97,Was the old world well stocked with plants and animals?,Yes,No,1,5,Ġfirst,1.0,0,1.0,True
24,"When the new world was first discovered it was found to be, like the old, well stocked with plants and animals.",False,"(S (SBAR (WHADVP (WRB When)) (S (NP (DT the) (NNP new) (NNP world)) (VP (VBD was) (ADVP (RB first)) (VP (VBN discovered))))) (NP (PRP it)) (VP (VBD was) (VP (VBN found) (S (VP (TO to) (VP (VB be) (, ,) (PP (IN like) (NP (DT the) (JJ old))) (, ,) (ADJP (RB well) (VBN stocked) (PP (IN with) (NP (NNS plants) (CC and) (NNS animals))))))))) (. .))",50.0,97,Was the old world well stocked with plants and animals?,Yes,No,1,6,Ġdiscovered,1.0,0,1.0,True
24,"When the new world was first discovered it was found to be, like the old, well stocked with plants and animals.",False,"(S (SBAR (WHADVP (WRB When)) (S (NP (DT the) (NNP new) (NNP world)) (VP (VBD was) (ADVP (RB first)) (VP (VBN discovered))))) (NP (PRP it)) (VP (VBD was) (VP (VBN found) (S (VP (TO to) (VP (VB be) (, ,) (PP (IN like) (NP (DT the) (JJ old))) (, ,) (ADJP (RB well) (VBN stocked) (PP (IN with) (NP (NNS plants) (CC and) (NNS animals))))))))) (. .))",50.0,97,Was the old world well stocked with plants and animals?,Yes,No,1,7,Ġit,1.0,0,1.0,True
24,"When the new world was first discovered it was found to be, like the old, well stocked with plants and animals.",False,"(S (SBAR (WHADVP (WRB When)) (S (NP (DT the) (NNP new) (NNP world)) (VP (VBD was) (ADVP (RB first)) (VP (VBN discovered))))) (NP (PRP it)) (VP (VBD was) (VP (VBN found) (S (VP (TO to) (VP (VB be) (, ,) (PP (IN like) (NP (DT the) (JJ old))) (, ,) (ADJP (RB well) (VBN stocked) (PP (IN with) (NP (NNS plants) (CC and) (NNS animals))))))))) (. .))",50.0,97,Was the old world well stocked with plants and animals?,Yes,No,1,8,Ġwas,1.0,0,1.0,True
24,"When the new world was first discovered it was found to be, like the old, well stocked with plants and animals.",False,"(S (SBAR (WHADVP (WRB When)) (S (NP (DT the) (NNP new) (NNP world)) (VP (VBD was) (ADVP (RB first)) (VP (VBN discovered))))) (NP (PRP it)) (VP (VBD was) (VP (VBN found) (S (VP (TO to) (VP (VB be) (, ,) (PP (IN like) (NP (DT the) (JJ old))) (, ,) (ADJP (RB well) (VBN stocked) (PP (IN with) (NP (NNS plants) (CC and) (NNS animals))))))))) (. .))",50.0,97,Was the old world well stocked with plants and animals?,Yes,No,1,9,Ġfound,1.0,0,1.0,True
24,"When the new world was first discovered it was found to be, like the old, well stocked with plants and animals.",False,"(S (SBAR (WHADVP (WRB When)) (S (NP (DT the) (NNP new) (NNP world)) (VP (VBD was) (ADVP (RB first)) (VP (VBN discovered))))) (NP (PRP it)) (VP (VBD was) (VP (VBN found) (S (VP (TO to) (VP (VB be) (, ,) (PP (IN like) (NP (DT the) (JJ old))) (, ,) (ADJP (RB well) (VBN stocked) (PP (IN with) (NP (NNS plants) (CC and) (NNS animals))))))))) (. .))",50.0,97,Was the old world well stocked with plants and animals?,Yes,No,1,10,Ġto,1.0,0,1.0,True
24,"When the new world was first discovered it was found to be, like the old, well stocked with plants and animals.",False,"(S (SBAR (WHADVP (WRB When)) (S (NP (DT the) (NNP new) (NNP world)) (VP (VBD was) (ADVP (RB first)) (VP (VBN discovered))))) (NP (PRP it)) (VP (VBD was) (VP (VBN found) (S (VP (TO to) (VP (VB be) (, ,) (PP (IN like) (NP (DT the) (JJ old))) (, ,) (ADJP (RB well) (VBN stocked) (PP (IN with) (NP (NNS plants) (CC and) (NNS animals))))))))) (. .))",50.0,97,Was the old world well stocked with plants and animals?,Yes,No,1,11,Ġbe,1.0,0,1.0,True
24,"When the new world was first discovered it was found to be, like the old, well stocked with plants and animals.",False,"(S (SBAR (WHADVP (WRB When)) (S (NP (DT the) (NNP new) (NNP world)) (VP (VBD was) (ADVP (RB first)) (VP (VBN discovered))))) (NP (PRP it)) (VP (VBD was) (VP (VBN found) (S (VP (TO to) (VP (VB be) (, ,) (PP (IN like) (NP (DT the) (JJ old))) (, ,) (ADJP (RB well) (VBN stocked) (PP (IN with) (NP (NNS plants) (CC and) (NNS animals))))))))) (. .))",50.0,97,Was the old world well stocked with plants and animals?,Yes,No,1,12,",",1.0,0,1.0,True
24,"When the new world was first discovered it was found to be, like the old, well stocked with plants and animals.",False,"(S (SBAR (WHADVP (WRB When)) (S (NP (DT the) (NNP new) (NNP world)) (VP (VBD was) (ADVP (RB first)) (VP (VBN discovered))))) (NP (PRP it)) (VP (VBD was) (VP (VBN found) (S (VP (TO to) (VP (VB be) (, ,) (PP (IN like) (NP (DT the) (JJ old))) (, ,) (ADJP (RB well) (VBN stocked) (PP (IN with) (NP (NNS plants) (CC and) (NNS animals))))))))) (. .))",50.0,97,Was the old world well stocked with plants and animals?,Yes,No,1,13,Ġlike,1.0,0,1.0,True
24,"When the new world was first discovered it was found to be, like the old, well stocked with plants and animals.",False,"(S (SBAR (WHADVP (WRB When)) (S (NP (DT the) (NNP new) (NNP world)) (VP (VBD was) (ADVP (RB first)) (VP (VBN discovered))))) (NP (PRP it)) (VP (VBD was) (VP (VBN found) (S (VP (TO to) (VP (VB be) (, ,) (PP (IN like) (NP (DT the) (JJ old))) (, ,) (ADJP (RB well) (VBN stocked) (PP (IN with) (NP (NNS plants) (CC and) (NNS animals))))))))) (. .))",50.0,97,Was the old world well stocked with plants and animals?,Yes,No,1,14,Ġthe,1.0,0,1.0,True
24,"When the new world was first discovered it was found to be, like the old, well stocked with plants and animals.",False,"(S (SBAR (WHADVP (WRB When)) (S (NP (DT the) (NNP new) (NNP world)) (VP (VBD was) (ADVP (RB first)) (VP (VBN discovered))))) (NP (PRP it)) (VP (VBD was) (VP (VBN found) (S (VP (TO to) (VP (VB be) (, ,) (PP (IN like) (NP (DT the) (JJ old))) (, ,) (ADJP (RB well) (VBN stocked) (PP (IN with) (NP (NNS plants) (CC and) (NNS animals))))))))) (. .))",50.0,97,Was the old world well stocked with plants and animals?,Yes,No,1,15,Ġold,1.0,0,1.0,True
24,"When the new world was first discovered it was found to be, like the old, well stocked with plants and animals.",False,"(S (SBAR (WHADVP (WRB When)) (S (NP (DT the) (NNP new) (NNP world)) (VP (VBD was) (ADVP (RB first)) (VP (VBN discovered))))) (NP (PRP it)) (VP (VBD was) (VP (VBN found) (S (VP (TO to) (VP (VB be) (, ,) (PP (IN like) (NP (DT the) (JJ old))) (, ,) (ADJP (RB well) (VBN stocked) (PP (IN with) (NP (NNS plants) (CC and) (NNS animals))))))))) (. .))",50.0,97,Was the old world well stocked with plants and animals?,Yes,No,1,16,",",1.0,0,1.0,True
24,"When the new world was first discovered it was found to be, like the old, well stocked with plants and animals.",False,"(S (SBAR (WHADVP (WRB When)) (S (NP (DT the) (NNP new) (NNP world)) (VP (VBD was) (ADVP (RB first)) (VP (VBN discovered))))) (NP (PRP it)) (VP (VBD was) (VP (VBN found) (S (VP (TO to) (VP (VB be) (, ,) (PP (IN like) (NP (DT the) (JJ old))) (, ,) (ADJP (RB well) (VBN stocked) (PP (IN with) (NP (NNS plants) (CC and) (NNS animals))))))))) (. .))",50.0,97,Was the old world well stocked with plants and animals?,Yes,No,1,17,Ġwell,1.0,0,1.0,True
24,"When the new world was first discovered it was found to be, like the old, well stocked with plants and animals.",False,"(S (SBAR (WHADVP (WRB When)) (S (NP (DT the) (NNP new) (NNP world)) (VP (VBD was) (ADVP (RB first)) (VP (VBN discovered))))) (NP (PRP it)) (VP (VBD was) (VP (VBN found) (S (VP (TO to) (VP (VB be) (, ,) (PP (IN like) (NP (DT the) (JJ old))) (, ,) (ADJP (RB well) (VBN stocked) (PP (IN with) (NP (NNS plants) (CC and) (NNS animals))))))))) (. .))",50.0,97,Was the old world well stocked with plants and animals?,Yes,No,1,18,Ġstocked,1.0,0,1.0,True
24,"When the new world was first discovered it was found to be, like the old, well stocked with plants and animals.",False,"(S (SBAR (WHADVP (WRB When)) (S (NP (DT the) (NNP new) (NNP world)) (VP (VBD was) (ADVP (RB first)) (VP (VBN discovered))))) (NP (PRP it)) (VP (VBD was) (VP (VBN found) (S (VP (TO to) (VP (VB be) (, ,) (PP (IN like) (NP (DT the) (JJ old))) (, ,) (ADJP (RB well) (VBN stocked) (PP (IN with) (NP (NNS plants) (CC and) (NNS animals))))))))) (. .))",50.0,97,Was the old world well stocked with plants and animals?,Yes,No,1,19,Ġwith,1.0,0,1.0,True
24,"When the new world was first discovered it was found to be, like the old, well stocked with plants and animals.",False,"(S (SBAR (WHADVP (WRB When)) (S (NP (DT the) (NNP new) (NNP world)) (VP (VBD was) (ADVP (RB first)) (VP (VBN discovered))))) (NP (PRP it)) (VP (VBD was) (VP (VBN found) (S (VP (TO to) (VP (VB be) (, ,) (PP (IN like) (NP (DT the) (JJ old))) (, ,) (ADJP (RB well) (VBN stocked) (PP (IN with) (NP (NNS plants) (CC and) (NNS animals))))))))) (. .))",50.0,97,Was the old world well stocked with plants and animals?,Yes,No,1,20,Ġplants,1.0,0,1.0,True
24,"When the new world was first discovered it was found to be, like the old, well stocked with plants and animals.",False,"(S (SBAR (WHADVP (WRB When)) (S (NP (DT the) (NNP new) (NNP world)) (VP (VBD was) (ADVP (RB first)) (VP (VBN discovered))))) (NP (PRP it)) (VP (VBD was) (VP (VBN found) (S (VP (TO to) (VP (VB be) (, ,) (PP (IN like) (NP (DT the) (JJ old))) (, ,) (ADJP (RB well) (VBN stocked) (PP (IN with) (NP (NNS plants) (CC and) (NNS animals))))))))) (. .))",50.0,97,Was the old world well stocked with plants and animals?,Yes,No,1,21,Ġand,1.0,0,1.0,True
24,"When the new world was first discovered it was found to be, like the old, well stocked with plants and animals.",False,"(S (SBAR (WHADVP (WRB When)) (S (NP (DT the) (NNP new) (NNP world)) (VP (VBD was) (ADVP (RB first)) (VP (VBN discovered))))) (NP (PRP it)) (VP (VBD was) (VP (VBN found) (S (VP (TO to) (VP (VB be) (, ,) (PP (IN like) (NP (DT the) (JJ old))) (, ,) (ADJP (RB well) (VBN stocked) (PP (IN with) (NP (NNS plants) (CC and) (NNS animals))))))))) (. .))",50.0,97,Was the old world well stocked with plants and animals?,Yes,No,1,22,Ġanimals,1.0,0,1.0,True
24,"When the new world was first discovered it was found to be, like the old, well stocked with plants and animals.",False,"(S (SBAR (WHADVP (WRB When)) (S (NP (DT the) (NNP new) (NNP world)) (VP (VBD was) (ADVP (RB first)) (VP (VBN discovered))))) (NP (PRP it)) (VP (VBD was) (VP (VBN found) (S (VP (TO to) (VP (VB be) (, ,) (PP (IN like) (NP (DT the) (JJ old))) (, ,) (ADJP (RB well) (VBN stocked) (PP (IN with) (NP (NNS plants) (CC and) (NNS animals))))))))) (. .))",50.0,97,Was the old world well stocked with plants and animals?,Yes,No,1,23,.,1.0,0,1.0,True
25,Police in Georgia have shut down a lemonade stand run by three girls trying to save up for a trip to a water park.,False,(S (NP (NP (NN Police)) (PP (IN in) (NP (NNP Georgia)))) (VP (VBP have) (VP (VBN shut) (PRT (RP down)) (NP (NP (DT a) (NN lemonade) (NN stand)) (VP (VBN run) (PP (IN by) (NP (NP (CD three) (NNS girls)) (VP (VBG trying) (S (VP (TO to) (VP (VB save) (PRT (RP up)) (PP (IN for) (NP (NP (DT a) (NN trip)) (PP (TO to) (NP (DT a) (NN water) (NN park))))))))))))))) (. .)),40.0,98,What was sold at the stand that was shut-down?,Lemonade,Fruit,1,0,Police,1.0,0,1.0,True
25,Police in Georgia have shut down a lemonade stand run by three girls trying to save up for a trip to a water park.,False,(S (NP (NP (NN Police)) (PP (IN in) (NP (NNP Georgia)))) (VP (VBP have) (VP (VBN shut) (PRT (RP down)) (NP (NP (DT a) (NN lemonade) (NN stand)) (VP (VBN run) (PP (IN by) (NP (NP (CD three) (NNS girls)) (VP (VBG trying) (S (VP (TO to) (VP (VB save) (PRT (RP up)) (PP (IN for) (NP (NP (DT a) (NN trip)) (PP (TO to) (NP (DT a) (NN water) (NN park))))))))))))))) (. .)),40.0,98,What was sold at the stand that was shut-down?,Lemonade,Fruit,1,1,Ġin,1.0,0,1.0,True
25,Police in Georgia have shut down a lemonade stand run by three girls trying to save up for a trip to a water park.,False,(S (NP (NP (NN Police)) (PP (IN in) (NP (NNP Georgia)))) (VP (VBP have) (VP (VBN shut) (PRT (RP down)) (NP (NP (DT a) (NN lemonade) (NN stand)) (VP (VBN run) (PP (IN by) (NP (NP (CD three) (NNS girls)) (VP (VBG trying) (S (VP (TO to) (VP (VB save) (PRT (RP up)) (PP (IN for) (NP (NP (DT a) (NN trip)) (PP (TO to) (NP (DT a) (NN water) (NN park))))))))))))))) (. .)),40.0,98,What was sold at the stand that was shut-down?,Lemonade,Fruit,1,2,ĠGeorgia,1.0,0,1.0,True
25,Police in Georgia have shut down a lemonade stand run by three girls trying to save up for a trip to a water park.,False,(S (NP (NP (NN Police)) (PP (IN in) (NP (NNP Georgia)))) (VP (VBP have) (VP (VBN shut) (PRT (RP down)) (NP (NP (DT a) (NN lemonade) (NN stand)) (VP (VBN run) (PP (IN by) (NP (NP (CD three) (NNS girls)) (VP (VBG trying) (S (VP (TO to) (VP (VB save) (PRT (RP up)) (PP (IN for) (NP (NP (DT a) (NN trip)) (PP (TO to) (NP (DT a) (NN water) (NN park))))))))))))))) (. .)),40.0,98,What was sold at the stand that was shut-down?,Lemonade,Fruit,1,3,Ġhave,1.0,0,1.0,True
25,Police in Georgia have shut down a lemonade stand run by three girls trying to save up for a trip to a water park.,False,(S (NP (NP (NN Police)) (PP (IN in) (NP (NNP Georgia)))) (VP (VBP have) (VP (VBN shut) (PRT (RP down)) (NP (NP (DT a) (NN lemonade) (NN stand)) (VP (VBN run) (PP (IN by) (NP (NP (CD three) (NNS girls)) (VP (VBG trying) (S (VP (TO to) (VP (VB save) (PRT (RP up)) (PP (IN for) (NP (NP (DT a) (NN trip)) (PP (TO to) (NP (DT a) (NN water) (NN park))))))))))))))) (. .)),40.0,98,What was sold at the stand that was shut-down?,Lemonade,Fruit,1,4,Ġshut,1.0,0,1.0,True
25,Police in Georgia have shut down a lemonade stand run by three girls trying to save up for a trip to a water park.,False,(S (NP (NP (NN Police)) (PP (IN in) (NP (NNP Georgia)))) (VP (VBP have) (VP (VBN shut) (PRT (RP down)) (NP (NP (DT a) (NN lemonade) (NN stand)) (VP (VBN run) (PP (IN by) (NP (NP (CD three) (NNS girls)) (VP (VBG trying) (S (VP (TO to) (VP (VB save) (PRT (RP up)) (PP (IN for) (NP (NP (DT a) (NN trip)) (PP (TO to) (NP (DT a) (NN water) (NN park))))))))))))))) (. .)),40.0,98,What was sold at the stand that was shut-down?,Lemonade,Fruit,1,5,Ġdown,1.0,0,1.0,True
25,Police in Georgia have shut down a lemonade stand run by three girls trying to save up for a trip to a water park.,False,(S (NP (NP (NN Police)) (PP (IN in) (NP (NNP Georgia)))) (VP (VBP have) (VP (VBN shut) (PRT (RP down)) (NP (NP (DT a) (NN lemonade) (NN stand)) (VP (VBN run) (PP (IN by) (NP (NP (CD three) (NNS girls)) (VP (VBG trying) (S (VP (TO to) (VP (VB save) (PRT (RP up)) (PP (IN for) (NP (NP (DT a) (NN trip)) (PP (TO to) (NP (DT a) (NN water) (NN park))))))))))))))) (. .)),40.0,98,What was sold at the stand that was shut-down?,Lemonade,Fruit,1,6,Ġa,1.0,0,1.0,True
25,Police in Georgia have shut down a lemonade stand run by three girls trying to save up for a trip to a water park.,False,(S (NP (NP (NN Police)) (PP (IN in) (NP (NNP Georgia)))) (VP (VBP have) (VP (VBN shut) (PRT (RP down)) (NP (NP (DT a) (NN lemonade) (NN stand)) (VP (VBN run) (PP (IN by) (NP (NP (CD three) (NNS girls)) (VP (VBG trying) (S (VP (TO to) (VP (VB save) (PRT (RP up)) (PP (IN for) (NP (NP (DT a) (NN trip)) (PP (TO to) (NP (DT a) (NN water) (NN park))))))))))))))) (. .)),40.0,98,What was sold at the stand that was shut-down?,Lemonade,Fruit,1,7,Ġlemon,1.0,0,1.0,True
25,Police in Georgia have shut down a lemonade stand run by three girls trying to save up for a trip to a water park.,False,(S (NP (NP (NN Police)) (PP (IN in) (NP (NNP Georgia)))) (VP (VBP have) (VP (VBN shut) (PRT (RP down)) (NP (NP (DT a) (NN lemonade) (NN stand)) (VP (VBN run) (PP (IN by) (NP (NP (CD three) (NNS girls)) (VP (VBG trying) (S (VP (TO to) (VP (VB save) (PRT (RP up)) (PP (IN for) (NP (NP (DT a) (NN trip)) (PP (TO to) (NP (DT a) (NN water) (NN park))))))))))))))) (. .)),40.0,98,What was sold at the stand that was shut-down?,Lemonade,Fruit,1,8,ade,1.0,0,1.0,True
25,Police in Georgia have shut down a lemonade stand run by three girls trying to save up for a trip to a water park.,False,(S (NP (NP (NN Police)) (PP (IN in) (NP (NNP Georgia)))) (VP (VBP have) (VP (VBN shut) (PRT (RP down)) (NP (NP (DT a) (NN lemonade) (NN stand)) (VP (VBN run) (PP (IN by) (NP (NP (CD three) (NNS girls)) (VP (VBG trying) (S (VP (TO to) (VP (VB save) (PRT (RP up)) (PP (IN for) (NP (NP (DT a) (NN trip)) (PP (TO to) (NP (DT a) (NN water) (NN park))))))))))))))) (. .)),40.0,98,What was sold at the stand that was shut-down?,Lemonade,Fruit,1,9,Ġstand,1.0,0,1.0,True
25,Police in Georgia have shut down a lemonade stand run by three girls trying to save up for a trip to a water park.,False,(S (NP (NP (NN Police)) (PP (IN in) (NP (NNP Georgia)))) (VP (VBP have) (VP (VBN shut) (PRT (RP down)) (NP (NP (DT a) (NN lemonade) (NN stand)) (VP (VBN run) (PP (IN by) (NP (NP (CD three) (NNS girls)) (VP (VBG trying) (S (VP (TO to) (VP (VB save) (PRT (RP up)) (PP (IN for) (NP (NP (DT a) (NN trip)) (PP (TO to) (NP (DT a) (NN water) (NN park))))))))))))))) (. .)),40.0,98,What was sold at the stand that was shut-down?,Lemonade,Fruit,1,10,Ġrun,1.0,0,1.0,True
25,Police in Georgia have shut down a lemonade stand run by three girls trying to save up for a trip to a water park.,False,(S (NP (NP (NN Police)) (PP (IN in) (NP (NNP Georgia)))) (VP (VBP have) (VP (VBN shut) (PRT (RP down)) (NP (NP (DT a) (NN lemonade) (NN stand)) (VP (VBN run) (PP (IN by) (NP (NP (CD three) (NNS girls)) (VP (VBG trying) (S (VP (TO to) (VP (VB save) (PRT (RP up)) (PP (IN for) (NP (NP (DT a) (NN trip)) (PP (TO to) (NP (DT a) (NN water) (NN park))))))))))))))) (. .)),40.0,98,What was sold at the stand that was shut-down?,Lemonade,Fruit,1,11,Ġby,1.0,0,1.0,True
25,Police in Georgia have shut down a lemonade stand run by three girls trying to save up for a trip to a water park.,False,(S (NP (NP (NN Police)) (PP (IN in) (NP (NNP Georgia)))) (VP (VBP have) (VP (VBN shut) (PRT (RP down)) (NP (NP (DT a) (NN lemonade) (NN stand)) (VP (VBN run) (PP (IN by) (NP (NP (CD three) (NNS girls)) (VP (VBG trying) (S (VP (TO to) (VP (VB save) (PRT (RP up)) (PP (IN for) (NP (NP (DT a) (NN trip)) (PP (TO to) (NP (DT a) (NN water) (NN park))))))))))))))) (. .)),40.0,98,What was sold at the stand that was shut-down?,Lemonade,Fruit,1,12,Ġthree,1.0,0,1.0,True
25,Police in Georgia have shut down a lemonade stand run by three girls trying to save up for a trip to a water park.,False,(S (NP (NP (NN Police)) (PP (IN in) (NP (NNP Georgia)))) (VP (VBP have) (VP (VBN shut) (PRT (RP down)) (NP (NP (DT a) (NN lemonade) (NN stand)) (VP (VBN run) (PP (IN by) (NP (NP (CD three) (NNS girls)) (VP (VBG trying) (S (VP (TO to) (VP (VB save) (PRT (RP up)) (PP (IN for) (NP (NP (DT a) (NN trip)) (PP (TO to) (NP (DT a) (NN water) (NN park))))))))))))))) (. .)),40.0,98,What was sold at the stand that was shut-down?,Lemonade,Fruit,1,13,Ġgirls,1.0,0,1.0,True
25,Police in Georgia have shut down a lemonade stand run by three girls trying to save up for a trip to a water park.,False,(S (NP (NP (NN Police)) (PP (IN in) (NP (NNP Georgia)))) (VP (VBP have) (VP (VBN shut) (PRT (RP down)) (NP (NP (DT a) (NN lemonade) (NN stand)) (VP (VBN run) (PP (IN by) (NP (NP (CD three) (NNS girls)) (VP (VBG trying) (S (VP (TO to) (VP (VB save) (PRT (RP up)) (PP (IN for) (NP (NP (DT a) (NN trip)) (PP (TO to) (NP (DT a) (NN water) (NN park))))))))))))))) (. .)),40.0,98,What was sold at the stand that was shut-down?,Lemonade,Fruit,1,14,Ġtrying,1.0,0,1.0,True
25,Police in Georgia have shut down a lemonade stand run by three girls trying to save up for a trip to a water park.,False,(S (NP (NP (NN Police)) (PP (IN in) (NP (NNP Georgia)))) (VP (VBP have) (VP (VBN shut) (PRT (RP down)) (NP (NP (DT a) (NN lemonade) (NN stand)) (VP (VBN run) (PP (IN by) (NP (NP (CD three) (NNS girls)) (VP (VBG trying) (S (VP (TO to) (VP (VB save) (PRT (RP up)) (PP (IN for) (NP (NP (DT a) (NN trip)) (PP (TO to) (NP (DT a) (NN water) (NN park))))))))))))))) (. .)),40.0,98,What was sold at the stand that was shut-down?,Lemonade,Fruit,1,15,Ġto,1.0,0,1.0,True
25,Police in Georgia have shut down a lemonade stand run by three girls trying to save up for a trip to a water park.,False,(S (NP (NP (NN Police)) (PP (IN in) (NP (NNP Georgia)))) (VP (VBP have) (VP (VBN shut) (PRT (RP down)) (NP (NP (DT a) (NN lemonade) (NN stand)) (VP (VBN run) (PP (IN by) (NP (NP (CD three) (NNS girls)) (VP (VBG trying) (S (VP (TO to) (VP (VB save) (PRT (RP up)) (PP (IN for) (NP (NP (DT a) (NN trip)) (PP (TO to) (NP (DT a) (NN water) (NN park))))))))))))))) (. .)),40.0,98,What was sold at the stand that was shut-down?,Lemonade,Fruit,1,16,Ġsave,1.0,0,1.0,True
25,Police in Georgia have shut down a lemonade stand run by three girls trying to save up for a trip to a water park.,False,(S (NP (NP (NN Police)) (PP (IN in) (NP (NNP Georgia)))) (VP (VBP have) (VP (VBN shut) (PRT (RP down)) (NP (NP (DT a) (NN lemonade) (NN stand)) (VP (VBN run) (PP (IN by) (NP (NP (CD three) (NNS girls)) (VP (VBG trying) (S (VP (TO to) (VP (VB save) (PRT (RP up)) (PP (IN for) (NP (NP (DT a) (NN trip)) (PP (TO to) (NP (DT a) (NN water) (NN park))))))))))))))) (. .)),40.0,98,What was sold at the stand that was shut-down?,Lemonade,Fruit,1,17,Ġup,1.0,0,1.0,True
25,Police in Georgia have shut down a lemonade stand run by three girls trying to save up for a trip to a water park.,False,(S (NP (NP (NN Police)) (PP (IN in) (NP (NNP Georgia)))) (VP (VBP have) (VP (VBN shut) (PRT (RP down)) (NP (NP (DT a) (NN lemonade) (NN stand)) (VP (VBN run) (PP (IN by) (NP (NP (CD three) (NNS girls)) (VP (VBG trying) (S (VP (TO to) (VP (VB save) (PRT (RP up)) (PP (IN for) (NP (NP (DT a) (NN trip)) (PP (TO to) (NP (DT a) (NN water) (NN park))))))))))))))) (. .)),40.0,98,What was sold at the stand that was shut-down?,Lemonade,Fruit,1,18,Ġfor,1.0,0,1.0,True
25,Police in Georgia have shut down a lemonade stand run by three girls trying to save up for a trip to a water park.,False,(S (NP (NP (NN Police)) (PP (IN in) (NP (NNP Georgia)))) (VP (VBP have) (VP (VBN shut) (PRT (RP down)) (NP (NP (DT a) (NN lemonade) (NN stand)) (VP (VBN run) (PP (IN by) (NP (NP (CD three) (NNS girls)) (VP (VBG trying) (S (VP (TO to) (VP (VB save) (PRT (RP up)) (PP (IN for) (NP (NP (DT a) (NN trip)) (PP (TO to) (NP (DT a) (NN water) (NN park))))))))))))))) (. .)),40.0,98,What was sold at the stand that was shut-down?,Lemonade,Fruit,1,19,Ġa,1.0,0,1.0,True
25,Police in Georgia have shut down a lemonade stand run by three girls trying to save up for a trip to a water park.,False,(S (NP (NP (NN Police)) (PP (IN in) (NP (NNP Georgia)))) (VP (VBP have) (VP (VBN shut) (PRT (RP down)) (NP (NP (DT a) (NN lemonade) (NN stand)) (VP (VBN run) (PP (IN by) (NP (NP (CD three) (NNS girls)) (VP (VBG trying) (S (VP (TO to) (VP (VB save) (PRT (RP up)) (PP (IN for) (NP (NP (DT a) (NN trip)) (PP (TO to) (NP (DT a) (NN water) (NN park))))))))))))))) (. .)),40.0,98,What was sold at the stand that was shut-down?,Lemonade,Fruit,1,20,Ġtrip,1.0,0,1.0,True
25,Police in Georgia have shut down a lemonade stand run by three girls trying to save up for a trip to a water park.,False,(S (NP (NP (NN Police)) (PP (IN in) (NP (NNP Georgia)))) (VP (VBP have) (VP (VBN shut) (PRT (RP down)) (NP (NP (DT a) (NN lemonade) (NN stand)) (VP (VBN run) (PP (IN by) (NP (NP (CD three) (NNS girls)) (VP (VBG trying) (S (VP (TO to) (VP (VB save) (PRT (RP up)) (PP (IN for) (NP (NP (DT a) (NN trip)) (PP (TO to) (NP (DT a) (NN water) (NN park))))))))))))))) (. .)),40.0,98,What was sold at the stand that was shut-down?,Lemonade,Fruit,1,21,Ġto,1.0,0,1.0,True
25,Police in Georgia have shut down a lemonade stand run by three girls trying to save up for a trip to a water park.,False,(S (NP (NP (NN Police)) (PP (IN in) (NP (NNP Georgia)))) (VP (VBP have) (VP (VBN shut) (PRT (RP down)) (NP (NP (DT a) (NN lemonade) (NN stand)) (VP (VBN run) (PP (IN by) (NP (NP (CD three) (NNS girls)) (VP (VBG trying) (S (VP (TO to) (VP (VB save) (PRT (RP up)) (PP (IN for) (NP (NP (DT a) (NN trip)) (PP (TO to) (NP (DT a) (NN water) (NN park))))))))))))))) (. .)),40.0,98,What was sold at the stand that was shut-down?,Lemonade,Fruit,1,22,Ġa,1.0,0,1.0,True
25,Police in Georgia have shut down a lemonade stand run by three girls trying to save up for a trip to a water park.,False,(S (NP (NP (NN Police)) (PP (IN in) (NP (NNP Georgia)))) (VP (VBP have) (VP (VBN shut) (PRT (RP down)) (NP (NP (DT a) (NN lemonade) (NN stand)) (VP (VBN run) (PP (IN by) (NP (NP (CD three) (NNS girls)) (VP (VBG trying) (S (VP (TO to) (VP (VB save) (PRT (RP up)) (PP (IN for) (NP (NP (DT a) (NN trip)) (PP (TO to) (NP (DT a) (NN water) (NN park))))))))))))))) (. .)),40.0,98,What was sold at the stand that was shut-down?,Lemonade,Fruit,1,23,Ġwater,1.0,0,1.0,True
25,Police in Georgia have shut down a lemonade stand run by three girls trying to save up for a trip to a water park.,False,(S (NP (NP (NN Police)) (PP (IN in) (NP (NNP Georgia)))) (VP (VBP have) (VP (VBN shut) (PRT (RP down)) (NP (NP (DT a) (NN lemonade) (NN stand)) (VP (VBN run) (PP (IN by) (NP (NP (CD three) (NNS girls)) (VP (VBG trying) (S (VP (TO to) (VP (VB save) (PRT (RP up)) (PP (IN for) (NP (NP (DT a) (NN trip)) (PP (TO to) (NP (DT a) (NN water) (NN park))))))))))))))) (. .)),40.0,98,What was sold at the stand that was shut-down?,Lemonade,Fruit,1,24,Ġpark,1.0,0,1.0,True
25,Police in Georgia have shut down a lemonade stand run by three girls trying to save up for a trip to a water park.,False,(S (NP (NP (NN Police)) (PP (IN in) (NP (NNP Georgia)))) (VP (VBP have) (VP (VBN shut) (PRT (RP down)) (NP (NP (DT a) (NN lemonade) (NN stand)) (VP (VBN run) (PP (IN by) (NP (NP (CD three) (NNS girls)) (VP (VBG trying) (S (VP (TO to) (VP (VB save) (PRT (RP up)) (PP (IN for) (NP (NP (DT a) (NN trip)) (PP (TO to) (NP (DT a) (NN water) (NN park))))))))))))))) (. .)),40.0,98,What was sold at the stand that was shut-down?,Lemonade,Fruit,1,25,.,1.0,0,1.0,True
26,An early task will be to make sure the newfound microbes were not introduced while drilling through the ice into the lake.,False,(S (NP (DT An) (JJ early) (NN task)) (VP (MD will) (VP (VB be) (S (VP (TO to) (VP (VB make) (ADJP (JJ sure) (SBAR (S (NP (DT the) (JJ newfound) (NNS microbes)) (VP (VBD were) (RB not) (VP (VBN introduced) (SBAR (IN while) (S (VP (VBG drilling) (PP (PP (IN through) (NP (DT the) (NN ice))) (PP (IN into) (NP (DT the) (NN lake))))))))))))))))) (. .)),26.0,99,When in the process should we determine whether microbes were introduced?,Late,Early,0,0,An,1.0,0,1.0,True
26,An early task will be to make sure the newfound microbes were not introduced while drilling through the ice into the lake.,False,(S (NP (DT An) (JJ early) (NN task)) (VP (MD will) (VP (VB be) (S (VP (TO to) (VP (VB make) (ADJP (JJ sure) (SBAR (S (NP (DT the) (JJ newfound) (NNS microbes)) (VP (VBD were) (RB not) (VP (VBN introduced) (SBAR (IN while) (S (VP (VBG drilling) (PP (PP (IN through) (NP (DT the) (NN ice))) (PP (IN into) (NP (DT the) (NN lake))))))))))))))))) (. .)),26.0,99,When in the process should we determine whether microbes were introduced?,Late,Early,0,1,Ġearly,1.0,0,1.0,True
26,An early task will be to make sure the newfound microbes were not introduced while drilling through the ice into the lake.,False,(S (NP (DT An) (JJ early) (NN task)) (VP (MD will) (VP (VB be) (S (VP (TO to) (VP (VB make) (ADJP (JJ sure) (SBAR (S (NP (DT the) (JJ newfound) (NNS microbes)) (VP (VBD were) (RB not) (VP (VBN introduced) (SBAR (IN while) (S (VP (VBG drilling) (PP (PP (IN through) (NP (DT the) (NN ice))) (PP (IN into) (NP (DT the) (NN lake))))))))))))))))) (. .)),26.0,99,When in the process should we determine whether microbes were introduced?,Late,Early,0,2,Ġtask,1.0,0,1.0,True
26,An early task will be to make sure the newfound microbes were not introduced while drilling through the ice into the lake.,False,(S (NP (DT An) (JJ early) (NN task)) (VP (MD will) (VP (VB be) (S (VP (TO to) (VP (VB make) (ADJP (JJ sure) (SBAR (S (NP (DT the) (JJ newfound) (NNS microbes)) (VP (VBD were) (RB not) (VP (VBN introduced) (SBAR (IN while) (S (VP (VBG drilling) (PP (PP (IN through) (NP (DT the) (NN ice))) (PP (IN into) (NP (DT the) (NN lake))))))))))))))))) (. .)),26.0,99,When in the process should we determine whether microbes were introduced?,Late,Early,0,3,Ġwill,1.0,0,1.0,True
26,An early task will be to make sure the newfound microbes were not introduced while drilling through the ice into the lake.,False,(S (NP (DT An) (JJ early) (NN task)) (VP (MD will) (VP (VB be) (S (VP (TO to) (VP (VB make) (ADJP (JJ sure) (SBAR (S (NP (DT the) (JJ newfound) (NNS microbes)) (VP (VBD were) (RB not) (VP (VBN introduced) (SBAR (IN while) (S (VP (VBG drilling) (PP (PP (IN through) (NP (DT the) (NN ice))) (PP (IN into) (NP (DT the) (NN lake))))))))))))))))) (. .)),26.0,99,When in the process should we determine whether microbes were introduced?,Late,Early,0,4,Ġbe,1.0,0,1.0,True
26,An early task will be to make sure the newfound microbes were not introduced while drilling through the ice into the lake.,False,(S (NP (DT An) (JJ early) (NN task)) (VP (MD will) (VP (VB be) (S (VP (TO to) (VP (VB make) (ADJP (JJ sure) (SBAR (S (NP (DT the) (JJ newfound) (NNS microbes)) (VP (VBD were) (RB not) (VP (VBN introduced) (SBAR (IN while) (S (VP (VBG drilling) (PP (PP (IN through) (NP (DT the) (NN ice))) (PP (IN into) (NP (DT the) (NN lake))))))))))))))))) (. .)),26.0,99,When in the process should we determine whether microbes were introduced?,Late,Early,0,5,Ġto,1.0,0,1.0,True
26,An early task will be to make sure the newfound microbes were not introduced while drilling through the ice into the lake.,False,(S (NP (DT An) (JJ early) (NN task)) (VP (MD will) (VP (VB be) (S (VP (TO to) (VP (VB make) (ADJP (JJ sure) (SBAR (S (NP (DT the) (JJ newfound) (NNS microbes)) (VP (VBD were) (RB not) (VP (VBN introduced) (SBAR (IN while) (S (VP (VBG drilling) (PP (PP (IN through) (NP (DT the) (NN ice))) (PP (IN into) (NP (DT the) (NN lake))))))))))))))))) (. .)),26.0,99,When in the process should we determine whether microbes were introduced?,Late,Early,0,6,Ġmake,1.0,0,1.0,True
26,An early task will be to make sure the newfound microbes were not introduced while drilling through the ice into the lake.,False,(S (NP (DT An) (JJ early) (NN task)) (VP (MD will) (VP (VB be) (S (VP (TO to) (VP (VB make) (ADJP (JJ sure) (SBAR (S (NP (DT the) (JJ newfound) (NNS microbes)) (VP (VBD were) (RB not) (VP (VBN introduced) (SBAR (IN while) (S (VP (VBG drilling) (PP (PP (IN through) (NP (DT the) (NN ice))) (PP (IN into) (NP (DT the) (NN lake))))))))))))))))) (. .)),26.0,99,When in the process should we determine whether microbes were introduced?,Late,Early,0,7,Ġsure,1.0,0,1.0,True
26,An early task will be to make sure the newfound microbes were not introduced while drilling through the ice into the lake.,False,(S (NP (DT An) (JJ early) (NN task)) (VP (MD will) (VP (VB be) (S (VP (TO to) (VP (VB make) (ADJP (JJ sure) (SBAR (S (NP (DT the) (JJ newfound) (NNS microbes)) (VP (VBD were) (RB not) (VP (VBN introduced) (SBAR (IN while) (S (VP (VBG drilling) (PP (PP (IN through) (NP (DT the) (NN ice))) (PP (IN into) (NP (DT the) (NN lake))))))))))))))))) (. .)),26.0,99,When in the process should we determine whether microbes were introduced?,Late,Early,0,8,Ġthe,1.0,0,1.0,True
26,An early task will be to make sure the newfound microbes were not introduced while drilling through the ice into the lake.,False,(S (NP (DT An) (JJ early) (NN task)) (VP (MD will) (VP (VB be) (S (VP (TO to) (VP (VB make) (ADJP (JJ sure) (SBAR (S (NP (DT the) (JJ newfound) (NNS microbes)) (VP (VBD were) (RB not) (VP (VBN introduced) (SBAR (IN while) (S (VP (VBG drilling) (PP (PP (IN through) (NP (DT the) (NN ice))) (PP (IN into) (NP (DT the) (NN lake))))))))))))))))) (. .)),26.0,99,When in the process should we determine whether microbes were introduced?,Late,Early,0,9,Ġnewfound,1.0,0,1.0,True
26,An early task will be to make sure the newfound microbes were not introduced while drilling through the ice into the lake.,False,(S (NP (DT An) (JJ early) (NN task)) (VP (MD will) (VP (VB be) (S (VP (TO to) (VP (VB make) (ADJP (JJ sure) (SBAR (S (NP (DT the) (JJ newfound) (NNS microbes)) (VP (VBD were) (RB not) (VP (VBN introduced) (SBAR (IN while) (S (VP (VBG drilling) (PP (PP (IN through) (NP (DT the) (NN ice))) (PP (IN into) (NP (DT the) (NN lake))))))))))))))))) (. .)),26.0,99,When in the process should we determine whether microbes were introduced?,Late,Early,0,10,Ġmicrobes,1.0,0,1.0,True
26,An early task will be to make sure the newfound microbes were not introduced while drilling through the ice into the lake.,False,(S (NP (DT An) (JJ early) (NN task)) (VP (MD will) (VP (VB be) (S (VP (TO to) (VP (VB make) (ADJP (JJ sure) (SBAR (S (NP (DT the) (JJ newfound) (NNS microbes)) (VP (VBD were) (RB not) (VP (VBN introduced) (SBAR (IN while) (S (VP (VBG drilling) (PP (PP (IN through) (NP (DT the) (NN ice))) (PP (IN into) (NP (DT the) (NN lake))))))))))))))))) (. .)),26.0,99,When in the process should we determine whether microbes were introduced?,Late,Early,0,11,Ġwere,1.0,0,1.0,True
26,An early task will be to make sure the newfound microbes were not introduced while drilling through the ice into the lake.,False,(S (NP (DT An) (JJ early) (NN task)) (VP (MD will) (VP (VB be) (S (VP (TO to) (VP (VB make) (ADJP (JJ sure) (SBAR (S (NP (DT the) (JJ newfound) (NNS microbes)) (VP (VBD were) (RB not) (VP (VBN introduced) (SBAR (IN while) (S (VP (VBG drilling) (PP (PP (IN through) (NP (DT the) (NN ice))) (PP (IN into) (NP (DT the) (NN lake))))))))))))))))) (. .)),26.0,99,When in the process should we determine whether microbes were introduced?,Late,Early,0,12,Ġnot,1.0,0,1.0,True
26,An early task will be to make sure the newfound microbes were not introduced while drilling through the ice into the lake.,False,(S (NP (DT An) (JJ early) (NN task)) (VP (MD will) (VP (VB be) (S (VP (TO to) (VP (VB make) (ADJP (JJ sure) (SBAR (S (NP (DT the) (JJ newfound) (NNS microbes)) (VP (VBD were) (RB not) (VP (VBN introduced) (SBAR (IN while) (S (VP (VBG drilling) (PP (PP (IN through) (NP (DT the) (NN ice))) (PP (IN into) (NP (DT the) (NN lake))))))))))))))))) (. .)),26.0,99,When in the process should we determine whether microbes were introduced?,Late,Early,0,13,Ġintroduced,1.0,0,1.0,True
26,An early task will be to make sure the newfound microbes were not introduced while drilling through the ice into the lake.,False,(S (NP (DT An) (JJ early) (NN task)) (VP (MD will) (VP (VB be) (S (VP (TO to) (VP (VB make) (ADJP (JJ sure) (SBAR (S (NP (DT the) (JJ newfound) (NNS microbes)) (VP (VBD were) (RB not) (VP (VBN introduced) (SBAR (IN while) (S (VP (VBG drilling) (PP (PP (IN through) (NP (DT the) (NN ice))) (PP (IN into) (NP (DT the) (NN lake))))))))))))))))) (. .)),26.0,99,When in the process should we determine whether microbes were introduced?,Late,Early,0,14,Ġwhile,1.0,0,1.0,True
26,An early task will be to make sure the newfound microbes were not introduced while drilling through the ice into the lake.,False,(S (NP (DT An) (JJ early) (NN task)) (VP (MD will) (VP (VB be) (S (VP (TO to) (VP (VB make) (ADJP (JJ sure) (SBAR (S (NP (DT the) (JJ newfound) (NNS microbes)) (VP (VBD were) (RB not) (VP (VBN introduced) (SBAR (IN while) (S (VP (VBG drilling) (PP (PP (IN through) (NP (DT the) (NN ice))) (PP (IN into) (NP (DT the) (NN lake))))))))))))))))) (. .)),26.0,99,When in the process should we determine whether microbes were introduced?,Late,Early,0,15,Ġdrilling,1.0,0,1.0,True
26,An early task will be to make sure the newfound microbes were not introduced while drilling through the ice into the lake.,False,(S (NP (DT An) (JJ early) (NN task)) (VP (MD will) (VP (VB be) (S (VP (TO to) (VP (VB make) (ADJP (JJ sure) (SBAR (S (NP (DT the) (JJ newfound) (NNS microbes)) (VP (VBD were) (RB not) (VP (VBN introduced) (SBAR (IN while) (S (VP (VBG drilling) (PP (PP (IN through) (NP (DT the) (NN ice))) (PP (IN into) (NP (DT the) (NN lake))))))))))))))))) (. .)),26.0,99,When in the process should we determine whether microbes were introduced?,Late,Early,0,16,Ġthrough,1.0,0,1.0,True
26,An early task will be to make sure the newfound microbes were not introduced while drilling through the ice into the lake.,False,(S (NP (DT An) (JJ early) (NN task)) (VP (MD will) (VP (VB be) (S (VP (TO to) (VP (VB make) (ADJP (JJ sure) (SBAR (S (NP (DT the) (JJ newfound) (NNS microbes)) (VP (VBD were) (RB not) (VP (VBN introduced) (SBAR (IN while) (S (VP (VBG drilling) (PP (PP (IN through) (NP (DT the) (NN ice))) (PP (IN into) (NP (DT the) (NN lake))))))))))))))))) (. .)),26.0,99,When in the process should we determine whether microbes were introduced?,Late,Early,0,17,Ġthe,1.0,0,1.0,True
26,An early task will be to make sure the newfound microbes were not introduced while drilling through the ice into the lake.,False,(S (NP (DT An) (JJ early) (NN task)) (VP (MD will) (VP (VB be) (S (VP (TO to) (VP (VB make) (ADJP (JJ sure) (SBAR (S (NP (DT the) (JJ newfound) (NNS microbes)) (VP (VBD were) (RB not) (VP (VBN introduced) (SBAR (IN while) (S (VP (VBG drilling) (PP (PP (IN through) (NP (DT the) (NN ice))) (PP (IN into) (NP (DT the) (NN lake))))))))))))))))) (. .)),26.0,99,When in the process should we determine whether microbes were introduced?,Late,Early,0,18,Ġice,1.0,0,1.0,True
26,An early task will be to make sure the newfound microbes were not introduced while drilling through the ice into the lake.,False,(S (NP (DT An) (JJ early) (NN task)) (VP (MD will) (VP (VB be) (S (VP (TO to) (VP (VB make) (ADJP (JJ sure) (SBAR (S (NP (DT the) (JJ newfound) (NNS microbes)) (VP (VBD were) (RB not) (VP (VBN introduced) (SBAR (IN while) (S (VP (VBG drilling) (PP (PP (IN through) (NP (DT the) (NN ice))) (PP (IN into) (NP (DT the) (NN lake))))))))))))))))) (. .)),26.0,99,When in the process should we determine whether microbes were introduced?,Late,Early,0,19,Ġinto,1.0,0,1.0,True
26,An early task will be to make sure the newfound microbes were not introduced while drilling through the ice into the lake.,False,(S (NP (DT An) (JJ early) (NN task)) (VP (MD will) (VP (VB be) (S (VP (TO to) (VP (VB make) (ADJP (JJ sure) (SBAR (S (NP (DT the) (JJ newfound) (NNS microbes)) (VP (VBD were) (RB not) (VP (VBN introduced) (SBAR (IN while) (S (VP (VBG drilling) (PP (PP (IN through) (NP (DT the) (NN ice))) (PP (IN into) (NP (DT the) (NN lake))))))))))))))))) (. .)),26.0,99,When in the process should we determine whether microbes were introduced?,Late,Early,0,20,Ġthe,1.0,0,1.0,True
26,An early task will be to make sure the newfound microbes were not introduced while drilling through the ice into the lake.,False,(S (NP (DT An) (JJ early) (NN task)) (VP (MD will) (VP (VB be) (S (VP (TO to) (VP (VB make) (ADJP (JJ sure) (SBAR (S (NP (DT the) (JJ newfound) (NNS microbes)) (VP (VBD were) (RB not) (VP (VBN introduced) (SBAR (IN while) (S (VP (VBG drilling) (PP (PP (IN through) (NP (DT the) (NN ice))) (PP (IN into) (NP (DT the) (NN lake))))))))))))))))) (. .)),26.0,99,When in the process should we determine whether microbes were introduced?,Late,Early,0,21,Ġlake,1.0,0,1.0,True
26,An early task will be to make sure the newfound microbes were not introduced while drilling through the ice into the lake.,False,(S (NP (DT An) (JJ early) (NN task)) (VP (MD will) (VP (VB be) (S (VP (TO to) (VP (VB make) (ADJP (JJ sure) (SBAR (S (NP (DT the) (JJ newfound) (NNS microbes)) (VP (VBD were) (RB not) (VP (VBN introduced) (SBAR (IN while) (S (VP (VBG drilling) (PP (PP (IN through) (NP (DT the) (NN ice))) (PP (IN into) (NP (DT the) (NN lake))))))))))))))))) (. .)),26.0,99,When in the process should we determine whether microbes were introduced?,Late,Early,0,22,.,1.0,0,1.0,True
27,Lady Gaga 's YouTube account was suspended Thursday.,False,(S (NP (NP (NNP Lady) (FW Gaga\) (POS 's)) (NN YouTube) (NN account)) (VP (VBD was) (VP (VBN suspended) (NP (NNP Thursday)))) (. .)),34.0,100,What account was suspended on Thursday?,Lady Gaga\'s Youtube,Lady Gaga\'s Instagram,1,0,Lady,1.0,0,1.0,True
27,Lady Gaga 's YouTube account was suspended Thursday.,False,(S (NP (NP (NNP Lady) (FW Gaga\) (POS 's)) (NN YouTube) (NN account)) (VP (VBD was) (VP (VBN suspended) (NP (NNP Thursday)))) (. .)),34.0,100,What account was suspended on Thursday?,Lady Gaga\'s Youtube,Lady Gaga\'s Instagram,1,1,ĠGaga,1.0,0,1.0,True
27,Lady Gaga 's YouTube account was suspended Thursday.,False,(S (NP (NP (NNP Lady) (FW Gaga\) (POS 's)) (NN YouTube) (NN account)) (VP (VBD was) (VP (VBN suspended) (NP (NNP Thursday)))) (. .)),34.0,100,What account was suspended on Thursday?,Lady Gaga\'s Youtube,Lady Gaga\'s Instagram,1,2,Ġ',1.0,0,1.0,True
27,Lady Gaga 's YouTube account was suspended Thursday.,False,(S (NP (NP (NNP Lady) (FW Gaga\) (POS 's)) (NN YouTube) (NN account)) (VP (VBD was) (VP (VBN suspended) (NP (NNP Thursday)))) (. .)),34.0,100,What account was suspended on Thursday?,Lady Gaga\'s Youtube,Lady Gaga\'s Instagram,1,3,s,1.0,0,1.0,True
27,Lady Gaga 's YouTube account was suspended Thursday.,False,(S (NP (NP (NNP Lady) (FW Gaga\) (POS 's)) (NN YouTube) (NN account)) (VP (VBD was) (VP (VBN suspended) (NP (NNP Thursday)))) (. .)),34.0,100,What account was suspended on Thursday?,Lady Gaga\'s Youtube,Lady Gaga\'s Instagram,1,4,ĠYouTube,1.0,0,1.0,True
27,Lady Gaga 's YouTube account was suspended Thursday.,False,(S (NP (NP (NNP Lady) (FW Gaga\) (POS 's)) (NN YouTube) (NN account)) (VP (VBD was) (VP (VBN suspended) (NP (NNP Thursday)))) (. .)),34.0,100,What account was suspended on Thursday?,Lady Gaga\'s Youtube,Lady Gaga\'s Instagram,1,5,Ġaccount,1.0,0,1.0,True
27,Lady Gaga 's YouTube account was suspended Thursday.,False,(S (NP (NP (NNP Lady) (FW Gaga\) (POS 's)) (NN YouTube) (NN account)) (VP (VBD was) (VP (VBN suspended) (NP (NNP Thursday)))) (. .)),34.0,100,What account was suspended on Thursday?,Lady Gaga\'s Youtube,Lady Gaga\'s Instagram,1,6,Ġwas,1.0,0,1.0,True
27,Lady Gaga 's YouTube account was suspended Thursday.,False,(S (NP (NP (NNP Lady) (FW Gaga\) (POS 's)) (NN YouTube) (NN account)) (VP (VBD was) (VP (VBN suspended) (NP (NNP Thursday)))) (. .)),34.0,100,What account was suspended on Thursday?,Lady Gaga\'s Youtube,Lady Gaga\'s Instagram,1,7,Ġsuspended,1.0,0,1.0,True
27,Lady Gaga 's YouTube account was suspended Thursday.,False,(S (NP (NP (NNP Lady) (FW Gaga\) (POS 's)) (NN YouTube) (NN account)) (VP (VBD was) (VP (VBN suspended) (NP (NNP Thursday)))) (. .)),34.0,100,What account was suspended on Thursday?,Lady Gaga\'s Youtube,Lady Gaga\'s Instagram,1,8,ĠThursday,1.0,0,1.0,True
27,Lady Gaga 's YouTube account was suspended Thursday.,False,(S (NP (NP (NNP Lady) (FW Gaga\) (POS 's)) (NN YouTube) (NN account)) (VP (VBD was) (VP (VBN suspended) (NP (NNP Thursday)))) (. .)),34.0,100,What account was suspended on Thursday?,Lady Gaga\'s Youtube,Lady Gaga\'s Instagram,1,9,.,1.0,0,1.0,True
28,John Thornton asked little of man or nature.,False,(S (NP (NNP John) (NNP Thornton)) (VP (VBD asked) (NP (NP (JJ little)) (PP (IN of) (NP (NN man) (CC or) (NN nature))))) (. .)),37.0,101,Did John Thorton expect a lot from other people?,Yes,No,0,0,John,1.0,0,1.0,True
28,John Thornton asked little of man or nature.,False,(S (NP (NNP John) (NNP Thornton)) (VP (VBD asked) (NP (NP (JJ little)) (PP (IN of) (NP (NN man) (CC or) (NN nature))))) (. .)),37.0,101,Did John Thorton expect a lot from other people?,Yes,No,0,1,ĠThornton,1.0,0,1.0,True
28,John Thornton asked little of man or nature.,False,(S (NP (NNP John) (NNP Thornton)) (VP (VBD asked) (NP (NP (JJ little)) (PP (IN of) (NP (NN man) (CC or) (NN nature))))) (. .)),37.0,101,Did John Thorton expect a lot from other people?,Yes,No,0,2,Ġasked,1.0,0,1.0,True
28,John Thornton asked little of man or nature.,False,(S (NP (NNP John) (NNP Thornton)) (VP (VBD asked) (NP (NP (JJ little)) (PP (IN of) (NP (NN man) (CC or) (NN nature))))) (. .)),37.0,101,Did John Thorton expect a lot from other people?,Yes,No,0,3,Ġlittle,1.0,0,1.0,True
28,John Thornton asked little of man or nature.,False,(S (NP (NNP John) (NNP Thornton)) (VP (VBD asked) (NP (NP (JJ little)) (PP (IN of) (NP (NN man) (CC or) (NN nature))))) (. .)),37.0,101,Did John Thorton expect a lot from other people?,Yes,No,0,4,Ġof,1.0,0,1.0,True
28,John Thornton asked little of man or nature.,False,(S (NP (NNP John) (NNP Thornton)) (VP (VBD asked) (NP (NP (JJ little)) (PP (IN of) (NP (NN man) (CC or) (NN nature))))) (. .)),37.0,101,Did John Thorton expect a lot from other people?,Yes,No,0,5,Ġman,1.0,0,1.0,True
28,John Thornton asked little of man or nature.,False,(S (NP (NNP John) (NNP Thornton)) (VP (VBD asked) (NP (NP (JJ little)) (PP (IN of) (NP (NN man) (CC or) (NN nature))))) (. .)),37.0,101,Did John Thorton expect a lot from other people?,Yes,No,0,6,Ġor,1.0,0,1.0,True
28,John Thornton asked little of man or nature.,False,(S (NP (NNP John) (NNP Thornton)) (VP (VBD asked) (NP (NP (JJ little)) (PP (IN of) (NP (NN man) (CC or) (NN nature))))) (. .)),37.0,101,Did John Thorton expect a lot from other people?,Yes,No,0,7,Ġnature,1.0,0,1.0,True
28,John Thornton asked little of man or nature.,False,(S (NP (NNP John) (NNP Thornton)) (VP (VBD asked) (NP (NP (JJ little)) (PP (IN of) (NP (NN man) (CC or) (NN nature))))) (. .)),37.0,101,Did John Thorton expect a lot from other people?,Yes,No,0,8,.,1.0,0,1.0,True
29,Proper ventilation will make a backdraft less likely.,False,(S (NP (JJ Proper) (NN ventilation)) (VP (MD will) (VP (VB make) (S (NP (DT a) (NN backdraft)) (ADJP (RBR less) (JJ likely))))) (. .)),43.0,102,Would proper ventilation reduce backdraft?,Yes,No,1,0,Pro,1.0,0,1.0,True
29,Proper ventilation will make a backdraft less likely.,False,(S (NP (JJ Proper) (NN ventilation)) (VP (MD will) (VP (VB make) (S (NP (DT a) (NN backdraft)) (ADJP (RBR less) (JJ likely))))) (. .)),43.0,102,Would proper ventilation reduce backdraft?,Yes,No,1,1,per,1.0,0,1.0,True
29,Proper ventilation will make a backdraft less likely.,False,(S (NP (JJ Proper) (NN ventilation)) (VP (MD will) (VP (VB make) (S (NP (DT a) (NN backdraft)) (ADJP (RBR less) (JJ likely))))) (. .)),43.0,102,Would proper ventilation reduce backdraft?,Yes,No,1,2,Ġventilation,1.0,0,1.0,True
29,Proper ventilation will make a backdraft less likely.,False,(S (NP (JJ Proper) (NN ventilation)) (VP (MD will) (VP (VB make) (S (NP (DT a) (NN backdraft)) (ADJP (RBR less) (JJ likely))))) (. .)),43.0,102,Would proper ventilation reduce backdraft?,Yes,No,1,3,Ġwill,1.0,0,1.0,True
29,Proper ventilation will make a backdraft less likely.,False,(S (NP (JJ Proper) (NN ventilation)) (VP (MD will) (VP (VB make) (S (NP (DT a) (NN backdraft)) (ADJP (RBR less) (JJ likely))))) (. .)),43.0,102,Would proper ventilation reduce backdraft?,Yes,No,1,4,Ġmake,1.0,0,1.0,True
29,Proper ventilation will make a backdraft less likely.,False,(S (NP (JJ Proper) (NN ventilation)) (VP (MD will) (VP (VB make) (S (NP (DT a) (NN backdraft)) (ADJP (RBR less) (JJ likely))))) (. .)),43.0,102,Would proper ventilation reduce backdraft?,Yes,No,1,5,Ġa,1.0,0,1.0,True
29,Proper ventilation will make a backdraft less likely.,False,(S (NP (JJ Proper) (NN ventilation)) (VP (MD will) (VP (VB make) (S (NP (DT a) (NN backdraft)) (ADJP (RBR less) (JJ likely))))) (. .)),43.0,102,Would proper ventilation reduce backdraft?,Yes,No,1,6,Ġback,1.0,0,1.0,True
29,Proper ventilation will make a backdraft less likely.,False,(S (NP (JJ Proper) (NN ventilation)) (VP (MD will) (VP (VB make) (S (NP (DT a) (NN backdraft)) (ADJP (RBR less) (JJ likely))))) (. .)),43.0,102,Would proper ventilation reduce backdraft?,Yes,No,1,7,draft,1.0,0,1.0,True
29,Proper ventilation will make a backdraft less likely.,False,(S (NP (JJ Proper) (NN ventilation)) (VP (MD will) (VP (VB make) (S (NP (DT a) (NN backdraft)) (ADJP (RBR less) (JJ likely))))) (. .)),43.0,102,Would proper ventilation reduce backdraft?,Yes,No,1,8,Ġless,1.0,0,1.0,True
29,Proper ventilation will make a backdraft less likely.,False,(S (NP (JJ Proper) (NN ventilation)) (VP (MD will) (VP (VB make) (S (NP (DT a) (NN backdraft)) (ADJP (RBR less) (JJ likely))))) (. .)),43.0,102,Would proper ventilation reduce backdraft?,Yes,No,1,9,Ġlikely,1.0,0,1.0,True
29,Proper ventilation will make a backdraft less likely.,False,(S (NP (JJ Proper) (NN ventilation)) (VP (MD will) (VP (VB make) (S (NP (DT a) (NN backdraft)) (ADJP (RBR less) (JJ likely))))) (. .)),43.0,102,Would proper ventilation reduce backdraft?,Yes,No,1,10,.,1.0,0,1.0,True
30,"For centuries, time was measured by the position of the sun with the use of sundials.",False,"(S (PP (IN For) (NP (NNS centuries))) (, ,) (NP (NN time)) (VP (VBD was) (VP (VBN measured) (PP (IN by) (NP (NP (DT the) (NN position)) (PP (IN of) (NP (DT the) (NN sun))))) (PP (IN with) (NP (NP (DT the) (NN use)) (PP (IN of) (NP (NNS sundials))))))) (. .))",,103,Were sundials used for centuries?,Yes,No,1,0,For,1.0,0,1.0,True
30,"For centuries, time was measured by the position of the sun with the use of sundials.",False,"(S (PP (IN For) (NP (NNS centuries))) (, ,) (NP (NN time)) (VP (VBD was) (VP (VBN measured) (PP (IN by) (NP (NP (DT the) (NN position)) (PP (IN of) (NP (DT the) (NN sun))))) (PP (IN with) (NP (NP (DT the) (NN use)) (PP (IN of) (NP (NNS sundials))))))) (. .))",,103,Were sundials used for centuries?,Yes,No,1,1,Ġcenturies,1.0,0,1.0,True
30,"For centuries, time was measured by the position of the sun with the use of sundials.",False,"(S (PP (IN For) (NP (NNS centuries))) (, ,) (NP (NN time)) (VP (VBD was) (VP (VBN measured) (PP (IN by) (NP (NP (DT the) (NN position)) (PP (IN of) (NP (DT the) (NN sun))))) (PP (IN with) (NP (NP (DT the) (NN use)) (PP (IN of) (NP (NNS sundials))))))) (. .))",,103,Were sundials used for centuries?,Yes,No,1,2,",",1.0,0,1.0,True
30,"For centuries, time was measured by the position of the sun with the use of sundials.",False,"(S (PP (IN For) (NP (NNS centuries))) (, ,) (NP (NN time)) (VP (VBD was) (VP (VBN measured) (PP (IN by) (NP (NP (DT the) (NN position)) (PP (IN of) (NP (DT the) (NN sun))))) (PP (IN with) (NP (NP (DT the) (NN use)) (PP (IN of) (NP (NNS sundials))))))) (. .))",,103,Were sundials used for centuries?,Yes,No,1,3,Ġtime,1.0,0,1.0,True
30,"For centuries, time was measured by the position of the sun with the use of sundials.",False,"(S (PP (IN For) (NP (NNS centuries))) (, ,) (NP (NN time)) (VP (VBD was) (VP (VBN measured) (PP (IN by) (NP (NP (DT the) (NN position)) (PP (IN of) (NP (DT the) (NN sun))))) (PP (IN with) (NP (NP (DT the) (NN use)) (PP (IN of) (NP (NNS sundials))))))) (. .))",,103,Were sundials used for centuries?,Yes,No,1,4,Ġwas,1.0,0,1.0,True
30,"For centuries, time was measured by the position of the sun with the use of sundials.",False,"(S (PP (IN For) (NP (NNS centuries))) (, ,) (NP (NN time)) (VP (VBD was) (VP (VBN measured) (PP (IN by) (NP (NP (DT the) (NN position)) (PP (IN of) (NP (DT the) (NN sun))))) (PP (IN with) (NP (NP (DT the) (NN use)) (PP (IN of) (NP (NNS sundials))))))) (. .))",,103,Were sundials used for centuries?,Yes,No,1,5,Ġmeasured,1.0,0,1.0,True
30,"For centuries, time was measured by the position of the sun with the use of sundials.",False,"(S (PP (IN For) (NP (NNS centuries))) (, ,) (NP (NN time)) (VP (VBD was) (VP (VBN measured) (PP (IN by) (NP (NP (DT the) (NN position)) (PP (IN of) (NP (DT the) (NN sun))))) (PP (IN with) (NP (NP (DT the) (NN use)) (PP (IN of) (NP (NNS sundials))))))) (. .))",,103,Were sundials used for centuries?,Yes,No,1,6,Ġby,1.0,0,1.0,True
30,"For centuries, time was measured by the position of the sun with the use of sundials.",False,"(S (PP (IN For) (NP (NNS centuries))) (, ,) (NP (NN time)) (VP (VBD was) (VP (VBN measured) (PP (IN by) (NP (NP (DT the) (NN position)) (PP (IN of) (NP (DT the) (NN sun))))) (PP (IN with) (NP (NP (DT the) (NN use)) (PP (IN of) (NP (NNS sundials))))))) (. .))",,103,Were sundials used for centuries?,Yes,No,1,7,Ġthe,1.0,0,1.0,True
30,"For centuries, time was measured by the position of the sun with the use of sundials.",False,"(S (PP (IN For) (NP (NNS centuries))) (, ,) (NP (NN time)) (VP (VBD was) (VP (VBN measured) (PP (IN by) (NP (NP (DT the) (NN position)) (PP (IN of) (NP (DT the) (NN sun))))) (PP (IN with) (NP (NP (DT the) (NN use)) (PP (IN of) (NP (NNS sundials))))))) (. .))",,103,Were sundials used for centuries?,Yes,No,1,8,Ġposition,1.0,0,1.0,True
30,"For centuries, time was measured by the position of the sun with the use of sundials.",False,"(S (PP (IN For) (NP (NNS centuries))) (, ,) (NP (NN time)) (VP (VBD was) (VP (VBN measured) (PP (IN by) (NP (NP (DT the) (NN position)) (PP (IN of) (NP (DT the) (NN sun))))) (PP (IN with) (NP (NP (DT the) (NN use)) (PP (IN of) (NP (NNS sundials))))))) (. .))",,103,Were sundials used for centuries?,Yes,No,1,9,Ġof,1.0,0,1.0,True
30,"For centuries, time was measured by the position of the sun with the use of sundials.",False,"(S (PP (IN For) (NP (NNS centuries))) (, ,) (NP (NN time)) (VP (VBD was) (VP (VBN measured) (PP (IN by) (NP (NP (DT the) (NN position)) (PP (IN of) (NP (DT the) (NN sun))))) (PP (IN with) (NP (NP (DT the) (NN use)) (PP (IN of) (NP (NNS sundials))))))) (. .))",,103,Were sundials used for centuries?,Yes,No,1,10,Ġthe,1.0,0,1.0,True
30,"For centuries, time was measured by the position of the sun with the use of sundials.",False,"(S (PP (IN For) (NP (NNS centuries))) (, ,) (NP (NN time)) (VP (VBD was) (VP (VBN measured) (PP (IN by) (NP (NP (DT the) (NN position)) (PP (IN of) (NP (DT the) (NN sun))))) (PP (IN with) (NP (NP (DT the) (NN use)) (PP (IN of) (NP (NNS sundials))))))) (. .))",,103,Were sundials used for centuries?,Yes,No,1,11,Ġsun,1.0,0,1.0,True
30,"For centuries, time was measured by the position of the sun with the use of sundials.",False,"(S (PP (IN For) (NP (NNS centuries))) (, ,) (NP (NN time)) (VP (VBD was) (VP (VBN measured) (PP (IN by) (NP (NP (DT the) (NN position)) (PP (IN of) (NP (DT the) (NN sun))))) (PP (IN with) (NP (NP (DT the) (NN use)) (PP (IN of) (NP (NNS sundials))))))) (. .))",,103,Were sundials used for centuries?,Yes,No,1,12,Ġwith,1.0,0,1.0,True
30,"For centuries, time was measured by the position of the sun with the use of sundials.",False,"(S (PP (IN For) (NP (NNS centuries))) (, ,) (NP (NN time)) (VP (VBD was) (VP (VBN measured) (PP (IN by) (NP (NP (DT the) (NN position)) (PP (IN of) (NP (DT the) (NN sun))))) (PP (IN with) (NP (NP (DT the) (NN use)) (PP (IN of) (NP (NNS sundials))))))) (. .))",,103,Were sundials used for centuries?,Yes,No,1,13,Ġthe,1.0,0,1.0,True
30,"For centuries, time was measured by the position of the sun with the use of sundials.",False,"(S (PP (IN For) (NP (NNS centuries))) (, ,) (NP (NN time)) (VP (VBD was) (VP (VBN measured) (PP (IN by) (NP (NP (DT the) (NN position)) (PP (IN of) (NP (DT the) (NN sun))))) (PP (IN with) (NP (NP (DT the) (NN use)) (PP (IN of) (NP (NNS sundials))))))) (. .))",,103,Were sundials used for centuries?,Yes,No,1,14,Ġuse,1.0,0,1.0,True
30,"For centuries, time was measured by the position of the sun with the use of sundials.",False,"(S (PP (IN For) (NP (NNS centuries))) (, ,) (NP (NN time)) (VP (VBD was) (VP (VBN measured) (PP (IN by) (NP (NP (DT the) (NN position)) (PP (IN of) (NP (DT the) (NN sun))))) (PP (IN with) (NP (NP (DT the) (NN use)) (PP (IN of) (NP (NNS sundials))))))) (. .))",,103,Were sundials used for centuries?,Yes,No,1,15,Ġof,1.0,0,1.0,True
30,"For centuries, time was measured by the position of the sun with the use of sundials.",False,"(S (PP (IN For) (NP (NNS centuries))) (, ,) (NP (NN time)) (VP (VBD was) (VP (VBN measured) (PP (IN by) (NP (NP (DT the) (NN position)) (PP (IN of) (NP (DT the) (NN sun))))) (PP (IN with) (NP (NP (DT the) (NN use)) (PP (IN of) (NP (NNS sundials))))))) (. .))",,103,Were sundials used for centuries?,Yes,No,1,16,Ġsund,1.0,0,1.0,True
30,"For centuries, time was measured by the position of the sun with the use of sundials.",False,"(S (PP (IN For) (NP (NNS centuries))) (, ,) (NP (NN time)) (VP (VBD was) (VP (VBN measured) (PP (IN by) (NP (NP (DT the) (NN position)) (PP (IN of) (NP (DT the) (NN sun))))) (PP (IN with) (NP (NP (DT the) (NN use)) (PP (IN of) (NP (NNS sundials))))))) (. .))",,103,Were sundials used for centuries?,Yes,No,1,17,ials,1.0,0,1.0,True
30,"For centuries, time was measured by the position of the sun with the use of sundials.",False,"(S (PP (IN For) (NP (NNS centuries))) (, ,) (NP (NN time)) (VP (VBD was) (VP (VBN measured) (PP (IN by) (NP (NP (DT the) (NN position)) (PP (IN of) (NP (DT the) (NN sun))))) (PP (IN with) (NP (NP (DT the) (NN use)) (PP (IN of) (NP (NNS sundials))))))) (. .))",,103,Were sundials used for centuries?,Yes,No,1,18,.,1.0,0,1.0,True
31,"The girl 's feet were then re-wrapped even tighter than before, causing her footprint to shrink further.",False,"(S (NP (NP (DT The) (NN girl) (POS 's)) (NNS feet)) (VP (VBD were) (ADVP (RB then)) (VP (ADVP (RB re) (: -)) (VP (VBN wrapped) (ADVP (ADVP (RB even) (RBR tighter)) (PP (IN than) (ADVP (IN before)))) (, ,) (S (VP (VBG causing) (S (NP (PRP her) (NN footprint)) (VP (TO to) (VP (VB shrink) (ADVP (RBR further)))))))))) (. .))",,104,Were the wraps around the girl's feet tighter after they were re-wrapped?,Yes,No,1,0,The,1.0,0,1.0,True
31,"The girl 's feet were then re-wrapped even tighter than before, causing her footprint to shrink further.",False,"(S (NP (NP (DT The) (NN girl) (POS 's)) (NNS feet)) (VP (VBD were) (ADVP (RB then)) (VP (ADVP (RB re) (: -)) (VP (VBN wrapped) (ADVP (ADVP (RB even) (RBR tighter)) (PP (IN than) (ADVP (IN before)))) (, ,) (S (VP (VBG causing) (S (NP (PRP her) (NN footprint)) (VP (TO to) (VP (VB shrink) (ADVP (RBR further)))))))))) (. .))",,104,Were the wraps around the girl's feet tighter after they were re-wrapped?,Yes,No,1,1,Ġgirl,1.0,0,1.0,True
31,"The girl 's feet were then re-wrapped even tighter than before, causing her footprint to shrink further.",False,"(S (NP (NP (DT The) (NN girl) (POS 's)) (NNS feet)) (VP (VBD were) (ADVP (RB then)) (VP (ADVP (RB re) (: -)) (VP (VBN wrapped) (ADVP (ADVP (RB even) (RBR tighter)) (PP (IN than) (ADVP (IN before)))) (, ,) (S (VP (VBG causing) (S (NP (PRP her) (NN footprint)) (VP (TO to) (VP (VB shrink) (ADVP (RBR further)))))))))) (. .))",,104,Were the wraps around the girl's feet tighter after they were re-wrapped?,Yes,No,1,2,Ġ',1.0,0,1.0,True
31,"The girl 's feet were then re-wrapped even tighter than before, causing her footprint to shrink further.",False,"(S (NP (NP (DT The) (NN girl) (POS 's)) (NNS feet)) (VP (VBD were) (ADVP (RB then)) (VP (ADVP (RB re) (: -)) (VP (VBN wrapped) (ADVP (ADVP (RB even) (RBR tighter)) (PP (IN than) (ADVP (IN before)))) (, ,) (S (VP (VBG causing) (S (NP (PRP her) (NN footprint)) (VP (TO to) (VP (VB shrink) (ADVP (RBR further)))))))))) (. .))",,104,Were the wraps around the girl's feet tighter after they were re-wrapped?,Yes,No,1,3,s,1.0,0,1.0,True
31,"The girl 's feet were then re-wrapped even tighter than before, causing her footprint to shrink further.",False,"(S (NP (NP (DT The) (NN girl) (POS 's)) (NNS feet)) (VP (VBD were) (ADVP (RB then)) (VP (ADVP (RB re) (: -)) (VP (VBN wrapped) (ADVP (ADVP (RB even) (RBR tighter)) (PP (IN than) (ADVP (IN before)))) (, ,) (S (VP (VBG causing) (S (NP (PRP her) (NN footprint)) (VP (TO to) (VP (VB shrink) (ADVP (RBR further)))))))))) (. .))",,104,Were the wraps around the girl's feet tighter after they were re-wrapped?,Yes,No,1,4,Ġfeet,1.0,0,1.0,True
31,"The girl 's feet were then re-wrapped even tighter than before, causing her footprint to shrink further.",False,"(S (NP (NP (DT The) (NN girl) (POS 's)) (NNS feet)) (VP (VBD were) (ADVP (RB then)) (VP (ADVP (RB re) (: -)) (VP (VBN wrapped) (ADVP (ADVP (RB even) (RBR tighter)) (PP (IN than) (ADVP (IN before)))) (, ,) (S (VP (VBG causing) (S (NP (PRP her) (NN footprint)) (VP (TO to) (VP (VB shrink) (ADVP (RBR further)))))))))) (. .))",,104,Were the wraps around the girl's feet tighter after they were re-wrapped?,Yes,No,1,5,Ġwere,1.0,0,1.0,True
31,"The girl 's feet were then re-wrapped even tighter than before, causing her footprint to shrink further.",False,"(S (NP (NP (DT The) (NN girl) (POS 's)) (NNS feet)) (VP (VBD were) (ADVP (RB then)) (VP (ADVP (RB re) (: -)) (VP (VBN wrapped) (ADVP (ADVP (RB even) (RBR tighter)) (PP (IN than) (ADVP (IN before)))) (, ,) (S (VP (VBG causing) (S (NP (PRP her) (NN footprint)) (VP (TO to) (VP (VB shrink) (ADVP (RBR further)))))))))) (. .))",,104,Were the wraps around the girl's feet tighter after they were re-wrapped?,Yes,No,1,6,Ġthen,1.0,0,1.0,True
31,"The girl 's feet were then re-wrapped even tighter than before, causing her footprint to shrink further.",False,"(S (NP (NP (DT The) (NN girl) (POS 's)) (NNS feet)) (VP (VBD were) (ADVP (RB then)) (VP (ADVP (RB re) (: -)) (VP (VBN wrapped) (ADVP (ADVP (RB even) (RBR tighter)) (PP (IN than) (ADVP (IN before)))) (, ,) (S (VP (VBG causing) (S (NP (PRP her) (NN footprint)) (VP (TO to) (VP (VB shrink) (ADVP (RBR further)))))))))) (. .))",,104,Were the wraps around the girl's feet tighter after they were re-wrapped?,Yes,No,1,7,Ġre,1.0,0,1.0,True
31,"The girl 's feet were then re-wrapped even tighter than before, causing her footprint to shrink further.",False,"(S (NP (NP (DT The) (NN girl) (POS 's)) (NNS feet)) (VP (VBD were) (ADVP (RB then)) (VP (ADVP (RB re) (: -)) (VP (VBN wrapped) (ADVP (ADVP (RB even) (RBR tighter)) (PP (IN than) (ADVP (IN before)))) (, ,) (S (VP (VBG causing) (S (NP (PRP her) (NN footprint)) (VP (TO to) (VP (VB shrink) (ADVP (RBR further)))))))))) (. .))",,104,Were the wraps around the girl's feet tighter after they were re-wrapped?,Yes,No,1,8,-,1.0,0,1.0,True
31,"The girl 's feet were then re-wrapped even tighter than before, causing her footprint to shrink further.",False,"(S (NP (NP (DT The) (NN girl) (POS 's)) (NNS feet)) (VP (VBD were) (ADVP (RB then)) (VP (ADVP (RB re) (: -)) (VP (VBN wrapped) (ADVP (ADVP (RB even) (RBR tighter)) (PP (IN than) (ADVP (IN before)))) (, ,) (S (VP (VBG causing) (S (NP (PRP her) (NN footprint)) (VP (TO to) (VP (VB shrink) (ADVP (RBR further)))))))))) (. .))",,104,Were the wraps around the girl's feet tighter after they were re-wrapped?,Yes,No,1,9,wra,1.0,0,1.0,True
31,"The girl 's feet were then re-wrapped even tighter than before, causing her footprint to shrink further.",False,"(S (NP (NP (DT The) (NN girl) (POS 's)) (NNS feet)) (VP (VBD were) (ADVP (RB then)) (VP (ADVP (RB re) (: -)) (VP (VBN wrapped) (ADVP (ADVP (RB even) (RBR tighter)) (PP (IN than) (ADVP (IN before)))) (, ,) (S (VP (VBG causing) (S (NP (PRP her) (NN footprint)) (VP (TO to) (VP (VB shrink) (ADVP (RBR further)))))))))) (. .))",,104,Were the wraps around the girl's feet tighter after they were re-wrapped?,Yes,No,1,10,pped,1.0,0,1.0,True
31,"The girl 's feet were then re-wrapped even tighter than before, causing her footprint to shrink further.",False,"(S (NP (NP (DT The) (NN girl) (POS 's)) (NNS feet)) (VP (VBD were) (ADVP (RB then)) (VP (ADVP (RB re) (: -)) (VP (VBN wrapped) (ADVP (ADVP (RB even) (RBR tighter)) (PP (IN than) (ADVP (IN before)))) (, ,) (S (VP (VBG causing) (S (NP (PRP her) (NN footprint)) (VP (TO to) (VP (VB shrink) (ADVP (RBR further)))))))))) (. .))",,104,Were the wraps around the girl's feet tighter after they were re-wrapped?,Yes,No,1,11,Ġeven,1.0,0,1.0,True
31,"The girl 's feet were then re-wrapped even tighter than before, causing her footprint to shrink further.",False,"(S (NP (NP (DT The) (NN girl) (POS 's)) (NNS feet)) (VP (VBD were) (ADVP (RB then)) (VP (ADVP (RB re) (: -)) (VP (VBN wrapped) (ADVP (ADVP (RB even) (RBR tighter)) (PP (IN than) (ADVP (IN before)))) (, ,) (S (VP (VBG causing) (S (NP (PRP her) (NN footprint)) (VP (TO to) (VP (VB shrink) (ADVP (RBR further)))))))))) (. .))",,104,Were the wraps around the girl's feet tighter after they were re-wrapped?,Yes,No,1,12,Ġtighter,1.0,0,1.0,True
31,"The girl 's feet were then re-wrapped even tighter than before, causing her footprint to shrink further.",False,"(S (NP (NP (DT The) (NN girl) (POS 's)) (NNS feet)) (VP (VBD were) (ADVP (RB then)) (VP (ADVP (RB re) (: -)) (VP (VBN wrapped) (ADVP (ADVP (RB even) (RBR tighter)) (PP (IN than) (ADVP (IN before)))) (, ,) (S (VP (VBG causing) (S (NP (PRP her) (NN footprint)) (VP (TO to) (VP (VB shrink) (ADVP (RBR further)))))))))) (. .))",,104,Were the wraps around the girl's feet tighter after they were re-wrapped?,Yes,No,1,13,Ġthan,1.0,0,1.0,True
31,"The girl 's feet were then re-wrapped even tighter than before, causing her footprint to shrink further.",False,"(S (NP (NP (DT The) (NN girl) (POS 's)) (NNS feet)) (VP (VBD were) (ADVP (RB then)) (VP (ADVP (RB re) (: -)) (VP (VBN wrapped) (ADVP (ADVP (RB even) (RBR tighter)) (PP (IN than) (ADVP (IN before)))) (, ,) (S (VP (VBG causing) (S (NP (PRP her) (NN footprint)) (VP (TO to) (VP (VB shrink) (ADVP (RBR further)))))))))) (. .))",,104,Were the wraps around the girl's feet tighter after they were re-wrapped?,Yes,No,1,14,Ġbefore,1.0,0,1.0,True
31,"The girl 's feet were then re-wrapped even tighter than before, causing her footprint to shrink further.",False,"(S (NP (NP (DT The) (NN girl) (POS 's)) (NNS feet)) (VP (VBD were) (ADVP (RB then)) (VP (ADVP (RB re) (: -)) (VP (VBN wrapped) (ADVP (ADVP (RB even) (RBR tighter)) (PP (IN than) (ADVP (IN before)))) (, ,) (S (VP (VBG causing) (S (NP (PRP her) (NN footprint)) (VP (TO to) (VP (VB shrink) (ADVP (RBR further)))))))))) (. .))",,104,Were the wraps around the girl's feet tighter after they were re-wrapped?,Yes,No,1,15,",",1.0,0,1.0,True
31,"The girl 's feet were then re-wrapped even tighter than before, causing her footprint to shrink further.",False,"(S (NP (NP (DT The) (NN girl) (POS 's)) (NNS feet)) (VP (VBD were) (ADVP (RB then)) (VP (ADVP (RB re) (: -)) (VP (VBN wrapped) (ADVP (ADVP (RB even) (RBR tighter)) (PP (IN than) (ADVP (IN before)))) (, ,) (S (VP (VBG causing) (S (NP (PRP her) (NN footprint)) (VP (TO to) (VP (VB shrink) (ADVP (RBR further)))))))))) (. .))",,104,Were the wraps around the girl's feet tighter after they were re-wrapped?,Yes,No,1,16,Ġcausing,1.0,0,1.0,True
31,"The girl 's feet were then re-wrapped even tighter than before, causing her footprint to shrink further.",False,"(S (NP (NP (DT The) (NN girl) (POS 's)) (NNS feet)) (VP (VBD were) (ADVP (RB then)) (VP (ADVP (RB re) (: -)) (VP (VBN wrapped) (ADVP (ADVP (RB even) (RBR tighter)) (PP (IN than) (ADVP (IN before)))) (, ,) (S (VP (VBG causing) (S (NP (PRP her) (NN footprint)) (VP (TO to) (VP (VB shrink) (ADVP (RBR further)))))))))) (. .))",,104,Were the wraps around the girl's feet tighter after they were re-wrapped?,Yes,No,1,17,Ġher,1.0,0,1.0,True
31,"The girl 's feet were then re-wrapped even tighter than before, causing her footprint to shrink further.",False,"(S (NP (NP (DT The) (NN girl) (POS 's)) (NNS feet)) (VP (VBD were) (ADVP (RB then)) (VP (ADVP (RB re) (: -)) (VP (VBN wrapped) (ADVP (ADVP (RB even) (RBR tighter)) (PP (IN than) (ADVP (IN before)))) (, ,) (S (VP (VBG causing) (S (NP (PRP her) (NN footprint)) (VP (TO to) (VP (VB shrink) (ADVP (RBR further)))))))))) (. .))",,104,Were the wraps around the girl's feet tighter after they were re-wrapped?,Yes,No,1,18,Ġfootprint,1.0,0,1.0,True
31,"The girl 's feet were then re-wrapped even tighter than before, causing her footprint to shrink further.",False,"(S (NP (NP (DT The) (NN girl) (POS 's)) (NNS feet)) (VP (VBD were) (ADVP (RB then)) (VP (ADVP (RB re) (: -)) (VP (VBN wrapped) (ADVP (ADVP (RB even) (RBR tighter)) (PP (IN than) (ADVP (IN before)))) (, ,) (S (VP (VBG causing) (S (NP (PRP her) (NN footprint)) (VP (TO to) (VP (VB shrink) (ADVP (RBR further)))))))))) (. .))",,104,Were the wraps around the girl's feet tighter after they were re-wrapped?,Yes,No,1,19,Ġto,1.0,0,1.0,True
31,"The girl 's feet were then re-wrapped even tighter than before, causing her footprint to shrink further.",False,"(S (NP (NP (DT The) (NN girl) (POS 's)) (NNS feet)) (VP (VBD were) (ADVP (RB then)) (VP (ADVP (RB re) (: -)) (VP (VBN wrapped) (ADVP (ADVP (RB even) (RBR tighter)) (PP (IN than) (ADVP (IN before)))) (, ,) (S (VP (VBG causing) (S (NP (PRP her) (NN footprint)) (VP (TO to) (VP (VB shrink) (ADVP (RBR further)))))))))) (. .))",,104,Were the wraps around the girl's feet tighter after they were re-wrapped?,Yes,No,1,20,Ġshrink,1.0,0,1.0,True
31,"The girl 's feet were then re-wrapped even tighter than before, causing her footprint to shrink further.",False,"(S (NP (NP (DT The) (NN girl) (POS 's)) (NNS feet)) (VP (VBD were) (ADVP (RB then)) (VP (ADVP (RB re) (: -)) (VP (VBN wrapped) (ADVP (ADVP (RB even) (RBR tighter)) (PP (IN than) (ADVP (IN before)))) (, ,) (S (VP (VBG causing) (S (NP (PRP her) (NN footprint)) (VP (TO to) (VP (VB shrink) (ADVP (RBR further)))))))))) (. .))",,104,Were the wraps around the girl's feet tighter after they were re-wrapped?,Yes,No,1,21,Ġfurther,1.0,0,1.0,True
31,"The girl 's feet were then re-wrapped even tighter than before, causing her footprint to shrink further.",False,"(S (NP (NP (DT The) (NN girl) (POS 's)) (NNS feet)) (VP (VBD were) (ADVP (RB then)) (VP (ADVP (RB re) (: -)) (VP (VBN wrapped) (ADVP (ADVP (RB even) (RBR tighter)) (PP (IN than) (ADVP (IN before)))) (, ,) (S (VP (VBG causing) (S (NP (PRP her) (NN footprint)) (VP (TO to) (VP (VB shrink) (ADVP (RBR further)))))))))) (. .))",,104,Were the wraps around the girl's feet tighter after they were re-wrapped?,Yes,No,1,22,.,1.0,0,1.0,True
32,"The astronauts used a hefty robotic arm to move the bus-size canister, stuffed with nearly three tons of packing foam.",False,"(S (NP (DT The) (NNS astronauts)) (VP (VBD used) (NP (DT a) (JJ hefty) (JJ robotic) (NN arm)) (S (VP (TO to) (VP (VB move) (NP (NP (DT the) (NN bus) (: -) (JJ size) (NN canister)) (, ,) (VP (VBN stuffed) (PP (IN with) (NP (NP (QP (RB nearly) (CD three)) (NNS tons)) (PP (IN of) (NP (NN packing) (NN foam))))))))))) (. .))",,105,Did the astronauts move the container by themselves?,Yes,No,0,0,The,1.0,0,1.0,True
32,"The astronauts used a hefty robotic arm to move the bus-size canister, stuffed with nearly three tons of packing foam.",False,"(S (NP (DT The) (NNS astronauts)) (VP (VBD used) (NP (DT a) (JJ hefty) (JJ robotic) (NN arm)) (S (VP (TO to) (VP (VB move) (NP (NP (DT the) (NN bus) (: -) (JJ size) (NN canister)) (, ,) (VP (VBN stuffed) (PP (IN with) (NP (NP (QP (RB nearly) (CD three)) (NNS tons)) (PP (IN of) (NP (NN packing) (NN foam))))))))))) (. .))",,105,Did the astronauts move the container by themselves?,Yes,No,0,1,Ġastronauts,1.0,0,1.0,True
32,"The astronauts used a hefty robotic arm to move the bus-size canister, stuffed with nearly three tons of packing foam.",False,"(S (NP (DT The) (NNS astronauts)) (VP (VBD used) (NP (DT a) (JJ hefty) (JJ robotic) (NN arm)) (S (VP (TO to) (VP (VB move) (NP (NP (DT the) (NN bus) (: -) (JJ size) (NN canister)) (, ,) (VP (VBN stuffed) (PP (IN with) (NP (NP (QP (RB nearly) (CD three)) (NNS tons)) (PP (IN of) (NP (NN packing) (NN foam))))))))))) (. .))",,105,Did the astronauts move the container by themselves?,Yes,No,0,2,Ġused,1.0,0,1.0,True
32,"The astronauts used a hefty robotic arm to move the bus-size canister, stuffed with nearly three tons of packing foam.",False,"(S (NP (DT The) (NNS astronauts)) (VP (VBD used) (NP (DT a) (JJ hefty) (JJ robotic) (NN arm)) (S (VP (TO to) (VP (VB move) (NP (NP (DT the) (NN bus) (: -) (JJ size) (NN canister)) (, ,) (VP (VBN stuffed) (PP (IN with) (NP (NP (QP (RB nearly) (CD three)) (NNS tons)) (PP (IN of) (NP (NN packing) (NN foam))))))))))) (. .))",,105,Did the astronauts move the container by themselves?,Yes,No,0,3,Ġa,1.0,0,1.0,True
32,"The astronauts used a hefty robotic arm to move the bus-size canister, stuffed with nearly three tons of packing foam.",False,"(S (NP (DT The) (NNS astronauts)) (VP (VBD used) (NP (DT a) (JJ hefty) (JJ robotic) (NN arm)) (S (VP (TO to) (VP (VB move) (NP (NP (DT the) (NN bus) (: -) (JJ size) (NN canister)) (, ,) (VP (VBN stuffed) (PP (IN with) (NP (NP (QP (RB nearly) (CD three)) (NNS tons)) (PP (IN of) (NP (NN packing) (NN foam))))))))))) (. .))",,105,Did the astronauts move the container by themselves?,Yes,No,0,4,Ġhefty,1.0,0,1.0,True
32,"The astronauts used a hefty robotic arm to move the bus-size canister, stuffed with nearly three tons of packing foam.",False,"(S (NP (DT The) (NNS astronauts)) (VP (VBD used) (NP (DT a) (JJ hefty) (JJ robotic) (NN arm)) (S (VP (TO to) (VP (VB move) (NP (NP (DT the) (NN bus) (: -) (JJ size) (NN canister)) (, ,) (VP (VBN stuffed) (PP (IN with) (NP (NP (QP (RB nearly) (CD three)) (NNS tons)) (PP (IN of) (NP (NN packing) (NN foam))))))))))) (. .))",,105,Did the astronauts move the container by themselves?,Yes,No,0,5,Ġrobotic,1.0,0,1.0,True
32,"The astronauts used a hefty robotic arm to move the bus-size canister, stuffed with nearly three tons of packing foam.",False,"(S (NP (DT The) (NNS astronauts)) (VP (VBD used) (NP (DT a) (JJ hefty) (JJ robotic) (NN arm)) (S (VP (TO to) (VP (VB move) (NP (NP (DT the) (NN bus) (: -) (JJ size) (NN canister)) (, ,) (VP (VBN stuffed) (PP (IN with) (NP (NP (QP (RB nearly) (CD three)) (NNS tons)) (PP (IN of) (NP (NN packing) (NN foam))))))))))) (. .))",,105,Did the astronauts move the container by themselves?,Yes,No,0,6,Ġarm,1.0,0,1.0,True
32,"The astronauts used a hefty robotic arm to move the bus-size canister, stuffed with nearly three tons of packing foam.",False,"(S (NP (DT The) (NNS astronauts)) (VP (VBD used) (NP (DT a) (JJ hefty) (JJ robotic) (NN arm)) (S (VP (TO to) (VP (VB move) (NP (NP (DT the) (NN bus) (: -) (JJ size) (NN canister)) (, ,) (VP (VBN stuffed) (PP (IN with) (NP (NP (QP (RB nearly) (CD three)) (NNS tons)) (PP (IN of) (NP (NN packing) (NN foam))))))))))) (. .))",,105,Did the astronauts move the container by themselves?,Yes,No,0,7,Ġto,1.0,0,1.0,True
32,"The astronauts used a hefty robotic arm to move the bus-size canister, stuffed with nearly three tons of packing foam.",False,"(S (NP (DT The) (NNS astronauts)) (VP (VBD used) (NP (DT a) (JJ hefty) (JJ robotic) (NN arm)) (S (VP (TO to) (VP (VB move) (NP (NP (DT the) (NN bus) (: -) (JJ size) (NN canister)) (, ,) (VP (VBN stuffed) (PP (IN with) (NP (NP (QP (RB nearly) (CD three)) (NNS tons)) (PP (IN of) (NP (NN packing) (NN foam))))))))))) (. .))",,105,Did the astronauts move the container by themselves?,Yes,No,0,8,Ġmove,1.0,0,1.0,True
32,"The astronauts used a hefty robotic arm to move the bus-size canister, stuffed with nearly three tons of packing foam.",False,"(S (NP (DT The) (NNS astronauts)) (VP (VBD used) (NP (DT a) (JJ hefty) (JJ robotic) (NN arm)) (S (VP (TO to) (VP (VB move) (NP (NP (DT the) (NN bus) (: -) (JJ size) (NN canister)) (, ,) (VP (VBN stuffed) (PP (IN with) (NP (NP (QP (RB nearly) (CD three)) (NNS tons)) (PP (IN of) (NP (NN packing) (NN foam))))))))))) (. .))",,105,Did the astronauts move the container by themselves?,Yes,No,0,9,Ġthe,1.0,0,1.0,True
32,"The astronauts used a hefty robotic arm to move the bus-size canister, stuffed with nearly three tons of packing foam.",False,"(S (NP (DT The) (NNS astronauts)) (VP (VBD used) (NP (DT a) (JJ hefty) (JJ robotic) (NN arm)) (S (VP (TO to) (VP (VB move) (NP (NP (DT the) (NN bus) (: -) (JJ size) (NN canister)) (, ,) (VP (VBN stuffed) (PP (IN with) (NP (NP (QP (RB nearly) (CD three)) (NNS tons)) (PP (IN of) (NP (NN packing) (NN foam))))))))))) (. .))",,105,Did the astronauts move the container by themselves?,Yes,No,0,10,Ġbus,1.0,0,1.0,True
32,"The astronauts used a hefty robotic arm to move the bus-size canister, stuffed with nearly three tons of packing foam.",False,"(S (NP (DT The) (NNS astronauts)) (VP (VBD used) (NP (DT a) (JJ hefty) (JJ robotic) (NN arm)) (S (VP (TO to) (VP (VB move) (NP (NP (DT the) (NN bus) (: -) (JJ size) (NN canister)) (, ,) (VP (VBN stuffed) (PP (IN with) (NP (NP (QP (RB nearly) (CD three)) (NNS tons)) (PP (IN of) (NP (NN packing) (NN foam))))))))))) (. .))",,105,Did the astronauts move the container by themselves?,Yes,No,0,11,-,1.0,0,1.0,True
32,"The astronauts used a hefty robotic arm to move the bus-size canister, stuffed with nearly three tons of packing foam.",False,"(S (NP (DT The) (NNS astronauts)) (VP (VBD used) (NP (DT a) (JJ hefty) (JJ robotic) (NN arm)) (S (VP (TO to) (VP (VB move) (NP (NP (DT the) (NN bus) (: -) (JJ size) (NN canister)) (, ,) (VP (VBN stuffed) (PP (IN with) (NP (NP (QP (RB nearly) (CD three)) (NNS tons)) (PP (IN of) (NP (NN packing) (NN foam))))))))))) (. .))",,105,Did the astronauts move the container by themselves?,Yes,No,0,12,size,1.0,0,1.0,True
32,"The astronauts used a hefty robotic arm to move the bus-size canister, stuffed with nearly three tons of packing foam.",False,"(S (NP (DT The) (NNS astronauts)) (VP (VBD used) (NP (DT a) (JJ hefty) (JJ robotic) (NN arm)) (S (VP (TO to) (VP (VB move) (NP (NP (DT the) (NN bus) (: -) (JJ size) (NN canister)) (, ,) (VP (VBN stuffed) (PP (IN with) (NP (NP (QP (RB nearly) (CD three)) (NNS tons)) (PP (IN of) (NP (NN packing) (NN foam))))))))))) (. .))",,105,Did the astronauts move the container by themselves?,Yes,No,0,13,Ġcan,1.0,0,1.0,True
32,"The astronauts used a hefty robotic arm to move the bus-size canister, stuffed with nearly three tons of packing foam.",False,"(S (NP (DT The) (NNS astronauts)) (VP (VBD used) (NP (DT a) (JJ hefty) (JJ robotic) (NN arm)) (S (VP (TO to) (VP (VB move) (NP (NP (DT the) (NN bus) (: -) (JJ size) (NN canister)) (, ,) (VP (VBN stuffed) (PP (IN with) (NP (NP (QP (RB nearly) (CD three)) (NNS tons)) (PP (IN of) (NP (NN packing) (NN foam))))))))))) (. .))",,105,Did the astronauts move the container by themselves?,Yes,No,0,14,ister,1.0,0,1.0,True
32,"The astronauts used a hefty robotic arm to move the bus-size canister, stuffed with nearly three tons of packing foam.",False,"(S (NP (DT The) (NNS astronauts)) (VP (VBD used) (NP (DT a) (JJ hefty) (JJ robotic) (NN arm)) (S (VP (TO to) (VP (VB move) (NP (NP (DT the) (NN bus) (: -) (JJ size) (NN canister)) (, ,) (VP (VBN stuffed) (PP (IN with) (NP (NP (QP (RB nearly) (CD three)) (NNS tons)) (PP (IN of) (NP (NN packing) (NN foam))))))))))) (. .))",,105,Did the astronauts move the container by themselves?,Yes,No,0,15,",",1.0,0,1.0,True
32,"The astronauts used a hefty robotic arm to move the bus-size canister, stuffed with nearly three tons of packing foam.",False,"(S (NP (DT The) (NNS astronauts)) (VP (VBD used) (NP (DT a) (JJ hefty) (JJ robotic) (NN arm)) (S (VP (TO to) (VP (VB move) (NP (NP (DT the) (NN bus) (: -) (JJ size) (NN canister)) (, ,) (VP (VBN stuffed) (PP (IN with) (NP (NP (QP (RB nearly) (CD three)) (NNS tons)) (PP (IN of) (NP (NN packing) (NN foam))))))))))) (. .))",,105,Did the astronauts move the container by themselves?,Yes,No,0,16,Ġstuffed,1.0,0,1.0,True
32,"The astronauts used a hefty robotic arm to move the bus-size canister, stuffed with nearly three tons of packing foam.",False,"(S (NP (DT The) (NNS astronauts)) (VP (VBD used) (NP (DT a) (JJ hefty) (JJ robotic) (NN arm)) (S (VP (TO to) (VP (VB move) (NP (NP (DT the) (NN bus) (: -) (JJ size) (NN canister)) (, ,) (VP (VBN stuffed) (PP (IN with) (NP (NP (QP (RB nearly) (CD three)) (NNS tons)) (PP (IN of) (NP (NN packing) (NN foam))))))))))) (. .))",,105,Did the astronauts move the container by themselves?,Yes,No,0,17,Ġwith,1.0,0,1.0,True
32,"The astronauts used a hefty robotic arm to move the bus-size canister, stuffed with nearly three tons of packing foam.",False,"(S (NP (DT The) (NNS astronauts)) (VP (VBD used) (NP (DT a) (JJ hefty) (JJ robotic) (NN arm)) (S (VP (TO to) (VP (VB move) (NP (NP (DT the) (NN bus) (: -) (JJ size) (NN canister)) (, ,) (VP (VBN stuffed) (PP (IN with) (NP (NP (QP (RB nearly) (CD three)) (NNS tons)) (PP (IN of) (NP (NN packing) (NN foam))))))))))) (. .))",,105,Did the astronauts move the container by themselves?,Yes,No,0,18,Ġnearly,1.0,0,1.0,True
32,"The astronauts used a hefty robotic arm to move the bus-size canister, stuffed with nearly three tons of packing foam.",False,"(S (NP (DT The) (NNS astronauts)) (VP (VBD used) (NP (DT a) (JJ hefty) (JJ robotic) (NN arm)) (S (VP (TO to) (VP (VB move) (NP (NP (DT the) (NN bus) (: -) (JJ size) (NN canister)) (, ,) (VP (VBN stuffed) (PP (IN with) (NP (NP (QP (RB nearly) (CD three)) (NNS tons)) (PP (IN of) (NP (NN packing) (NN foam))))))))))) (. .))",,105,Did the astronauts move the container by themselves?,Yes,No,0,19,Ġthree,1.0,0,1.0,True
32,"The astronauts used a hefty robotic arm to move the bus-size canister, stuffed with nearly three tons of packing foam.",False,"(S (NP (DT The) (NNS astronauts)) (VP (VBD used) (NP (DT a) (JJ hefty) (JJ robotic) (NN arm)) (S (VP (TO to) (VP (VB move) (NP (NP (DT the) (NN bus) (: -) (JJ size) (NN canister)) (, ,) (VP (VBN stuffed) (PP (IN with) (NP (NP (QP (RB nearly) (CD three)) (NNS tons)) (PP (IN of) (NP (NN packing) (NN foam))))))))))) (. .))",,105,Did the astronauts move the container by themselves?,Yes,No,0,20,Ġtons,1.0,0,1.0,True
32,"The astronauts used a hefty robotic arm to move the bus-size canister, stuffed with nearly three tons of packing foam.",False,"(S (NP (DT The) (NNS astronauts)) (VP (VBD used) (NP (DT a) (JJ hefty) (JJ robotic) (NN arm)) (S (VP (TO to) (VP (VB move) (NP (NP (DT the) (NN bus) (: -) (JJ size) (NN canister)) (, ,) (VP (VBN stuffed) (PP (IN with) (NP (NP (QP (RB nearly) (CD three)) (NNS tons)) (PP (IN of) (NP (NN packing) (NN foam))))))))))) (. .))",,105,Did the astronauts move the container by themselves?,Yes,No,0,21,Ġof,1.0,0,1.0,True
32,"The astronauts used a hefty robotic arm to move the bus-size canister, stuffed with nearly three tons of packing foam.",False,"(S (NP (DT The) (NNS astronauts)) (VP (VBD used) (NP (DT a) (JJ hefty) (JJ robotic) (NN arm)) (S (VP (TO to) (VP (VB move) (NP (NP (DT the) (NN bus) (: -) (JJ size) (NN canister)) (, ,) (VP (VBN stuffed) (PP (IN with) (NP (NP (QP (RB nearly) (CD three)) (NNS tons)) (PP (IN of) (NP (NN packing) (NN foam))))))))))) (. .))",,105,Did the astronauts move the container by themselves?,Yes,No,0,22,Ġpacking,1.0,0,1.0,True
32,"The astronauts used a hefty robotic arm to move the bus-size canister, stuffed with nearly three tons of packing foam.",False,"(S (NP (DT The) (NNS astronauts)) (VP (VBD used) (NP (DT a) (JJ hefty) (JJ robotic) (NN arm)) (S (VP (TO to) (VP (VB move) (NP (NP (DT the) (NN bus) (: -) (JJ size) (NN canister)) (, ,) (VP (VBN stuffed) (PP (IN with) (NP (NP (QP (RB nearly) (CD three)) (NNS tons)) (PP (IN of) (NP (NN packing) (NN foam))))))))))) (. .))",,105,Did the astronauts move the container by themselves?,Yes,No,0,23,Ġfoam,1.0,0,1.0,True
32,"The astronauts used a hefty robotic arm to move the bus-size canister, stuffed with nearly three tons of packing foam.",False,"(S (NP (DT The) (NNS astronauts)) (VP (VBD used) (NP (DT a) (JJ hefty) (JJ robotic) (NN arm)) (S (VP (TO to) (VP (VB move) (NP (NP (DT the) (NN bus) (: -) (JJ size) (NN canister)) (, ,) (VP (VBN stuffed) (PP (IN with) (NP (NP (QP (RB nearly) (CD three)) (NNS tons)) (PP (IN of) (NP (NN packing) (NN foam))))))))))) (. .))",,105,Did the astronauts move the container by themselves?,Yes,No,0,24,.,1.0,0,1.0,True
33,"Very similar, but even more striking, is the evidence from athletic training.",False,"(SINV (ADJP (ADJP (RB Very) (JJ similar)) (, ,) (CC but) (ADJP (RB even) (RBR more) (JJ striking)) (, ,)) (VP (VBZ is)) (NP (NP (DT the) (NN evidence)) (PP (IN from) (NP (JJ athletic) (NN training)))) (. .))",,106,Is athletic training the only source of evidence?,Yes,No,0,0,Very,1.0,0,1.0,True
33,"Very similar, but even more striking, is the evidence from athletic training.",False,"(SINV (ADJP (ADJP (RB Very) (JJ similar)) (, ,) (CC but) (ADJP (RB even) (RBR more) (JJ striking)) (, ,)) (VP (VBZ is)) (NP (NP (DT the) (NN evidence)) (PP (IN from) (NP (JJ athletic) (NN training)))) (. .))",,106,Is athletic training the only source of evidence?,Yes,No,0,1,Ġsimilar,1.0,0,1.0,True
33,"Very similar, but even more striking, is the evidence from athletic training.",False,"(SINV (ADJP (ADJP (RB Very) (JJ similar)) (, ,) (CC but) (ADJP (RB even) (RBR more) (JJ striking)) (, ,)) (VP (VBZ is)) (NP (NP (DT the) (NN evidence)) (PP (IN from) (NP (JJ athletic) (NN training)))) (. .))",,106,Is athletic training the only source of evidence?,Yes,No,0,2,",",1.0,0,1.0,True
33,"Very similar, but even more striking, is the evidence from athletic training.",False,"(SINV (ADJP (ADJP (RB Very) (JJ similar)) (, ,) (CC but) (ADJP (RB even) (RBR more) (JJ striking)) (, ,)) (VP (VBZ is)) (NP (NP (DT the) (NN evidence)) (PP (IN from) (NP (JJ athletic) (NN training)))) (. .))",,106,Is athletic training the only source of evidence?,Yes,No,0,3,Ġbut,1.0,0,1.0,True
33,"Very similar, but even more striking, is the evidence from athletic training.",False,"(SINV (ADJP (ADJP (RB Very) (JJ similar)) (, ,) (CC but) (ADJP (RB even) (RBR more) (JJ striking)) (, ,)) (VP (VBZ is)) (NP (NP (DT the) (NN evidence)) (PP (IN from) (NP (JJ athletic) (NN training)))) (. .))",,106,Is athletic training the only source of evidence?,Yes,No,0,4,Ġeven,1.0,0,1.0,True
33,"Very similar, but even more striking, is the evidence from athletic training.",False,"(SINV (ADJP (ADJP (RB Very) (JJ similar)) (, ,) (CC but) (ADJP (RB even) (RBR more) (JJ striking)) (, ,)) (VP (VBZ is)) (NP (NP (DT the) (NN evidence)) (PP (IN from) (NP (JJ athletic) (NN training)))) (. .))",,106,Is athletic training the only source of evidence?,Yes,No,0,5,Ġmore,1.0,0,1.0,True
33,"Very similar, but even more striking, is the evidence from athletic training.",False,"(SINV (ADJP (ADJP (RB Very) (JJ similar)) (, ,) (CC but) (ADJP (RB even) (RBR more) (JJ striking)) (, ,)) (VP (VBZ is)) (NP (NP (DT the) (NN evidence)) (PP (IN from) (NP (JJ athletic) (NN training)))) (. .))",,106,Is athletic training the only source of evidence?,Yes,No,0,6,Ġstriking,1.0,0,1.0,True
33,"Very similar, but even more striking, is the evidence from athletic training.",False,"(SINV (ADJP (ADJP (RB Very) (JJ similar)) (, ,) (CC but) (ADJP (RB even) (RBR more) (JJ striking)) (, ,)) (VP (VBZ is)) (NP (NP (DT the) (NN evidence)) (PP (IN from) (NP (JJ athletic) (NN training)))) (. .))",,106,Is athletic training the only source of evidence?,Yes,No,0,7,",",1.0,0,1.0,True
33,"Very similar, but even more striking, is the evidence from athletic training.",False,"(SINV (ADJP (ADJP (RB Very) (JJ similar)) (, ,) (CC but) (ADJP (RB even) (RBR more) (JJ striking)) (, ,)) (VP (VBZ is)) (NP (NP (DT the) (NN evidence)) (PP (IN from) (NP (JJ athletic) (NN training)))) (. .))",,106,Is athletic training the only source of evidence?,Yes,No,0,8,Ġis,1.0,0,1.0,True
33,"Very similar, but even more striking, is the evidence from athletic training.",False,"(SINV (ADJP (ADJP (RB Very) (JJ similar)) (, ,) (CC but) (ADJP (RB even) (RBR more) (JJ striking)) (, ,)) (VP (VBZ is)) (NP (NP (DT the) (NN evidence)) (PP (IN from) (NP (JJ athletic) (NN training)))) (. .))",,106,Is athletic training the only source of evidence?,Yes,No,0,9,Ġthe,1.0,0,1.0,True
33,"Very similar, but even more striking, is the evidence from athletic training.",False,"(SINV (ADJP (ADJP (RB Very) (JJ similar)) (, ,) (CC but) (ADJP (RB even) (RBR more) (JJ striking)) (, ,)) (VP (VBZ is)) (NP (NP (DT the) (NN evidence)) (PP (IN from) (NP (JJ athletic) (NN training)))) (. .))",,106,Is athletic training the only source of evidence?,Yes,No,0,10,Ġevidence,1.0,0,1.0,True
33,"Very similar, but even more striking, is the evidence from athletic training.",False,"(SINV (ADJP (ADJP (RB Very) (JJ similar)) (, ,) (CC but) (ADJP (RB even) (RBR more) (JJ striking)) (, ,)) (VP (VBZ is)) (NP (NP (DT the) (NN evidence)) (PP (IN from) (NP (JJ athletic) (NN training)))) (. .))",,106,Is athletic training the only source of evidence?,Yes,No,0,11,Ġfrom,1.0,0,1.0,True
33,"Very similar, but even more striking, is the evidence from athletic training.",False,"(SINV (ADJP (ADJP (RB Very) (JJ similar)) (, ,) (CC but) (ADJP (RB even) (RBR more) (JJ striking)) (, ,)) (VP (VBZ is)) (NP (NP (DT the) (NN evidence)) (PP (IN from) (NP (JJ athletic) (NN training)))) (. .))",,106,Is athletic training the only source of evidence?,Yes,No,0,12,Ġathletic,1.0,0,1.0,True
33,"Very similar, but even more striking, is the evidence from athletic training.",False,"(SINV (ADJP (ADJP (RB Very) (JJ similar)) (, ,) (CC but) (ADJP (RB even) (RBR more) (JJ striking)) (, ,)) (VP (VBZ is)) (NP (NP (DT the) (NN evidence)) (PP (IN from) (NP (JJ athletic) (NN training)))) (. .))",,106,Is athletic training the only source of evidence?,Yes,No,0,13,Ġtraining,1.0,0,1.0,True
33,"Very similar, but even more striking, is the evidence from athletic training.",False,"(SINV (ADJP (ADJP (RB Very) (JJ similar)) (, ,) (CC but) (ADJP (RB even) (RBR more) (JJ striking)) (, ,)) (VP (VBZ is)) (NP (NP (DT the) (NN evidence)) (PP (IN from) (NP (JJ athletic) (NN training)))) (. .))",,106,Is athletic training the only source of evidence?,Yes,No,0,14,.,1.0,0,1.0,True
34,"It was a forbidding challenge, and it says much for Winstanley's persuasive abilities, not to mention his self-confidence.",False,"(S (S (NP (PRP It)) (VP (VBD was) (NP (DT a) (VBG forbidding) (NN challenge)))) (, ,) (CC and) (S (NP (PRP it)) (VP (VBZ says) (NP (JJ much)) (PP (IN for) (NP (NP (NP (NNP Winstanley) (POS 's)) (JJ persuasive) (NNS abilities)) (, ,) (CONJP (RB not) (TO to) (VB mention)) (NP (PRP$ his) (NN self) (: -) (NN confidence)))))) (. .))",,108,""",""What better describes Winstanley?",Eloquent Uncertain,Uncertain,1,0,It,1.0,0,1.0,True
34,"It was a forbidding challenge, and it says much for Winstanley's persuasive abilities, not to mention his self-confidence.",False,"(S (S (NP (PRP It)) (VP (VBD was) (NP (DT a) (VBG forbidding) (NN challenge)))) (, ,) (CC and) (S (NP (PRP it)) (VP (VBZ says) (NP (JJ much)) (PP (IN for) (NP (NP (NP (NNP Winstanley) (POS 's)) (JJ persuasive) (NNS abilities)) (, ,) (CONJP (RB not) (TO to) (VB mention)) (NP (PRP$ his) (NN self) (: -) (NN confidence)))))) (. .))",,108,""",""What better describes Winstanley?",Eloquent Uncertain,Uncertain,1,1,Ġwas,1.0,0,1.0,True
34,"It was a forbidding challenge, and it says much for Winstanley's persuasive abilities, not to mention his self-confidence.",False,"(S (S (NP (PRP It)) (VP (VBD was) (NP (DT a) (VBG forbidding) (NN challenge)))) (, ,) (CC and) (S (NP (PRP it)) (VP (VBZ says) (NP (JJ much)) (PP (IN for) (NP (NP (NP (NNP Winstanley) (POS 's)) (JJ persuasive) (NNS abilities)) (, ,) (CONJP (RB not) (TO to) (VB mention)) (NP (PRP$ his) (NN self) (: -) (NN confidence)))))) (. .))",,108,""",""What better describes Winstanley?",Eloquent Uncertain,Uncertain,1,2,Ġa,1.0,0,1.0,True
34,"It was a forbidding challenge, and it says much for Winstanley's persuasive abilities, not to mention his self-confidence.",False,"(S (S (NP (PRP It)) (VP (VBD was) (NP (DT a) (VBG forbidding) (NN challenge)))) (, ,) (CC and) (S (NP (PRP it)) (VP (VBZ says) (NP (JJ much)) (PP (IN for) (NP (NP (NP (NNP Winstanley) (POS 's)) (JJ persuasive) (NNS abilities)) (, ,) (CONJP (RB not) (TO to) (VB mention)) (NP (PRP$ his) (NN self) (: -) (NN confidence)))))) (. .))",,108,""",""What better describes Winstanley?",Eloquent Uncertain,Uncertain,1,3,Ġforb,1.0,0,1.0,True
34,"It was a forbidding challenge, and it says much for Winstanley's persuasive abilities, not to mention his self-confidence.",False,"(S (S (NP (PRP It)) (VP (VBD was) (NP (DT a) (VBG forbidding) (NN challenge)))) (, ,) (CC and) (S (NP (PRP it)) (VP (VBZ says) (NP (JJ much)) (PP (IN for) (NP (NP (NP (NNP Winstanley) (POS 's)) (JJ persuasive) (NNS abilities)) (, ,) (CONJP (RB not) (TO to) (VB mention)) (NP (PRP$ his) (NN self) (: -) (NN confidence)))))) (. .))",,108,""",""What better describes Winstanley?",Eloquent Uncertain,Uncertain,1,4,idding,1.0,0,1.0,True
34,"It was a forbidding challenge, and it says much for Winstanley's persuasive abilities, not to mention his self-confidence.",False,"(S (S (NP (PRP It)) (VP (VBD was) (NP (DT a) (VBG forbidding) (NN challenge)))) (, ,) (CC and) (S (NP (PRP it)) (VP (VBZ says) (NP (JJ much)) (PP (IN for) (NP (NP (NP (NNP Winstanley) (POS 's)) (JJ persuasive) (NNS abilities)) (, ,) (CONJP (RB not) (TO to) (VB mention)) (NP (PRP$ his) (NN self) (: -) (NN confidence)))))) (. .))",,108,""",""What better describes Winstanley?",Eloquent Uncertain,Uncertain,1,5,Ġchallenge,1.0,0,1.0,True
34,"It was a forbidding challenge, and it says much for Winstanley's persuasive abilities, not to mention his self-confidence.",False,"(S (S (NP (PRP It)) (VP (VBD was) (NP (DT a) (VBG forbidding) (NN challenge)))) (, ,) (CC and) (S (NP (PRP it)) (VP (VBZ says) (NP (JJ much)) (PP (IN for) (NP (NP (NP (NNP Winstanley) (POS 's)) (JJ persuasive) (NNS abilities)) (, ,) (CONJP (RB not) (TO to) (VB mention)) (NP (PRP$ his) (NN self) (: -) (NN confidence)))))) (. .))",,108,""",""What better describes Winstanley?",Eloquent Uncertain,Uncertain,1,6,",",1.0,0,1.0,True
34,"It was a forbidding challenge, and it says much for Winstanley's persuasive abilities, not to mention his self-confidence.",False,"(S (S (NP (PRP It)) (VP (VBD was) (NP (DT a) (VBG forbidding) (NN challenge)))) (, ,) (CC and) (S (NP (PRP it)) (VP (VBZ says) (NP (JJ much)) (PP (IN for) (NP (NP (NP (NNP Winstanley) (POS 's)) (JJ persuasive) (NNS abilities)) (, ,) (CONJP (RB not) (TO to) (VB mention)) (NP (PRP$ his) (NN self) (: -) (NN confidence)))))) (. .))",,108,""",""What better describes Winstanley?",Eloquent Uncertain,Uncertain,1,7,Ġand,1.0,0,1.0,True
34,"It was a forbidding challenge, and it says much for Winstanley's persuasive abilities, not to mention his self-confidence.",False,"(S (S (NP (PRP It)) (VP (VBD was) (NP (DT a) (VBG forbidding) (NN challenge)))) (, ,) (CC and) (S (NP (PRP it)) (VP (VBZ says) (NP (JJ much)) (PP (IN for) (NP (NP (NP (NNP Winstanley) (POS 's)) (JJ persuasive) (NNS abilities)) (, ,) (CONJP (RB not) (TO to) (VB mention)) (NP (PRP$ his) (NN self) (: -) (NN confidence)))))) (. .))",,108,""",""What better describes Winstanley?",Eloquent Uncertain,Uncertain,1,8,Ġit,1.0,0,1.0,True
34,"It was a forbidding challenge, and it says much for Winstanley's persuasive abilities, not to mention his self-confidence.",False,"(S (S (NP (PRP It)) (VP (VBD was) (NP (DT a) (VBG forbidding) (NN challenge)))) (, ,) (CC and) (S (NP (PRP it)) (VP (VBZ says) (NP (JJ much)) (PP (IN for) (NP (NP (NP (NNP Winstanley) (POS 's)) (JJ persuasive) (NNS abilities)) (, ,) (CONJP (RB not) (TO to) (VB mention)) (NP (PRP$ his) (NN self) (: -) (NN confidence)))))) (. .))",,108,""",""What better describes Winstanley?",Eloquent Uncertain,Uncertain,1,9,Ġsays,1.0,0,1.0,True
34,"It was a forbidding challenge, and it says much for Winstanley's persuasive abilities, not to mention his self-confidence.",False,"(S (S (NP (PRP It)) (VP (VBD was) (NP (DT a) (VBG forbidding) (NN challenge)))) (, ,) (CC and) (S (NP (PRP it)) (VP (VBZ says) (NP (JJ much)) (PP (IN for) (NP (NP (NP (NNP Winstanley) (POS 's)) (JJ persuasive) (NNS abilities)) (, ,) (CONJP (RB not) (TO to) (VB mention)) (NP (PRP$ his) (NN self) (: -) (NN confidence)))))) (. .))",,108,""",""What better describes Winstanley?",Eloquent Uncertain,Uncertain,1,10,Ġmuch,1.0,0,1.0,True
34,"It was a forbidding challenge, and it says much for Winstanley's persuasive abilities, not to mention his self-confidence.",False,"(S (S (NP (PRP It)) (VP (VBD was) (NP (DT a) (VBG forbidding) (NN challenge)))) (, ,) (CC and) (S (NP (PRP it)) (VP (VBZ says) (NP (JJ much)) (PP (IN for) (NP (NP (NP (NNP Winstanley) (POS 's)) (JJ persuasive) (NNS abilities)) (, ,) (CONJP (RB not) (TO to) (VB mention)) (NP (PRP$ his) (NN self) (: -) (NN confidence)))))) (. .))",,108,""",""What better describes Winstanley?",Eloquent Uncertain,Uncertain,1,11,Ġfor,1.0,0,1.0,True
34,"It was a forbidding challenge, and it says much for Winstanley's persuasive abilities, not to mention his self-confidence.",False,"(S (S (NP (PRP It)) (VP (VBD was) (NP (DT a) (VBG forbidding) (NN challenge)))) (, ,) (CC and) (S (NP (PRP it)) (VP (VBZ says) (NP (JJ much)) (PP (IN for) (NP (NP (NP (NNP Winstanley) (POS 's)) (JJ persuasive) (NNS abilities)) (, ,) (CONJP (RB not) (TO to) (VB mention)) (NP (PRP$ his) (NN self) (: -) (NN confidence)))))) (. .))",,108,""",""What better describes Winstanley?",Eloquent Uncertain,Uncertain,1,12,ĠWin,1.0,0,1.0,True
34,"It was a forbidding challenge, and it says much for Winstanley's persuasive abilities, not to mention his self-confidence.",False,"(S (S (NP (PRP It)) (VP (VBD was) (NP (DT a) (VBG forbidding) (NN challenge)))) (, ,) (CC and) (S (NP (PRP it)) (VP (VBZ says) (NP (JJ much)) (PP (IN for) (NP (NP (NP (NNP Winstanley) (POS 's)) (JJ persuasive) (NNS abilities)) (, ,) (CONJP (RB not) (TO to) (VB mention)) (NP (PRP$ his) (NN self) (: -) (NN confidence)))))) (. .))",,108,""",""What better describes Winstanley?",Eloquent Uncertain,Uncertain,1,13,stan,1.0,0,1.0,True
34,"It was a forbidding challenge, and it says much for Winstanley's persuasive abilities, not to mention his self-confidence.",False,"(S (S (NP (PRP It)) (VP (VBD was) (NP (DT a) (VBG forbidding) (NN challenge)))) (, ,) (CC and) (S (NP (PRP it)) (VP (VBZ says) (NP (JJ much)) (PP (IN for) (NP (NP (NP (NNP Winstanley) (POS 's)) (JJ persuasive) (NNS abilities)) (, ,) (CONJP (RB not) (TO to) (VB mention)) (NP (PRP$ his) (NN self) (: -) (NN confidence)))))) (. .))",,108,""",""What better describes Winstanley?",Eloquent Uncertain,Uncertain,1,14,ley,1.0,0,1.0,True
34,"It was a forbidding challenge, and it says much for Winstanley's persuasive abilities, not to mention his self-confidence.",False,"(S (S (NP (PRP It)) (VP (VBD was) (NP (DT a) (VBG forbidding) (NN challenge)))) (, ,) (CC and) (S (NP (PRP it)) (VP (VBZ says) (NP (JJ much)) (PP (IN for) (NP (NP (NP (NNP Winstanley) (POS 's)) (JJ persuasive) (NNS abilities)) (, ,) (CONJP (RB not) (TO to) (VB mention)) (NP (PRP$ his) (NN self) (: -) (NN confidence)))))) (. .))",,108,""",""What better describes Winstanley?",Eloquent Uncertain,Uncertain,1,15,'s,1.0,0,1.0,True
34,"It was a forbidding challenge, and it says much for Winstanley's persuasive abilities, not to mention his self-confidence.",False,"(S (S (NP (PRP It)) (VP (VBD was) (NP (DT a) (VBG forbidding) (NN challenge)))) (, ,) (CC and) (S (NP (PRP it)) (VP (VBZ says) (NP (JJ much)) (PP (IN for) (NP (NP (NP (NNP Winstanley) (POS 's)) (JJ persuasive) (NNS abilities)) (, ,) (CONJP (RB not) (TO to) (VB mention)) (NP (PRP$ his) (NN self) (: -) (NN confidence)))))) (. .))",,108,""",""What better describes Winstanley?",Eloquent Uncertain,Uncertain,1,16,Ġpersuasive,1.0,0,1.0,True
34,"It was a forbidding challenge, and it says much for Winstanley's persuasive abilities, not to mention his self-confidence.",False,"(S (S (NP (PRP It)) (VP (VBD was) (NP (DT a) (VBG forbidding) (NN challenge)))) (, ,) (CC and) (S (NP (PRP it)) (VP (VBZ says) (NP (JJ much)) (PP (IN for) (NP (NP (NP (NNP Winstanley) (POS 's)) (JJ persuasive) (NNS abilities)) (, ,) (CONJP (RB not) (TO to) (VB mention)) (NP (PRP$ his) (NN self) (: -) (NN confidence)))))) (. .))",,108,""",""What better describes Winstanley?",Eloquent Uncertain,Uncertain,1,17,Ġabilities,1.0,0,1.0,True
34,"It was a forbidding challenge, and it says much for Winstanley's persuasive abilities, not to mention his self-confidence.",False,"(S (S (NP (PRP It)) (VP (VBD was) (NP (DT a) (VBG forbidding) (NN challenge)))) (, ,) (CC and) (S (NP (PRP it)) (VP (VBZ says) (NP (JJ much)) (PP (IN for) (NP (NP (NP (NNP Winstanley) (POS 's)) (JJ persuasive) (NNS abilities)) (, ,) (CONJP (RB not) (TO to) (VB mention)) (NP (PRP$ his) (NN self) (: -) (NN confidence)))))) (. .))",,108,""",""What better describes Winstanley?",Eloquent Uncertain,Uncertain,1,18,",",1.0,0,1.0,True
34,"It was a forbidding challenge, and it says much for Winstanley's persuasive abilities, not to mention his self-confidence.",False,"(S (S (NP (PRP It)) (VP (VBD was) (NP (DT a) (VBG forbidding) (NN challenge)))) (, ,) (CC and) (S (NP (PRP it)) (VP (VBZ says) (NP (JJ much)) (PP (IN for) (NP (NP (NP (NNP Winstanley) (POS 's)) (JJ persuasive) (NNS abilities)) (, ,) (CONJP (RB not) (TO to) (VB mention)) (NP (PRP$ his) (NN self) (: -) (NN confidence)))))) (. .))",,108,""",""What better describes Winstanley?",Eloquent Uncertain,Uncertain,1,19,Ġnot,1.0,0,1.0,True
34,"It was a forbidding challenge, and it says much for Winstanley's persuasive abilities, not to mention his self-confidence.",False,"(S (S (NP (PRP It)) (VP (VBD was) (NP (DT a) (VBG forbidding) (NN challenge)))) (, ,) (CC and) (S (NP (PRP it)) (VP (VBZ says) (NP (JJ much)) (PP (IN for) (NP (NP (NP (NNP Winstanley) (POS 's)) (JJ persuasive) (NNS abilities)) (, ,) (CONJP (RB not) (TO to) (VB mention)) (NP (PRP$ his) (NN self) (: -) (NN confidence)))))) (. .))",,108,""",""What better describes Winstanley?",Eloquent Uncertain,Uncertain,1,20,Ġto,1.0,0,1.0,True
34,"It was a forbidding challenge, and it says much for Winstanley's persuasive abilities, not to mention his self-confidence.",False,"(S (S (NP (PRP It)) (VP (VBD was) (NP (DT a) (VBG forbidding) (NN challenge)))) (, ,) (CC and) (S (NP (PRP it)) (VP (VBZ says) (NP (JJ much)) (PP (IN for) (NP (NP (NP (NNP Winstanley) (POS 's)) (JJ persuasive) (NNS abilities)) (, ,) (CONJP (RB not) (TO to) (VB mention)) (NP (PRP$ his) (NN self) (: -) (NN confidence)))))) (. .))",,108,""",""What better describes Winstanley?",Eloquent Uncertain,Uncertain,1,21,Ġmention,1.0,0,1.0,True
34,"It was a forbidding challenge, and it says much for Winstanley's persuasive abilities, not to mention his self-confidence.",False,"(S (S (NP (PRP It)) (VP (VBD was) (NP (DT a) (VBG forbidding) (NN challenge)))) (, ,) (CC and) (S (NP (PRP it)) (VP (VBZ says) (NP (JJ much)) (PP (IN for) (NP (NP (NP (NNP Winstanley) (POS 's)) (JJ persuasive) (NNS abilities)) (, ,) (CONJP (RB not) (TO to) (VB mention)) (NP (PRP$ his) (NN self) (: -) (NN confidence)))))) (. .))",,108,""",""What better describes Winstanley?",Eloquent Uncertain,Uncertain,1,22,Ġhis,1.0,0,1.0,True
34,"It was a forbidding challenge, and it says much for Winstanley's persuasive abilities, not to mention his self-confidence.",False,"(S (S (NP (PRP It)) (VP (VBD was) (NP (DT a) (VBG forbidding) (NN challenge)))) (, ,) (CC and) (S (NP (PRP it)) (VP (VBZ says) (NP (JJ much)) (PP (IN for) (NP (NP (NP (NNP Winstanley) (POS 's)) (JJ persuasive) (NNS abilities)) (, ,) (CONJP (RB not) (TO to) (VB mention)) (NP (PRP$ his) (NN self) (: -) (NN confidence)))))) (. .))",,108,""",""What better describes Winstanley?",Eloquent Uncertain,Uncertain,1,23,Ġself,1.0,0,1.0,True
34,"It was a forbidding challenge, and it says much for Winstanley's persuasive abilities, not to mention his self-confidence.",False,"(S (S (NP (PRP It)) (VP (VBD was) (NP (DT a) (VBG forbidding) (NN challenge)))) (, ,) (CC and) (S (NP (PRP it)) (VP (VBZ says) (NP (JJ much)) (PP (IN for) (NP (NP (NP (NNP Winstanley) (POS 's)) (JJ persuasive) (NNS abilities)) (, ,) (CONJP (RB not) (TO to) (VB mention)) (NP (PRP$ his) (NN self) (: -) (NN confidence)))))) (. .))",,108,""",""What better describes Winstanley?",Eloquent Uncertain,Uncertain,1,24,-,1.0,0,1.0,True
34,"It was a forbidding challenge, and it says much for Winstanley's persuasive abilities, not to mention his self-confidence.",False,"(S (S (NP (PRP It)) (VP (VBD was) (NP (DT a) (VBG forbidding) (NN challenge)))) (, ,) (CC and) (S (NP (PRP it)) (VP (VBZ says) (NP (JJ much)) (PP (IN for) (NP (NP (NP (NNP Winstanley) (POS 's)) (JJ persuasive) (NNS abilities)) (, ,) (CONJP (RB not) (TO to) (VB mention)) (NP (PRP$ his) (NN self) (: -) (NN confidence)))))) (. .))",,108,""",""What better describes Winstanley?",Eloquent Uncertain,Uncertain,1,25,confidence,1.0,0,1.0,True
34,"It was a forbidding challenge, and it says much for Winstanley's persuasive abilities, not to mention his self-confidence.",False,"(S (S (NP (PRP It)) (VP (VBD was) (NP (DT a) (VBG forbidding) (NN challenge)))) (, ,) (CC and) (S (NP (PRP it)) (VP (VBZ says) (NP (JJ much)) (PP (IN for) (NP (NP (NP (NNP Winstanley) (POS 's)) (JJ persuasive) (NNS abilities)) (, ,) (CONJP (RB not) (TO to) (VB mention)) (NP (PRP$ his) (NN self) (: -) (NN confidence)))))) (. .))",,108,""",""What better describes Winstanley?",Eloquent Uncertain,Uncertain,1,26,.,1.0,0,1.0,True
35,"With schools still closed, cars still buried and streets still blocked by the widespread weekend snowstorm, officials are asking people to help out.",False,"(S (SBAR (IN With) (S (S (NP (NNS schools)) (ADVP (RB still)) (VP (VBN closed))) (, ,) (S (NP (NNS cars)) (VP (ADVP (RB still)) (VBN buried))) (CC and) (S (NP (NNS streets)) (ADVP (RB still)) (VP (VBN blocked) (PP (IN by) (NP (DT the) (JJ widespread) (NN weekend) (NN snowstorm))))))) (, ,) (NP (NNS officials)) (VP (VBP are) (VP (VBG asking) (NP (NNS people)) (S (VP (TO to) (VP (VB help) (PRT (RP out))))))) (. .))",,109,",""What happened to the area?",Blizzard Drought,Drought,1,0,With,1.0,0,1.0,True
35,"With schools still closed, cars still buried and streets still blocked by the widespread weekend snowstorm, officials are asking people to help out.",False,"(S (SBAR (IN With) (S (S (NP (NNS schools)) (ADVP (RB still)) (VP (VBN closed))) (, ,) (S (NP (NNS cars)) (VP (ADVP (RB still)) (VBN buried))) (CC and) (S (NP (NNS streets)) (ADVP (RB still)) (VP (VBN blocked) (PP (IN by) (NP (DT the) (JJ widespread) (NN weekend) (NN snowstorm))))))) (, ,) (NP (NNS officials)) (VP (VBP are) (VP (VBG asking) (NP (NNS people)) (S (VP (TO to) (VP (VB help) (PRT (RP out))))))) (. .))",,109,",""What happened to the area?",Blizzard Drought,Drought,1,1,Ġschools,1.0,0,1.0,True
35,"With schools still closed, cars still buried and streets still blocked by the widespread weekend snowstorm, officials are asking people to help out.",False,"(S (SBAR (IN With) (S (S (NP (NNS schools)) (ADVP (RB still)) (VP (VBN closed))) (, ,) (S (NP (NNS cars)) (VP (ADVP (RB still)) (VBN buried))) (CC and) (S (NP (NNS streets)) (ADVP (RB still)) (VP (VBN blocked) (PP (IN by) (NP (DT the) (JJ widespread) (NN weekend) (NN snowstorm))))))) (, ,) (NP (NNS officials)) (VP (VBP are) (VP (VBG asking) (NP (NNS people)) (S (VP (TO to) (VP (VB help) (PRT (RP out))))))) (. .))",,109,",""What happened to the area?",Blizzard Drought,Drought,1,2,Ġstill,1.0,0,1.0,True
35,"With schools still closed, cars still buried and streets still blocked by the widespread weekend snowstorm, officials are asking people to help out.",False,"(S (SBAR (IN With) (S (S (NP (NNS schools)) (ADVP (RB still)) (VP (VBN closed))) (, ,) (S (NP (NNS cars)) (VP (ADVP (RB still)) (VBN buried))) (CC and) (S (NP (NNS streets)) (ADVP (RB still)) (VP (VBN blocked) (PP (IN by) (NP (DT the) (JJ widespread) (NN weekend) (NN snowstorm))))))) (, ,) (NP (NNS officials)) (VP (VBP are) (VP (VBG asking) (NP (NNS people)) (S (VP (TO to) (VP (VB help) (PRT (RP out))))))) (. .))",,109,",""What happened to the area?",Blizzard Drought,Drought,1,3,Ġclosed,1.0,0,1.0,True
35,"With schools still closed, cars still buried and streets still blocked by the widespread weekend snowstorm, officials are asking people to help out.",False,"(S (SBAR (IN With) (S (S (NP (NNS schools)) (ADVP (RB still)) (VP (VBN closed))) (, ,) (S (NP (NNS cars)) (VP (ADVP (RB still)) (VBN buried))) (CC and) (S (NP (NNS streets)) (ADVP (RB still)) (VP (VBN blocked) (PP (IN by) (NP (DT the) (JJ widespread) (NN weekend) (NN snowstorm))))))) (, ,) (NP (NNS officials)) (VP (VBP are) (VP (VBG asking) (NP (NNS people)) (S (VP (TO to) (VP (VB help) (PRT (RP out))))))) (. .))",,109,",""What happened to the area?",Blizzard Drought,Drought,1,4,",",1.0,0,1.0,True
35,"With schools still closed, cars still buried and streets still blocked by the widespread weekend snowstorm, officials are asking people to help out.",False,"(S (SBAR (IN With) (S (S (NP (NNS schools)) (ADVP (RB still)) (VP (VBN closed))) (, ,) (S (NP (NNS cars)) (VP (ADVP (RB still)) (VBN buried))) (CC and) (S (NP (NNS streets)) (ADVP (RB still)) (VP (VBN blocked) (PP (IN by) (NP (DT the) (JJ widespread) (NN weekend) (NN snowstorm))))))) (, ,) (NP (NNS officials)) (VP (VBP are) (VP (VBG asking) (NP (NNS people)) (S (VP (TO to) (VP (VB help) (PRT (RP out))))))) (. .))",,109,",""What happened to the area?",Blizzard Drought,Drought,1,5,Ġcars,1.0,0,1.0,True
35,"With schools still closed, cars still buried and streets still blocked by the widespread weekend snowstorm, officials are asking people to help out.",False,"(S (SBAR (IN With) (S (S (NP (NNS schools)) (ADVP (RB still)) (VP (VBN closed))) (, ,) (S (NP (NNS cars)) (VP (ADVP (RB still)) (VBN buried))) (CC and) (S (NP (NNS streets)) (ADVP (RB still)) (VP (VBN blocked) (PP (IN by) (NP (DT the) (JJ widespread) (NN weekend) (NN snowstorm))))))) (, ,) (NP (NNS officials)) (VP (VBP are) (VP (VBG asking) (NP (NNS people)) (S (VP (TO to) (VP (VB help) (PRT (RP out))))))) (. .))",,109,",""What happened to the area?",Blizzard Drought,Drought,1,6,Ġstill,1.0,0,1.0,True
35,"With schools still closed, cars still buried and streets still blocked by the widespread weekend snowstorm, officials are asking people to help out.",False,"(S (SBAR (IN With) (S (S (NP (NNS schools)) (ADVP (RB still)) (VP (VBN closed))) (, ,) (S (NP (NNS cars)) (VP (ADVP (RB still)) (VBN buried))) (CC and) (S (NP (NNS streets)) (ADVP (RB still)) (VP (VBN blocked) (PP (IN by) (NP (DT the) (JJ widespread) (NN weekend) (NN snowstorm))))))) (, ,) (NP (NNS officials)) (VP (VBP are) (VP (VBG asking) (NP (NNS people)) (S (VP (TO to) (VP (VB help) (PRT (RP out))))))) (. .))",,109,",""What happened to the area?",Blizzard Drought,Drought,1,7,Ġburied,1.0,0,1.0,True
35,"With schools still closed, cars still buried and streets still blocked by the widespread weekend snowstorm, officials are asking people to help out.",False,"(S (SBAR (IN With) (S (S (NP (NNS schools)) (ADVP (RB still)) (VP (VBN closed))) (, ,) (S (NP (NNS cars)) (VP (ADVP (RB still)) (VBN buried))) (CC and) (S (NP (NNS streets)) (ADVP (RB still)) (VP (VBN blocked) (PP (IN by) (NP (DT the) (JJ widespread) (NN weekend) (NN snowstorm))))))) (, ,) (NP (NNS officials)) (VP (VBP are) (VP (VBG asking) (NP (NNS people)) (S (VP (TO to) (VP (VB help) (PRT (RP out))))))) (. .))",,109,",""What happened to the area?",Blizzard Drought,Drought,1,8,Ġand,1.0,0,1.0,True
35,"With schools still closed, cars still buried and streets still blocked by the widespread weekend snowstorm, officials are asking people to help out.",False,"(S (SBAR (IN With) (S (S (NP (NNS schools)) (ADVP (RB still)) (VP (VBN closed))) (, ,) (S (NP (NNS cars)) (VP (ADVP (RB still)) (VBN buried))) (CC and) (S (NP (NNS streets)) (ADVP (RB still)) (VP (VBN blocked) (PP (IN by) (NP (DT the) (JJ widespread) (NN weekend) (NN snowstorm))))))) (, ,) (NP (NNS officials)) (VP (VBP are) (VP (VBG asking) (NP (NNS people)) (S (VP (TO to) (VP (VB help) (PRT (RP out))))))) (. .))",,109,",""What happened to the area?",Blizzard Drought,Drought,1,9,Ġstreets,1.0,0,1.0,True
35,"With schools still closed, cars still buried and streets still blocked by the widespread weekend snowstorm, officials are asking people to help out.",False,"(S (SBAR (IN With) (S (S (NP (NNS schools)) (ADVP (RB still)) (VP (VBN closed))) (, ,) (S (NP (NNS cars)) (VP (ADVP (RB still)) (VBN buried))) (CC and) (S (NP (NNS streets)) (ADVP (RB still)) (VP (VBN blocked) (PP (IN by) (NP (DT the) (JJ widespread) (NN weekend) (NN snowstorm))))))) (, ,) (NP (NNS officials)) (VP (VBP are) (VP (VBG asking) (NP (NNS people)) (S (VP (TO to) (VP (VB help) (PRT (RP out))))))) (. .))",,109,",""What happened to the area?",Blizzard Drought,Drought,1,10,Ġstill,1.0,0,1.0,True
35,"With schools still closed, cars still buried and streets still blocked by the widespread weekend snowstorm, officials are asking people to help out.",False,"(S (SBAR (IN With) (S (S (NP (NNS schools)) (ADVP (RB still)) (VP (VBN closed))) (, ,) (S (NP (NNS cars)) (VP (ADVP (RB still)) (VBN buried))) (CC and) (S (NP (NNS streets)) (ADVP (RB still)) (VP (VBN blocked) (PP (IN by) (NP (DT the) (JJ widespread) (NN weekend) (NN snowstorm))))))) (, ,) (NP (NNS officials)) (VP (VBP are) (VP (VBG asking) (NP (NNS people)) (S (VP (TO to) (VP (VB help) (PRT (RP out))))))) (. .))",,109,",""What happened to the area?",Blizzard Drought,Drought,1,11,Ġblocked,1.0,0,1.0,True
35,"With schools still closed, cars still buried and streets still blocked by the widespread weekend snowstorm, officials are asking people to help out.",False,"(S (SBAR (IN With) (S (S (NP (NNS schools)) (ADVP (RB still)) (VP (VBN closed))) (, ,) (S (NP (NNS cars)) (VP (ADVP (RB still)) (VBN buried))) (CC and) (S (NP (NNS streets)) (ADVP (RB still)) (VP (VBN blocked) (PP (IN by) (NP (DT the) (JJ widespread) (NN weekend) (NN snowstorm))))))) (, ,) (NP (NNS officials)) (VP (VBP are) (VP (VBG asking) (NP (NNS people)) (S (VP (TO to) (VP (VB help) (PRT (RP out))))))) (. .))",,109,",""What happened to the area?",Blizzard Drought,Drought,1,12,Ġby,1.0,0,1.0,True
35,"With schools still closed, cars still buried and streets still blocked by the widespread weekend snowstorm, officials are asking people to help out.",False,"(S (SBAR (IN With) (S (S (NP (NNS schools)) (ADVP (RB still)) (VP (VBN closed))) (, ,) (S (NP (NNS cars)) (VP (ADVP (RB still)) (VBN buried))) (CC and) (S (NP (NNS streets)) (ADVP (RB still)) (VP (VBN blocked) (PP (IN by) (NP (DT the) (JJ widespread) (NN weekend) (NN snowstorm))))))) (, ,) (NP (NNS officials)) (VP (VBP are) (VP (VBG asking) (NP (NNS people)) (S (VP (TO to) (VP (VB help) (PRT (RP out))))))) (. .))",,109,",""What happened to the area?",Blizzard Drought,Drought,1,13,Ġthe,1.0,0,1.0,True
35,"With schools still closed, cars still buried and streets still blocked by the widespread weekend snowstorm, officials are asking people to help out.",False,"(S (SBAR (IN With) (S (S (NP (NNS schools)) (ADVP (RB still)) (VP (VBN closed))) (, ,) (S (NP (NNS cars)) (VP (ADVP (RB still)) (VBN buried))) (CC and) (S (NP (NNS streets)) (ADVP (RB still)) (VP (VBN blocked) (PP (IN by) (NP (DT the) (JJ widespread) (NN weekend) (NN snowstorm))))))) (, ,) (NP (NNS officials)) (VP (VBP are) (VP (VBG asking) (NP (NNS people)) (S (VP (TO to) (VP (VB help) (PRT (RP out))))))) (. .))",,109,",""What happened to the area?",Blizzard Drought,Drought,1,14,Ġwidespread,1.0,0,1.0,True
35,"With schools still closed, cars still buried and streets still blocked by the widespread weekend snowstorm, officials are asking people to help out.",False,"(S (SBAR (IN With) (S (S (NP (NNS schools)) (ADVP (RB still)) (VP (VBN closed))) (, ,) (S (NP (NNS cars)) (VP (ADVP (RB still)) (VBN buried))) (CC and) (S (NP (NNS streets)) (ADVP (RB still)) (VP (VBN blocked) (PP (IN by) (NP (DT the) (JJ widespread) (NN weekend) (NN snowstorm))))))) (, ,) (NP (NNS officials)) (VP (VBP are) (VP (VBG asking) (NP (NNS people)) (S (VP (TO to) (VP (VB help) (PRT (RP out))))))) (. .))",,109,",""What happened to the area?",Blizzard Drought,Drought,1,15,Ġweekend,1.0,0,1.0,True
35,"With schools still closed, cars still buried and streets still blocked by the widespread weekend snowstorm, officials are asking people to help out.",False,"(S (SBAR (IN With) (S (S (NP (NNS schools)) (ADVP (RB still)) (VP (VBN closed))) (, ,) (S (NP (NNS cars)) (VP (ADVP (RB still)) (VBN buried))) (CC and) (S (NP (NNS streets)) (ADVP (RB still)) (VP (VBN blocked) (PP (IN by) (NP (DT the) (JJ widespread) (NN weekend) (NN snowstorm))))))) (, ,) (NP (NNS officials)) (VP (VBP are) (VP (VBG asking) (NP (NNS people)) (S (VP (TO to) (VP (VB help) (PRT (RP out))))))) (. .))",,109,",""What happened to the area?",Blizzard Drought,Drought,1,16,Ġsnow,1.0,0,1.0,True
35,"With schools still closed, cars still buried and streets still blocked by the widespread weekend snowstorm, officials are asking people to help out.",False,"(S (SBAR (IN With) (S (S (NP (NNS schools)) (ADVP (RB still)) (VP (VBN closed))) (, ,) (S (NP (NNS cars)) (VP (ADVP (RB still)) (VBN buried))) (CC and) (S (NP (NNS streets)) (ADVP (RB still)) (VP (VBN blocked) (PP (IN by) (NP (DT the) (JJ widespread) (NN weekend) (NN snowstorm))))))) (, ,) (NP (NNS officials)) (VP (VBP are) (VP (VBG asking) (NP (NNS people)) (S (VP (TO to) (VP (VB help) (PRT (RP out))))))) (. .))",,109,",""What happened to the area?",Blizzard Drought,Drought,1,17,storm,1.0,0,1.0,True
35,"With schools still closed, cars still buried and streets still blocked by the widespread weekend snowstorm, officials are asking people to help out.",False,"(S (SBAR (IN With) (S (S (NP (NNS schools)) (ADVP (RB still)) (VP (VBN closed))) (, ,) (S (NP (NNS cars)) (VP (ADVP (RB still)) (VBN buried))) (CC and) (S (NP (NNS streets)) (ADVP (RB still)) (VP (VBN blocked) (PP (IN by) (NP (DT the) (JJ widespread) (NN weekend) (NN snowstorm))))))) (, ,) (NP (NNS officials)) (VP (VBP are) (VP (VBG asking) (NP (NNS people)) (S (VP (TO to) (VP (VB help) (PRT (RP out))))))) (. .))",,109,",""What happened to the area?",Blizzard Drought,Drought,1,18,",",1.0,0,1.0,True
35,"With schools still closed, cars still buried and streets still blocked by the widespread weekend snowstorm, officials are asking people to help out.",False,"(S (SBAR (IN With) (S (S (NP (NNS schools)) (ADVP (RB still)) (VP (VBN closed))) (, ,) (S (NP (NNS cars)) (VP (ADVP (RB still)) (VBN buried))) (CC and) (S (NP (NNS streets)) (ADVP (RB still)) (VP (VBN blocked) (PP (IN by) (NP (DT the) (JJ widespread) (NN weekend) (NN snowstorm))))))) (, ,) (NP (NNS officials)) (VP (VBP are) (VP (VBG asking) (NP (NNS people)) (S (VP (TO to) (VP (VB help) (PRT (RP out))))))) (. .))",,109,",""What happened to the area?",Blizzard Drought,Drought,1,19,Ġofficials,1.0,0,1.0,True
35,"With schools still closed, cars still buried and streets still blocked by the widespread weekend snowstorm, officials are asking people to help out.",False,"(S (SBAR (IN With) (S (S (NP (NNS schools)) (ADVP (RB still)) (VP (VBN closed))) (, ,) (S (NP (NNS cars)) (VP (ADVP (RB still)) (VBN buried))) (CC and) (S (NP (NNS streets)) (ADVP (RB still)) (VP (VBN blocked) (PP (IN by) (NP (DT the) (JJ widespread) (NN weekend) (NN snowstorm))))))) (, ,) (NP (NNS officials)) (VP (VBP are) (VP (VBG asking) (NP (NNS people)) (S (VP (TO to) (VP (VB help) (PRT (RP out))))))) (. .))",,109,",""What happened to the area?",Blizzard Drought,Drought,1,20,Ġare,1.0,0,1.0,True
35,"With schools still closed, cars still buried and streets still blocked by the widespread weekend snowstorm, officials are asking people to help out.",False,"(S (SBAR (IN With) (S (S (NP (NNS schools)) (ADVP (RB still)) (VP (VBN closed))) (, ,) (S (NP (NNS cars)) (VP (ADVP (RB still)) (VBN buried))) (CC and) (S (NP (NNS streets)) (ADVP (RB still)) (VP (VBN blocked) (PP (IN by) (NP (DT the) (JJ widespread) (NN weekend) (NN snowstorm))))))) (, ,) (NP (NNS officials)) (VP (VBP are) (VP (VBG asking) (NP (NNS people)) (S (VP (TO to) (VP (VB help) (PRT (RP out))))))) (. .))",,109,",""What happened to the area?",Blizzard Drought,Drought,1,21,Ġasking,1.0,0,1.0,True
35,"With schools still closed, cars still buried and streets still blocked by the widespread weekend snowstorm, officials are asking people to help out.",False,"(S (SBAR (IN With) (S (S (NP (NNS schools)) (ADVP (RB still)) (VP (VBN closed))) (, ,) (S (NP (NNS cars)) (VP (ADVP (RB still)) (VBN buried))) (CC and) (S (NP (NNS streets)) (ADVP (RB still)) (VP (VBN blocked) (PP (IN by) (NP (DT the) (JJ widespread) (NN weekend) (NN snowstorm))))))) (, ,) (NP (NNS officials)) (VP (VBP are) (VP (VBG asking) (NP (NNS people)) (S (VP (TO to) (VP (VB help) (PRT (RP out))))))) (. .))",,109,",""What happened to the area?",Blizzard Drought,Drought,1,22,Ġpeople,1.0,0,1.0,True
35,"With schools still closed, cars still buried and streets still blocked by the widespread weekend snowstorm, officials are asking people to help out.",False,"(S (SBAR (IN With) (S (S (NP (NNS schools)) (ADVP (RB still)) (VP (VBN closed))) (, ,) (S (NP (NNS cars)) (VP (ADVP (RB still)) (VBN buried))) (CC and) (S (NP (NNS streets)) (ADVP (RB still)) (VP (VBN blocked) (PP (IN by) (NP (DT the) (JJ widespread) (NN weekend) (NN snowstorm))))))) (, ,) (NP (NNS officials)) (VP (VBP are) (VP (VBG asking) (NP (NNS people)) (S (VP (TO to) (VP (VB help) (PRT (RP out))))))) (. .))",,109,",""What happened to the area?",Blizzard Drought,Drought,1,23,Ġto,1.0,0,1.0,True
35,"With schools still closed, cars still buried and streets still blocked by the widespread weekend snowstorm, officials are asking people to help out.",False,"(S (SBAR (IN With) (S (S (NP (NNS schools)) (ADVP (RB still)) (VP (VBN closed))) (, ,) (S (NP (NNS cars)) (VP (ADVP (RB still)) (VBN buried))) (CC and) (S (NP (NNS streets)) (ADVP (RB still)) (VP (VBN blocked) (PP (IN by) (NP (DT the) (JJ widespread) (NN weekend) (NN snowstorm))))))) (, ,) (NP (NNS officials)) (VP (VBP are) (VP (VBG asking) (NP (NNS people)) (S (VP (TO to) (VP (VB help) (PRT (RP out))))))) (. .))",,109,",""What happened to the area?",Blizzard Drought,Drought,1,24,Ġhelp,1.0,0,1.0,True
35,"With schools still closed, cars still buried and streets still blocked by the widespread weekend snowstorm, officials are asking people to help out.",False,"(S (SBAR (IN With) (S (S (NP (NNS schools)) (ADVP (RB still)) (VP (VBN closed))) (, ,) (S (NP (NNS cars)) (VP (ADVP (RB still)) (VBN buried))) (CC and) (S (NP (NNS streets)) (ADVP (RB still)) (VP (VBN blocked) (PP (IN by) (NP (DT the) (JJ widespread) (NN weekend) (NN snowstorm))))))) (, ,) (NP (NNS officials)) (VP (VBP are) (VP (VBG asking) (NP (NNS people)) (S (VP (TO to) (VP (VB help) (PRT (RP out))))))) (. .))",,109,",""What happened to the area?",Blizzard Drought,Drought,1,25,Ġout,1.0,0,1.0,True
35,"With schools still closed, cars still buried and streets still blocked by the widespread weekend snowstorm, officials are asking people to help out.",False,"(S (SBAR (IN With) (S (S (NP (NNS schools)) (ADVP (RB still)) (VP (VBN closed))) (, ,) (S (NP (NNS cars)) (VP (ADVP (RB still)) (VBN buried))) (CC and) (S (NP (NNS streets)) (ADVP (RB still)) (VP (VBN blocked) (PP (IN by) (NP (DT the) (JJ widespread) (NN weekend) (NN snowstorm))))))) (, ,) (NP (NNS officials)) (VP (VBP are) (VP (VBG asking) (NP (NNS people)) (S (VP (TO to) (VP (VB help) (PRT (RP out))))))) (. .))",,109,",""What happened to the area?",Blizzard Drought,Drought,1,26,.,1.0,0,1.0,True
36,"Steam sterilization is limited in the types of medical waste it can treat, but is appropriate for laboratory substances contaminated with infectious organisms.",False,"(S (NP (NN Steam) (NN sterilization)) (VP (VP (VBZ is) (ADJP (ADJP (JJ limited)) (PP (IN in) (NP (NP (DT the) (NNS types)) (PP (IN of) (NP (JJ medical) (NN waste))) (SBAR (S (NP (PRP it)) (VP (MD can) (VP (VB treat))))))))) (, ,) (CC but) (VP (VBZ is) (ADJP (JJ appropriate)) (PP (IN for) (NP (NP (NN laboratory) (NNS substances)) (VP (VBN contaminated) (PP (IN with) (NP (JJ infectious) (NNS organisms)))))))) (. .))",,110,",""What is steam sterilization good for?",Any waste Lab waste,Lab waste,0,0,Steam,1.0,0,1.0,True
36,"Steam sterilization is limited in the types of medical waste it can treat, but is appropriate for laboratory substances contaminated with infectious organisms.",False,"(S (NP (NN Steam) (NN sterilization)) (VP (VP (VBZ is) (ADJP (ADJP (JJ limited)) (PP (IN in) (NP (NP (DT the) (NNS types)) (PP (IN of) (NP (JJ medical) (NN waste))) (SBAR (S (NP (PRP it)) (VP (MD can) (VP (VB treat))))))))) (, ,) (CC but) (VP (VBZ is) (ADJP (JJ appropriate)) (PP (IN for) (NP (NP (NN laboratory) (NNS substances)) (VP (VBN contaminated) (PP (IN with) (NP (JJ infectious) (NNS organisms)))))))) (. .))",,110,",""What is steam sterilization good for?",Any waste Lab waste,Lab waste,0,1,Ġsteril,1.0,0,1.0,True
36,"Steam sterilization is limited in the types of medical waste it can treat, but is appropriate for laboratory substances contaminated with infectious organisms.",False,"(S (NP (NN Steam) (NN sterilization)) (VP (VP (VBZ is) (ADJP (ADJP (JJ limited)) (PP (IN in) (NP (NP (DT the) (NNS types)) (PP (IN of) (NP (JJ medical) (NN waste))) (SBAR (S (NP (PRP it)) (VP (MD can) (VP (VB treat))))))))) (, ,) (CC but) (VP (VBZ is) (ADJP (JJ appropriate)) (PP (IN for) (NP (NP (NN laboratory) (NNS substances)) (VP (VBN contaminated) (PP (IN with) (NP (JJ infectious) (NNS organisms)))))))) (. .))",,110,",""What is steam sterilization good for?",Any waste Lab waste,Lab waste,0,2,ization,1.0,0,1.0,True
36,"Steam sterilization is limited in the types of medical waste it can treat, but is appropriate for laboratory substances contaminated with infectious organisms.",False,"(S (NP (NN Steam) (NN sterilization)) (VP (VP (VBZ is) (ADJP (ADJP (JJ limited)) (PP (IN in) (NP (NP (DT the) (NNS types)) (PP (IN of) (NP (JJ medical) (NN waste))) (SBAR (S (NP (PRP it)) (VP (MD can) (VP (VB treat))))))))) (, ,) (CC but) (VP (VBZ is) (ADJP (JJ appropriate)) (PP (IN for) (NP (NP (NN laboratory) (NNS substances)) (VP (VBN contaminated) (PP (IN with) (NP (JJ infectious) (NNS organisms)))))))) (. .))",,110,",""What is steam sterilization good for?",Any waste Lab waste,Lab waste,0,3,Ġis,1.0,0,1.0,True
36,"Steam sterilization is limited in the types of medical waste it can treat, but is appropriate for laboratory substances contaminated with infectious organisms.",False,"(S (NP (NN Steam) (NN sterilization)) (VP (VP (VBZ is) (ADJP (ADJP (JJ limited)) (PP (IN in) (NP (NP (DT the) (NNS types)) (PP (IN of) (NP (JJ medical) (NN waste))) (SBAR (S (NP (PRP it)) (VP (MD can) (VP (VB treat))))))))) (, ,) (CC but) (VP (VBZ is) (ADJP (JJ appropriate)) (PP (IN for) (NP (NP (NN laboratory) (NNS substances)) (VP (VBN contaminated) (PP (IN with) (NP (JJ infectious) (NNS organisms)))))))) (. .))",,110,",""What is steam sterilization good for?",Any waste Lab waste,Lab waste,0,4,Ġlimited,1.0,0,1.0,True
36,"Steam sterilization is limited in the types of medical waste it can treat, but is appropriate for laboratory substances contaminated with infectious organisms.",False,"(S (NP (NN Steam) (NN sterilization)) (VP (VP (VBZ is) (ADJP (ADJP (JJ limited)) (PP (IN in) (NP (NP (DT the) (NNS types)) (PP (IN of) (NP (JJ medical) (NN waste))) (SBAR (S (NP (PRP it)) (VP (MD can) (VP (VB treat))))))))) (, ,) (CC but) (VP (VBZ is) (ADJP (JJ appropriate)) (PP (IN for) (NP (NP (NN laboratory) (NNS substances)) (VP (VBN contaminated) (PP (IN with) (NP (JJ infectious) (NNS organisms)))))))) (. .))",,110,",""What is steam sterilization good for?",Any waste Lab waste,Lab waste,0,5,Ġin,1.0,0,1.0,True
36,"Steam sterilization is limited in the types of medical waste it can treat, but is appropriate for laboratory substances contaminated with infectious organisms.",False,"(S (NP (NN Steam) (NN sterilization)) (VP (VP (VBZ is) (ADJP (ADJP (JJ limited)) (PP (IN in) (NP (NP (DT the) (NNS types)) (PP (IN of) (NP (JJ medical) (NN waste))) (SBAR (S (NP (PRP it)) (VP (MD can) (VP (VB treat))))))))) (, ,) (CC but) (VP (VBZ is) (ADJP (JJ appropriate)) (PP (IN for) (NP (NP (NN laboratory) (NNS substances)) (VP (VBN contaminated) (PP (IN with) (NP (JJ infectious) (NNS organisms)))))))) (. .))",,110,",""What is steam sterilization good for?",Any waste Lab waste,Lab waste,0,6,Ġthe,1.0,0,1.0,True
36,"Steam sterilization is limited in the types of medical waste it can treat, but is appropriate for laboratory substances contaminated with infectious organisms.",False,"(S (NP (NN Steam) (NN sterilization)) (VP (VP (VBZ is) (ADJP (ADJP (JJ limited)) (PP (IN in) (NP (NP (DT the) (NNS types)) (PP (IN of) (NP (JJ medical) (NN waste))) (SBAR (S (NP (PRP it)) (VP (MD can) (VP (VB treat))))))))) (, ,) (CC but) (VP (VBZ is) (ADJP (JJ appropriate)) (PP (IN for) (NP (NP (NN laboratory) (NNS substances)) (VP (VBN contaminated) (PP (IN with) (NP (JJ infectious) (NNS organisms)))))))) (. .))",,110,",""What is steam sterilization good for?",Any waste Lab waste,Lab waste,0,7,Ġtypes,1.0,0,1.0,True
36,"Steam sterilization is limited in the types of medical waste it can treat, but is appropriate for laboratory substances contaminated with infectious organisms.",False,"(S (NP (NN Steam) (NN sterilization)) (VP (VP (VBZ is) (ADJP (ADJP (JJ limited)) (PP (IN in) (NP (NP (DT the) (NNS types)) (PP (IN of) (NP (JJ medical) (NN waste))) (SBAR (S (NP (PRP it)) (VP (MD can) (VP (VB treat))))))))) (, ,) (CC but) (VP (VBZ is) (ADJP (JJ appropriate)) (PP (IN for) (NP (NP (NN laboratory) (NNS substances)) (VP (VBN contaminated) (PP (IN with) (NP (JJ infectious) (NNS organisms)))))))) (. .))",,110,",""What is steam sterilization good for?",Any waste Lab waste,Lab waste,0,8,Ġof,1.0,0,1.0,True
36,"Steam sterilization is limited in the types of medical waste it can treat, but is appropriate for laboratory substances contaminated with infectious organisms.",False,"(S (NP (NN Steam) (NN sterilization)) (VP (VP (VBZ is) (ADJP (ADJP (JJ limited)) (PP (IN in) (NP (NP (DT the) (NNS types)) (PP (IN of) (NP (JJ medical) (NN waste))) (SBAR (S (NP (PRP it)) (VP (MD can) (VP (VB treat))))))))) (, ,) (CC but) (VP (VBZ is) (ADJP (JJ appropriate)) (PP (IN for) (NP (NP (NN laboratory) (NNS substances)) (VP (VBN contaminated) (PP (IN with) (NP (JJ infectious) (NNS organisms)))))))) (. .))",,110,",""What is steam sterilization good for?",Any waste Lab waste,Lab waste,0,9,Ġmedical,1.0,0,1.0,True
36,"Steam sterilization is limited in the types of medical waste it can treat, but is appropriate for laboratory substances contaminated with infectious organisms.",False,"(S (NP (NN Steam) (NN sterilization)) (VP (VP (VBZ is) (ADJP (ADJP (JJ limited)) (PP (IN in) (NP (NP (DT the) (NNS types)) (PP (IN of) (NP (JJ medical) (NN waste))) (SBAR (S (NP (PRP it)) (VP (MD can) (VP (VB treat))))))))) (, ,) (CC but) (VP (VBZ is) (ADJP (JJ appropriate)) (PP (IN for) (NP (NP (NN laboratory) (NNS substances)) (VP (VBN contaminated) (PP (IN with) (NP (JJ infectious) (NNS organisms)))))))) (. .))",,110,",""What is steam sterilization good for?",Any waste Lab waste,Lab waste,0,10,Ġwaste,1.0,0,1.0,True
36,"Steam sterilization is limited in the types of medical waste it can treat, but is appropriate for laboratory substances contaminated with infectious organisms.",False,"(S (NP (NN Steam) (NN sterilization)) (VP (VP (VBZ is) (ADJP (ADJP (JJ limited)) (PP (IN in) (NP (NP (DT the) (NNS types)) (PP (IN of) (NP (JJ medical) (NN waste))) (SBAR (S (NP (PRP it)) (VP (MD can) (VP (VB treat))))))))) (, ,) (CC but) (VP (VBZ is) (ADJP (JJ appropriate)) (PP (IN for) (NP (NP (NN laboratory) (NNS substances)) (VP (VBN contaminated) (PP (IN with) (NP (JJ infectious) (NNS organisms)))))))) (. .))",,110,",""What is steam sterilization good for?",Any waste Lab waste,Lab waste,0,11,Ġit,1.0,0,1.0,True
36,"Steam sterilization is limited in the types of medical waste it can treat, but is appropriate for laboratory substances contaminated with infectious organisms.",False,"(S (NP (NN Steam) (NN sterilization)) (VP (VP (VBZ is) (ADJP (ADJP (JJ limited)) (PP (IN in) (NP (NP (DT the) (NNS types)) (PP (IN of) (NP (JJ medical) (NN waste))) (SBAR (S (NP (PRP it)) (VP (MD can) (VP (VB treat))))))))) (, ,) (CC but) (VP (VBZ is) (ADJP (JJ appropriate)) (PP (IN for) (NP (NP (NN laboratory) (NNS substances)) (VP (VBN contaminated) (PP (IN with) (NP (JJ infectious) (NNS organisms)))))))) (. .))",,110,",""What is steam sterilization good for?",Any waste Lab waste,Lab waste,0,12,Ġcan,1.0,0,1.0,True
36,"Steam sterilization is limited in the types of medical waste it can treat, but is appropriate for laboratory substances contaminated with infectious organisms.",False,"(S (NP (NN Steam) (NN sterilization)) (VP (VP (VBZ is) (ADJP (ADJP (JJ limited)) (PP (IN in) (NP (NP (DT the) (NNS types)) (PP (IN of) (NP (JJ medical) (NN waste))) (SBAR (S (NP (PRP it)) (VP (MD can) (VP (VB treat))))))))) (, ,) (CC but) (VP (VBZ is) (ADJP (JJ appropriate)) (PP (IN for) (NP (NP (NN laboratory) (NNS substances)) (VP (VBN contaminated) (PP (IN with) (NP (JJ infectious) (NNS organisms)))))))) (. .))",,110,",""What is steam sterilization good for?",Any waste Lab waste,Lab waste,0,13,Ġtreat,1.0,0,1.0,True
36,"Steam sterilization is limited in the types of medical waste it can treat, but is appropriate for laboratory substances contaminated with infectious organisms.",False,"(S (NP (NN Steam) (NN sterilization)) (VP (VP (VBZ is) (ADJP (ADJP (JJ limited)) (PP (IN in) (NP (NP (DT the) (NNS types)) (PP (IN of) (NP (JJ medical) (NN waste))) (SBAR (S (NP (PRP it)) (VP (MD can) (VP (VB treat))))))))) (, ,) (CC but) (VP (VBZ is) (ADJP (JJ appropriate)) (PP (IN for) (NP (NP (NN laboratory) (NNS substances)) (VP (VBN contaminated) (PP (IN with) (NP (JJ infectious) (NNS organisms)))))))) (. .))",,110,",""What is steam sterilization good for?",Any waste Lab waste,Lab waste,0,14,",",1.0,0,1.0,True
36,"Steam sterilization is limited in the types of medical waste it can treat, but is appropriate for laboratory substances contaminated with infectious organisms.",False,"(S (NP (NN Steam) (NN sterilization)) (VP (VP (VBZ is) (ADJP (ADJP (JJ limited)) (PP (IN in) (NP (NP (DT the) (NNS types)) (PP (IN of) (NP (JJ medical) (NN waste))) (SBAR (S (NP (PRP it)) (VP (MD can) (VP (VB treat))))))))) (, ,) (CC but) (VP (VBZ is) (ADJP (JJ appropriate)) (PP (IN for) (NP (NP (NN laboratory) (NNS substances)) (VP (VBN contaminated) (PP (IN with) (NP (JJ infectious) (NNS organisms)))))))) (. .))",,110,",""What is steam sterilization good for?",Any waste Lab waste,Lab waste,0,15,Ġbut,1.0,0,1.0,True
36,"Steam sterilization is limited in the types of medical waste it can treat, but is appropriate for laboratory substances contaminated with infectious organisms.",False,"(S (NP (NN Steam) (NN sterilization)) (VP (VP (VBZ is) (ADJP (ADJP (JJ limited)) (PP (IN in) (NP (NP (DT the) (NNS types)) (PP (IN of) (NP (JJ medical) (NN waste))) (SBAR (S (NP (PRP it)) (VP (MD can) (VP (VB treat))))))))) (, ,) (CC but) (VP (VBZ is) (ADJP (JJ appropriate)) (PP (IN for) (NP (NP (NN laboratory) (NNS substances)) (VP (VBN contaminated) (PP (IN with) (NP (JJ infectious) (NNS organisms)))))))) (. .))",,110,",""What is steam sterilization good for?",Any waste Lab waste,Lab waste,0,16,Ġis,1.0,0,1.0,True
36,"Steam sterilization is limited in the types of medical waste it can treat, but is appropriate for laboratory substances contaminated with infectious organisms.",False,"(S (NP (NN Steam) (NN sterilization)) (VP (VP (VBZ is) (ADJP (ADJP (JJ limited)) (PP (IN in) (NP (NP (DT the) (NNS types)) (PP (IN of) (NP (JJ medical) (NN waste))) (SBAR (S (NP (PRP it)) (VP (MD can) (VP (VB treat))))))))) (, ,) (CC but) (VP (VBZ is) (ADJP (JJ appropriate)) (PP (IN for) (NP (NP (NN laboratory) (NNS substances)) (VP (VBN contaminated) (PP (IN with) (NP (JJ infectious) (NNS organisms)))))))) (. .))",,110,",""What is steam sterilization good for?",Any waste Lab waste,Lab waste,0,17,Ġappropriate,1.0,0,1.0,True
36,"Steam sterilization is limited in the types of medical waste it can treat, but is appropriate for laboratory substances contaminated with infectious organisms.",False,"(S (NP (NN Steam) (NN sterilization)) (VP (VP (VBZ is) (ADJP (ADJP (JJ limited)) (PP (IN in) (NP (NP (DT the) (NNS types)) (PP (IN of) (NP (JJ medical) (NN waste))) (SBAR (S (NP (PRP it)) (VP (MD can) (VP (VB treat))))))))) (, ,) (CC but) (VP (VBZ is) (ADJP (JJ appropriate)) (PP (IN for) (NP (NP (NN laboratory) (NNS substances)) (VP (VBN contaminated) (PP (IN with) (NP (JJ infectious) (NNS organisms)))))))) (. .))",,110,",""What is steam sterilization good for?",Any waste Lab waste,Lab waste,0,18,Ġfor,1.0,0,1.0,True
36,"Steam sterilization is limited in the types of medical waste it can treat, but is appropriate for laboratory substances contaminated with infectious organisms.",False,"(S (NP (NN Steam) (NN sterilization)) (VP (VP (VBZ is) (ADJP (ADJP (JJ limited)) (PP (IN in) (NP (NP (DT the) (NNS types)) (PP (IN of) (NP (JJ medical) (NN waste))) (SBAR (S (NP (PRP it)) (VP (MD can) (VP (VB treat))))))))) (, ,) (CC but) (VP (VBZ is) (ADJP (JJ appropriate)) (PP (IN for) (NP (NP (NN laboratory) (NNS substances)) (VP (VBN contaminated) (PP (IN with) (NP (JJ infectious) (NNS organisms)))))))) (. .))",,110,",""What is steam sterilization good for?",Any waste Lab waste,Lab waste,0,19,Ġlaboratory,1.0,0,1.0,True
36,"Steam sterilization is limited in the types of medical waste it can treat, but is appropriate for laboratory substances contaminated with infectious organisms.",False,"(S (NP (NN Steam) (NN sterilization)) (VP (VP (VBZ is) (ADJP (ADJP (JJ limited)) (PP (IN in) (NP (NP (DT the) (NNS types)) (PP (IN of) (NP (JJ medical) (NN waste))) (SBAR (S (NP (PRP it)) (VP (MD can) (VP (VB treat))))))))) (, ,) (CC but) (VP (VBZ is) (ADJP (JJ appropriate)) (PP (IN for) (NP (NP (NN laboratory) (NNS substances)) (VP (VBN contaminated) (PP (IN with) (NP (JJ infectious) (NNS organisms)))))))) (. .))",,110,",""What is steam sterilization good for?",Any waste Lab waste,Lab waste,0,20,Ġsubstances,1.0,0,1.0,True
36,"Steam sterilization is limited in the types of medical waste it can treat, but is appropriate for laboratory substances contaminated with infectious organisms.",False,"(S (NP (NN Steam) (NN sterilization)) (VP (VP (VBZ is) (ADJP (ADJP (JJ limited)) (PP (IN in) (NP (NP (DT the) (NNS types)) (PP (IN of) (NP (JJ medical) (NN waste))) (SBAR (S (NP (PRP it)) (VP (MD can) (VP (VB treat))))))))) (, ,) (CC but) (VP (VBZ is) (ADJP (JJ appropriate)) (PP (IN for) (NP (NP (NN laboratory) (NNS substances)) (VP (VBN contaminated) (PP (IN with) (NP (JJ infectious) (NNS organisms)))))))) (. .))",,110,",""What is steam sterilization good for?",Any waste Lab waste,Lab waste,0,21,Ġcontaminated,1.0,0,1.0,True
36,"Steam sterilization is limited in the types of medical waste it can treat, but is appropriate for laboratory substances contaminated with infectious organisms.",False,"(S (NP (NN Steam) (NN sterilization)) (VP (VP (VBZ is) (ADJP (ADJP (JJ limited)) (PP (IN in) (NP (NP (DT the) (NNS types)) (PP (IN of) (NP (JJ medical) (NN waste))) (SBAR (S (NP (PRP it)) (VP (MD can) (VP (VB treat))))))))) (, ,) (CC but) (VP (VBZ is) (ADJP (JJ appropriate)) (PP (IN for) (NP (NP (NN laboratory) (NNS substances)) (VP (VBN contaminated) (PP (IN with) (NP (JJ infectious) (NNS organisms)))))))) (. .))",,110,",""What is steam sterilization good for?",Any waste Lab waste,Lab waste,0,22,Ġwith,1.0,0,1.0,True
36,"Steam sterilization is limited in the types of medical waste it can treat, but is appropriate for laboratory substances contaminated with infectious organisms.",False,"(S (NP (NN Steam) (NN sterilization)) (VP (VP (VBZ is) (ADJP (ADJP (JJ limited)) (PP (IN in) (NP (NP (DT the) (NNS types)) (PP (IN of) (NP (JJ medical) (NN waste))) (SBAR (S (NP (PRP it)) (VP (MD can) (VP (VB treat))))))))) (, ,) (CC but) (VP (VBZ is) (ADJP (JJ appropriate)) (PP (IN for) (NP (NP (NN laboratory) (NNS substances)) (VP (VBN contaminated) (PP (IN with) (NP (JJ infectious) (NNS organisms)))))))) (. .))",,110,",""What is steam sterilization good for?",Any waste Lab waste,Lab waste,0,23,Ġinfectious,1.0,0,1.0,True
36,"Steam sterilization is limited in the types of medical waste it can treat, but is appropriate for laboratory substances contaminated with infectious organisms.",False,"(S (NP (NN Steam) (NN sterilization)) (VP (VP (VBZ is) (ADJP (ADJP (JJ limited)) (PP (IN in) (NP (NP (DT the) (NNS types)) (PP (IN of) (NP (JJ medical) (NN waste))) (SBAR (S (NP (PRP it)) (VP (MD can) (VP (VB treat))))))))) (, ,) (CC but) (VP (VBZ is) (ADJP (JJ appropriate)) (PP (IN for) (NP (NP (NN laboratory) (NNS substances)) (VP (VBN contaminated) (PP (IN with) (NP (JJ infectious) (NNS organisms)))))))) (. .))",,110,",""What is steam sterilization good for?",Any waste Lab waste,Lab waste,0,24,Ġorganisms,1.0,0,1.0,True
36,"Steam sterilization is limited in the types of medical waste it can treat, but is appropriate for laboratory substances contaminated with infectious organisms.",False,"(S (NP (NN Steam) (NN sterilization)) (VP (VP (VBZ is) (ADJP (ADJP (JJ limited)) (PP (IN in) (NP (NP (DT the) (NNS types)) (PP (IN of) (NP (JJ medical) (NN waste))) (SBAR (S (NP (PRP it)) (VP (MD can) (VP (VB treat))))))))) (, ,) (CC but) (VP (VBZ is) (ADJP (JJ appropriate)) (PP (IN for) (NP (NP (NN laboratory) (NNS substances)) (VP (VBN contaminated) (PP (IN with) (NP (JJ infectious) (NNS organisms)))))))) (. .))",,110,",""What is steam sterilization good for?",Any waste Lab waste,Lab waste,0,25,.,1.0,0,1.0,True
37,"From coal to cars, Chinese floods tangle supply chains worldwide.",False,"(S (PP (PP (IN From) (NP (NN coal))) (PP (TO to) (NP (NNS cars)))) (, ,) (NP (JJ Chinese) (NNS floods)) (VP (VBP tangle) (NP (NN supply) (NNS chains)) (ADVP (RB worldwide))) (. .))",,111,""",""Do the floods have a global economic effect?",Yes No,No,1,0,From,1.0,0,1.0,True
37,"From coal to cars, Chinese floods tangle supply chains worldwide.",False,"(S (PP (PP (IN From) (NP (NN coal))) (PP (TO to) (NP (NNS cars)))) (, ,) (NP (JJ Chinese) (NNS floods)) (VP (VBP tangle) (NP (NN supply) (NNS chains)) (ADVP (RB worldwide))) (. .))",,111,""",""Do the floods have a global economic effect?",Yes No,No,1,1,Ġcoal,1.0,0,1.0,True
37,"From coal to cars, Chinese floods tangle supply chains worldwide.",False,"(S (PP (PP (IN From) (NP (NN coal))) (PP (TO to) (NP (NNS cars)))) (, ,) (NP (JJ Chinese) (NNS floods)) (VP (VBP tangle) (NP (NN supply) (NNS chains)) (ADVP (RB worldwide))) (. .))",,111,""",""Do the floods have a global economic effect?",Yes No,No,1,2,Ġto,1.0,0,1.0,True
37,"From coal to cars, Chinese floods tangle supply chains worldwide.",False,"(S (PP (PP (IN From) (NP (NN coal))) (PP (TO to) (NP (NNS cars)))) (, ,) (NP (JJ Chinese) (NNS floods)) (VP (VBP tangle) (NP (NN supply) (NNS chains)) (ADVP (RB worldwide))) (. .))",,111,""",""Do the floods have a global economic effect?",Yes No,No,1,3,Ġcars,1.0,0,1.0,True
37,"From coal to cars, Chinese floods tangle supply chains worldwide.",False,"(S (PP (PP (IN From) (NP (NN coal))) (PP (TO to) (NP (NNS cars)))) (, ,) (NP (JJ Chinese) (NNS floods)) (VP (VBP tangle) (NP (NN supply) (NNS chains)) (ADVP (RB worldwide))) (. .))",,111,""",""Do the floods have a global economic effect?",Yes No,No,1,4,",",1.0,0,1.0,True
37,"From coal to cars, Chinese floods tangle supply chains worldwide.",False,"(S (PP (PP (IN From) (NP (NN coal))) (PP (TO to) (NP (NNS cars)))) (, ,) (NP (JJ Chinese) (NNS floods)) (VP (VBP tangle) (NP (NN supply) (NNS chains)) (ADVP (RB worldwide))) (. .))",,111,""",""Do the floods have a global economic effect?",Yes No,No,1,5,ĠChinese,1.0,0,1.0,True
37,"From coal to cars, Chinese floods tangle supply chains worldwide.",False,"(S (PP (PP (IN From) (NP (NN coal))) (PP (TO to) (NP (NNS cars)))) (, ,) (NP (JJ Chinese) (NNS floods)) (VP (VBP tangle) (NP (NN supply) (NNS chains)) (ADVP (RB worldwide))) (. .))",,111,""",""Do the floods have a global economic effect?",Yes No,No,1,6,Ġfloods,1.0,0,1.0,True
37,"From coal to cars, Chinese floods tangle supply chains worldwide.",False,"(S (PP (PP (IN From) (NP (NN coal))) (PP (TO to) (NP (NNS cars)))) (, ,) (NP (JJ Chinese) (NNS floods)) (VP (VBP tangle) (NP (NN supply) (NNS chains)) (ADVP (RB worldwide))) (. .))",,111,""",""Do the floods have a global economic effect?",Yes No,No,1,7,Ġt,1.0,0,1.0,True
37,"From coal to cars, Chinese floods tangle supply chains worldwide.",False,"(S (PP (PP (IN From) (NP (NN coal))) (PP (TO to) (NP (NNS cars)))) (, ,) (NP (JJ Chinese) (NNS floods)) (VP (VBP tangle) (NP (NN supply) (NNS chains)) (ADVP (RB worldwide))) (. .))",,111,""",""Do the floods have a global economic effect?",Yes No,No,1,8,angle,1.0,0,1.0,True
37,"From coal to cars, Chinese floods tangle supply chains worldwide.",False,"(S (PP (PP (IN From) (NP (NN coal))) (PP (TO to) (NP (NNS cars)))) (, ,) (NP (JJ Chinese) (NNS floods)) (VP (VBP tangle) (NP (NN supply) (NNS chains)) (ADVP (RB worldwide))) (. .))",,111,""",""Do the floods have a global economic effect?",Yes No,No,1,9,Ġsupply,1.0,0,1.0,True
37,"From coal to cars, Chinese floods tangle supply chains worldwide.",False,"(S (PP (PP (IN From) (NP (NN coal))) (PP (TO to) (NP (NNS cars)))) (, ,) (NP (JJ Chinese) (NNS floods)) (VP (VBP tangle) (NP (NN supply) (NNS chains)) (ADVP (RB worldwide))) (. .))",,111,""",""Do the floods have a global economic effect?",Yes No,No,1,10,Ġchains,1.0,0,1.0,True
37,"From coal to cars, Chinese floods tangle supply chains worldwide.",False,"(S (PP (PP (IN From) (NP (NN coal))) (PP (TO to) (NP (NNS cars)))) (, ,) (NP (JJ Chinese) (NNS floods)) (VP (VBP tangle) (NP (NN supply) (NNS chains)) (ADVP (RB worldwide))) (. .))",,111,""",""Do the floods have a global economic effect?",Yes No,No,1,11,Ġworldwide,1.0,0,1.0,True
37,"From coal to cars, Chinese floods tangle supply chains worldwide.",False,"(S (PP (PP (IN From) (NP (NN coal))) (PP (TO to) (NP (NNS cars)))) (, ,) (NP (JJ Chinese) (NNS floods)) (VP (VBP tangle) (NP (NN supply) (NNS chains)) (ADVP (RB worldwide))) (. .))",,111,""",""Do the floods have a global economic effect?",Yes No,No,1,12,.,1.0,0,1.0,True
38,This new film marks 10 years since the death of the superstar.,False,(S (NP (DT This) (JJ new) (NN film)) (VP (VBZ marks) (NP (NP (CD 10) (NNS years)) (PP (IN since) (NP (NP (DT the) (NN death)) (PP (IN of) (NP (DT the) (NN superstar))))))) (. .)),,112,""",""How long has the artist passed away?",For only a few years,For about a decade,0,0,This,1.0,0,1.0,True
38,This new film marks 10 years since the death of the superstar.,False,(S (NP (DT This) (JJ new) (NN film)) (VP (VBZ marks) (NP (NP (CD 10) (NNS years)) (PP (IN since) (NP (NP (DT the) (NN death)) (PP (IN of) (NP (DT the) (NN superstar))))))) (. .)),,112,""",""How long has the artist passed away?",For only a few years,For about a decade,0,1,Ġnew,1.0,0,1.0,True
38,This new film marks 10 years since the death of the superstar.,False,(S (NP (DT This) (JJ new) (NN film)) (VP (VBZ marks) (NP (NP (CD 10) (NNS years)) (PP (IN since) (NP (NP (DT the) (NN death)) (PP (IN of) (NP (DT the) (NN superstar))))))) (. .)),,112,""",""How long has the artist passed away?",For only a few years,For about a decade,0,2,Ġfilm,1.0,0,1.0,True
38,This new film marks 10 years since the death of the superstar.,False,(S (NP (DT This) (JJ new) (NN film)) (VP (VBZ marks) (NP (NP (CD 10) (NNS years)) (PP (IN since) (NP (NP (DT the) (NN death)) (PP (IN of) (NP (DT the) (NN superstar))))))) (. .)),,112,""",""How long has the artist passed away?",For only a few years,For about a decade,0,3,Ġmarks,1.0,0,1.0,True
38,This new film marks 10 years since the death of the superstar.,False,(S (NP (DT This) (JJ new) (NN film)) (VP (VBZ marks) (NP (NP (CD 10) (NNS years)) (PP (IN since) (NP (NP (DT the) (NN death)) (PP (IN of) (NP (DT the) (NN superstar))))))) (. .)),,112,""",""How long has the artist passed away?",For only a few years,For about a decade,0,4,Ġ10,1.0,0,1.0,True
38,This new film marks 10 years since the death of the superstar.,False,(S (NP (DT This) (JJ new) (NN film)) (VP (VBZ marks) (NP (NP (CD 10) (NNS years)) (PP (IN since) (NP (NP (DT the) (NN death)) (PP (IN of) (NP (DT the) (NN superstar))))))) (. .)),,112,""",""How long has the artist passed away?",For only a few years,For about a decade,0,5,Ġyears,1.0,0,1.0,True
38,This new film marks 10 years since the death of the superstar.,False,(S (NP (DT This) (JJ new) (NN film)) (VP (VBZ marks) (NP (NP (CD 10) (NNS years)) (PP (IN since) (NP (NP (DT the) (NN death)) (PP (IN of) (NP (DT the) (NN superstar))))))) (. .)),,112,""",""How long has the artist passed away?",For only a few years,For about a decade,0,6,Ġsince,1.0,0,1.0,True
38,This new film marks 10 years since the death of the superstar.,False,(S (NP (DT This) (JJ new) (NN film)) (VP (VBZ marks) (NP (NP (CD 10) (NNS years)) (PP (IN since) (NP (NP (DT the) (NN death)) (PP (IN of) (NP (DT the) (NN superstar))))))) (. .)),,112,""",""How long has the artist passed away?",For only a few years,For about a decade,0,7,Ġthe,1.0,0,1.0,True
38,This new film marks 10 years since the death of the superstar.,False,(S (NP (DT This) (JJ new) (NN film)) (VP (VBZ marks) (NP (NP (CD 10) (NNS years)) (PP (IN since) (NP (NP (DT the) (NN death)) (PP (IN of) (NP (DT the) (NN superstar))))))) (. .)),,112,""",""How long has the artist passed away?",For only a few years,For about a decade,0,8,Ġdeath,1.0,0,1.0,True
38,This new film marks 10 years since the death of the superstar.,False,(S (NP (DT This) (JJ new) (NN film)) (VP (VBZ marks) (NP (NP (CD 10) (NNS years)) (PP (IN since) (NP (NP (DT the) (NN death)) (PP (IN of) (NP (DT the) (NN superstar))))))) (. .)),,112,""",""How long has the artist passed away?",For only a few years,For about a decade,0,9,Ġof,1.0,0,1.0,True
38,This new film marks 10 years since the death of the superstar.,False,(S (NP (DT This) (JJ new) (NN film)) (VP (VBZ marks) (NP (NP (CD 10) (NNS years)) (PP (IN since) (NP (NP (DT the) (NN death)) (PP (IN of) (NP (DT the) (NN superstar))))))) (. .)),,112,""",""How long has the artist passed away?",For only a few years,For about a decade,0,10,Ġthe,1.0,0,1.0,True
38,This new film marks 10 years since the death of the superstar.,False,(S (NP (DT This) (JJ new) (NN film)) (VP (VBZ marks) (NP (NP (CD 10) (NNS years)) (PP (IN since) (NP (NP (DT the) (NN death)) (PP (IN of) (NP (DT the) (NN superstar))))))) (. .)),,112,""",""How long has the artist passed away?",For only a few years,For about a decade,0,11,Ġsuperstar,1.0,0,1.0,True
38,This new film marks 10 years since the death of the superstar.,False,(S (NP (DT This) (JJ new) (NN film)) (VP (VBZ marks) (NP (NP (CD 10) (NNS years)) (PP (IN since) (NP (NP (DT the) (NN death)) (PP (IN of) (NP (DT the) (NN superstar))))))) (. .)),,112,""",""How long has the artist passed away?",For only a few years,For about a decade,0,12,.,1.0,0,1.0,True
